organizationid,organizationname,locationid,locationname,categoryid,categoryname,menuitemid,menuitemname,catalogid,itemunitprice,price_changed_on,item_class_type,entitytype,calories,protein,sugar,fat,is_alcoholic,is_vegetarian_item,is_vegan_item,has_allergen,is_active,is_deleted,gms_created_on,gms_modified_on,sysinserttime,average_rating,rating_count,norm_ts_name
org-d4efebe6-0ab3-4f44-a113-b9653a58c1d2,GRUBBRR Demos,loc-2bd29e8d-b962-472e-9e01-1ff06b6f9172,Fat Slice Demo,cat-0e2ed811-df7a-4eb4-b9b5-dcfcb1d25cea,Pizza,itm-7f723823-fd47-4d77-8570-b4f6d8986d4d,Melt Cheesesteak,catlg-02cb3174-d197-4ae1-85da-53698e66d63b,NULL,NULL,0,Item,,NULL,NULL,NULL,False,NULL,NULL,NULL,True,True,2025-12-24 14:58:08.208856,2025-12-24 14:58:08.208856,2026-05-12 14:35:54.174971,NULL,NULL,cheesesteak melt
org-d4efebe6-0ab3-4f44-a113-b9653a58c1d2,GRUBBRR Demos,loc-2bd29e8d-b962-472e-9e01-1ff06b6f9172,Fat Slice Demo,cat-0e2ed811-df7a-4eb4-b9b5-dcfcb1d25cea,Pizza,itm-289a73bc-1e90-4630-af92-8946dc0144a6,BBQ Chicken Pizza,catlg-02cb3174-d197-4ae1-85da-53698e66d63b,1.0000,2025-12-24 15:39:34.837212,0,Item,,NULL,NULL,NULL,False,NULL,NULL,NULL,True,False,2025-12-24 14:58:08.208856,2025-12-24 15:38:21.403713,2026-05-12 14:35:54.174971,NULL,NULL,bbq chicken pizza
org-d4efebe6-0ab3-4f44-a113-b9653a58c1d2,GRUBBRR Demos,loc-2bd29e8d-b962-472e-9e01-1ff06b6f9172,Fat Slice Demo,cat-19efd949-c0f9-411e-9d7b-57b88a7fbae7,School Lunch,itm-45eed692-cb4c-4b76-a608-4471e2307fa6,Pepperoni Pizza,catlg-02cb3174-d197-4ae1-85da-53698e66d63b,NULL,NULL,0,Item,,NULL,NULL,NULL,False,NULL,NULL,NULL,True,True,2025-12-24 14:58:08.208856,2025-12-24 14:58:08.208856,2026-05-12 14:35:54.174971,NULL,NULL,pepperoni pizza
org-d4efebe6-0ab3-4f44-a113-b9653a58c1d2,GRUBBRR Demos,loc-2bd29e8d-b962-472e-9e01-1ff06b6f9172,Fat Slice Demo,cat-347eafd6-12d2-4222-af1a-54387ed89814,WingStreet,itm-f8995909-25c0-465a-ac28-fc421adf9633,Naked,catlg-02cb3174-d197-4ae1-85da-53698e66d63b,5.0000,2025-12-24 15:39:29.403743,0,Item,,NULL,NULL,NULL,False,NULL,NULL,NULL,True,False,2025-12-24 14:58:08.208856,2026-03-26 21:42:55.429967,2026-05-12 14:35:54.174971,NULL,NULL,naked
org-d4efebe6-0ab3-4f44-a113-b9653a58c1d2,GRUBBRR Demos,loc-2bd29e8d-b962-472e-9e01-1ff06b6f9172,Fat Slice Demo,cat-347eafd6-12d2-4222-af1a-54387ed89814,WingStreet,itm-409dc07c-1b2f-4383-875e-f7009c54a026,Apple Pies,catlg-02cb3174-d197-4ae1-85da-53698e66d63b,5.0000,2025-12-24 15:39:18.701063,0,Item,,NULL,NULL,NULL,False,NULL,NULL,NULL,True,False,2025-12-24 14:58:08.208856,2026-03-26 21:38:32.977824,2026-05-12 14:35:54.174971,NULL,NULL,apple pies
org-d4efebe6-0ab3-4f44-a113-b9653a58c1d2,GRUBBRR Demos,loc-2bd29e8d-b962-472e-9e01-1ff06b6f9172,Fat Slice Demo,cat-1852958f-c5d8-4ff0-99c2-eede6e11765b,Appetizer,itm-0c61c619-3a31-45a1-9437-14671b0d13d2,Ranch Dip Cup,catlg-02cb3174-d197-4ae1-85da-53698e66d63b,0.4000,2025-12-24 15:39:19.434448,0,Item,,NULL,NULL,NULL,False,NULL,NULL,NULL,True,False,2025-12-24 14:58:08.208856,2025-12-24 15:38:21.403736,2026-05-12 14:35:54.174971,NULL,NULL,cup dip ranch
org-d4efebe6-0ab3-4f44-a113-b9653a58c1d2,GRUBBRR Demos,loc-2bd29e8d-b962-472e-9e01-1ff06b6f9172,Fat Slice Demo,cat-347eafd6-12d2-4222-af1a-54387ed89814,WingStreet,itm-973f958f-4172-45d4-8cfe-93327ee4592b,Nashville Hot Seasoning,catlg-02cb3174-d197-4ae1-85da-53698e66d63b,10.0000,2025-12-24 15:39:19.490615,0,Item,,NULL,NULL,NULL,False,NULL,NULL,NULL,True,False,2025-12-24 14:58:08.208856,2025-12-24 15:38:21.403721,2026-05-12 14:35:54.174971,NULL,NULL,hot nashville seasoning
org-d4efebe6-0ab3-4f44-a113-b9653a58c1d2,GRUBBRR Demos,loc-2bd29e8d-b962-472e-9e01-1ff06b6f9172,Fat Slice Demo,cat-0e2ed811-df7a-4eb4-b9b5-dcfcb1d25cea,Pizza,itm-ba30bcce-2e14-4e73-951e-2504a2695614,Pesto Margherita Pizza,catlg-02cb3174-d197-4ae1-85da-53698e66d63b,1.9900,2025-12-24 15:39:34.41339,0,Item,,NULL,NULL,NULL,False,NULL,NULL,NULL,True,False,2025-12-24 14:58:08.208856,2025-12-24 15:38:21.403717,2026-05-12 14:35:54.174971,NULL,NULL,margherita pesto pizza
org-d4efebe6-0ab3-4f44-a113-b9653a58c1d2,GRUBBRR Demos,loc-2bd29e8d-b962-472e-9e01-1ff06b6f9172,Fat Slice Demo,cat-1852958f-c5d8-4ff0-99c2-eede6e11765b,Appetizer,itm-02802b8a-d784-41d3-96e2-8d21301421eb,Roasted Garlic Cheese Sticks,catlg-02cb3174-d197-4ae1-85da-53698e66d63b,4.9900,2025-12-24 15:39:18.312772,0,Item,,NULL,NULL,NULL,False,NULL,NULL,NULL,True,False,2025-12-24 14:58:08.208856,2026-03-26 21:12:22.050158,2026-05-12 14:35:54.174971,NULL,NULL,cheese garlic roasted sticks
org-d4efebe6-0ab3-4f44-a113-b9653a58c1d2,GRUBBRR Demos,loc-2bd29e8d-b962-472e-9e01-1ff06b6f9172,Fat Slice Demo,cat-19efd949-c0f9-411e-9d7b-57b88a7fbae7,School Lunch,itm-676aafd6-313f-41ca-a5d8-a008ddedc02f,Cheese Pizza,catlg-02cb3174-d197-4ae1-85da-53698e66d63b,NULL,NULL,0,Item,,NULL,NULL,NULL,False,NULL,NULL,NULL,True,True,2025-12-24 14:58:08.208856,2025-12-24 14:58:08.208856,2026-05-12 14:35:54.174971,NULL,NULL,cheese pizza
org-d4efebe6-0ab3-4f44-a113-b9653a58c1d2,GRUBBRR Demos,loc-2bd29e8d-b962-472e-9e01-1ff06b6f9172,Fat Slice Demo,cat-1852958f-c5d8-4ff0-99c2-eede6e11765b,Appetizer,itm-b326ff64-7c17-4b92-8b2e-0532cf10c170,Extra Sauce,catlg-02cb3174-d197-4ae1-85da-53698e66d63b,NULL,NULL,0,Item,,NULL,NULL,NULL,False,NULL,NULL,NULL,True,False,2025-12-24 14:58:08.208856,2025-12-24 15:38:21.403734,2026-05-12 14:35:54.174971,NULL,NULL,extra sauce
org-d4efebe6-0ab3-4f44-a113-b9653a58c1d2,GRUBBRR Demos,loc-2bd29e8d-b962-472e-9e01-1ff06b6f9172,Fat Slice Demo,cat-0e2ed811-df7a-4eb4-b9b5-dcfcb1d25cea,Pizza,itm-2306ebca-2ce9-46b6-bcc9-358711693abe,Pepperoni Lover's  Melt,catlg-02cb3174-d197-4ae1-85da-53698e66d63b,1.0000,2025-12-24 15:39:25.398233,0,Item,,NULL,NULL,NULL,False,NULL,NULL,NULL,True,False,2025-12-24 14:58:08.208856,2025-12-24 15:38:21.403712,2026-05-12 14:35:54.174971,NULL,NULL,lover melt pepperoni s
org-d4efebe6-0ab3-4f44-a113-b9653a58c1d2,GRUBBRR Demos,loc-2bd29e8d-b962-472e-9e01-1ff06b6f9172,Fat Slice Demo,cat-54ff2a92-dbd8-4ca1-936c-f8148b7dd72f,Buffet,itm-0e699b28-285f-4de2-ace9-c2f38f30edf4,Buffet,catlg-02cb3174-d197-4ae1-85da-53698e66d63b,NULL,NULL,0,Item,,NULL,NULL,NULL,False,NULL,NULL,NULL,True,True,2025-12-24 14:58:08.208856,2025-12-24 14:58:08.208856,2026-05-12 14:35:54.174971,NULL,NULL,buffet
org-d4efebe6-0ab3-4f44-a113-b9653a58c1d2,GRUBBRR Demos,loc-2bd29e8d-b962-472e-9e01-1ff06b6f9172,Fat Slice Demo,cat-1aa62ced-f350-45ae-b929-92ea1432e130,Dessert,itm-48d348f8-3a8f-4338-a8fd-5252fae08318,Triple Chocolate Brownie Now,catlg-02cb3174-d197-4ae1-85da-53698e66d63b,NULL,NULL,0,Item,,NULL,NULL,NULL,False,NULL,NULL,NULL,True,False,2025-12-24 14:58:08.208856,2025-12-24 15:38:21.403741,2026-05-12 14:35:54.174971,NULL,NULL,brownie chocolate now triple
org-d4efebe6-0ab3-4f44-a113-b9653a58c1d2,GRUBBRR Demos,loc-2bd29e8d-b962-472e-9e01-1ff06b6f9172,Fat Slice Demo,cat-0e2ed811-df7a-4eb4-b9b5-dcfcb1d25cea,Pizza,itm-0cd2c318-4b64-4a8c-87c5-4dd8283ef921,Veggie Lover's  Pizza,catlg-02cb3174-d197-4ae1-85da-53698e66d63b,1.0000,2025-12-24 15:39:34.802541,0,Item,,NULL,NULL,NULL,False,NULL,NULL,NULL,True,False,2025-12-24 14:58:08.208856,2026-03-26 20:40:41.581159,2026-05-12 14:35:54.174971,NULL,NULL,lover pizza s veggie
org-d4efebe6-0ab3-4f44-a113-b9653a58c1d2,GRUBBRR Demos,loc-2bd29e8d-b962-472e-9e01-1ff06b6f9172,Fat Slice Demo,cat-347eafd6-12d2-4222-af1a-54387ed89814,WingStreet,itm-1c273290-e80a-445e-aa6c-aadccdfdc256,Hawaiian Teriyaki,catlg-02cb3174-d197-4ae1-85da-53698e66d63b,NULL,NULL,0,Item,,NULL,NULL,NULL,False,NULL,NULL,NULL,True,True,2025-12-24 14:58:08.208856,2025-12-24 14:58:08.208856,2026-05-12 14:35:54.174971,NULL,NULL,hawaiian teriyaki
org-d4efebe6-0ab3-4f44-a113-b9653a58c1d2,GRUBBRR Demos,loc-2bd29e8d-b962-472e-9e01-1ff06b6f9172,Fat Slice Demo,cat-8c0d002c-40a4-4cd6-bec4-f568c002742d,Premium B,itm-cd3254be-729a-41ce-b95f-8ad5e7fdcec3,Upgrade,catlg-02cb3174-d197-4ae1-85da-53698e66d63b,NULL,NULL,0,Item,,NULL,NULL,NULL,False,NULL,NULL,NULL,True,True,2025-12-24 14:58:08.208856,2025-12-24 14:58:08.208856,2026-05-12 14:35:54.174971,NULL,NULL,upgrade
org-d4efebe6-0ab3-4f44-a113-b9653a58c1d2,GRUBBRR Demos,loc-2bd29e8d-b962-472e-9e01-1ff06b6f9172,Fat Slice Demo,cat-0e2ed811-df7a-4eb4-b9b5-dcfcb1d25cea,Pizza,itm-55a6f6e9-cfce-4f21-96ff-5f81cabb0eae,Pepperoni Duo Pizza,catlg-02cb3174-d197-4ae1-85da-53698e66d63b,1.0000,2025-12-24 15:39:34.929915,0,Item,,NULL,NULL,NULL,False,NULL,NULL,NULL,True,False,2025-12-24 14:58:08.208856,2025-12-24 15:38:21.403716,2026-05-12 14:35:54.174971,NULL,NULL,duo pepperoni pizza
org-d4efebe6-0ab3-4f44-a113-b9653a58c1d2,GRUBBRR Demos,loc-2bd29e8d-b962-472e-9e01-1ff06b6f9172,Fat Slice Demo,cat-248f6668-5b2f-4d1d-88d4-291504a00663,Tavern Style Recipes,itm-ba30bcce-2e14-4e73-951e-2504a2695614,Pesto Margherita Pizza,catlg-02cb3174-d197-4ae1-85da-53698e66d63b,1.9900,2025-12-24 15:39:34.41339,0,Item,,NULL,NULL,NULL,False,NULL,NULL,NULL,True,False,2025-12-24 14:58:08.208856,2025-12-24 15:38:21.403717,2026-05-12 14:35:54.174971,NULL,NULL,margherita pesto pizza
org-d4efebe6-0ab3-4f44-a113-b9653a58c1d2,GRUBBRR Demos,loc-2bd29e8d-b962-472e-9e01-1ff06b6f9172,Fat Slice Demo,cat-75024c9b-8ed2-4387-aec2-dbd7e7f1de73,Carryout Drinks,itm-db003a9c-10da-4486-8aa1-a856d08adbc2,Pepsi  Zero Sugar,catlg-02cb3174-d197-4ae1-85da-53698e66d63b,NULL,NULL,0,Item,,NULL,NULL,NULL,False,NULL,NULL,NULL,True,True,2025-12-24 14:58:08.208856,2025-12-24 14:58:08.208856,2026-05-12 14:35:54.174971,NULL,NULL,pepsi sugar zero
org-d4efebe6-0ab3-4f44-a113-b9653a58c1d2,GRUBBRR Demos,loc-2bd29e8d-b962-472e-9e01-1ff06b6f9172,Fat Slice Demo,cat-1852958f-c5d8-4ff0-99c2-eede6e11765b,Appetizer,itm-d22bbb82-cb45-42b1-a57b-b9987e65b572,Raiders Poster,catlg-02cb3174-d197-4ae1-85da-53698e66d63b,NULL,NULL,0,Item,,NULL,NULL,NULL,False,NULL,NULL,NULL,True,True,2025-12-24 14:58:08.208856,2025-12-24 14:58:08.208856,2026-05-12 14:35:54.174971,NULL,NULL,poster raiders
org-d4efebe6-0ab3-4f44-a113-b9653a58c1d2,GRUBBRR Demos,loc-2bd29e8d-b962-472e-9e01-1ff06b6f9172,Fat Slice Demo,cat-da04b090-3657-48df-be98-46b26c08a809,Sides,itm-0eeb353a-aec7-455e-a4d1-6f8f1b851279,Breadsticks,catlg-02cb3174-d197-4ae1-85da-53698e66d63b,3.8000,2025-12-24 15:39:17.329704,0,Item,,NULL,NULL,NULL,False,NULL,NULL,NULL,True,False,2025-12-24 14:58:08.208856,2025-12-24 15:38:21.403734,2026-05-12 14:35:54.174971,NULL,NULL,breadsticks
org-d4efebe6-0ab3-4f44-a113-b9653a58c1d2,GRUBBRR Demos,loc-2bd29e8d-b962-472e-9e01-1ff06b6f9172,Fat Slice Demo,cat-0e2ed811-df7a-4eb4-b9b5-dcfcb1d25cea,Pizza,itm-93a760a7-1b0e-4d82-9094-5c04022bce42,Ultimate Pizza,catlg-02cb3174-d197-4ae1-85da-53698e66d63b,1.9900,2025-12-24 15:39:34.377378,0,Item,,NULL,NULL,NULL,False,NULL,NULL,NULL,True,False,2025-12-24 14:58:08.208856,2025-12-24 15:38:21.403717,2026-05-12 14:35:54.174971,NULL,NULL,pizza ultimate
org-d4efebe6-0ab3-4f44-a113-b9653a58c1d2,GRUBBRR Demos,loc-2bd29e8d-b962-472e-9e01-1ff06b6f9172,Fat Slice Demo,cat-1852958f-c5d8-4ff0-99c2-eede6e11765b,Appetizer,itm-554cc099-4100-462c-b247-82d03d1243f7,Chipotle Ranch Dip Cup,catlg-02cb3174-d197-4ae1-85da-53698e66d63b,NULL,NULL,0,Item,,NULL,NULL,NULL,False,NULL,NULL,NULL,True,True,2025-12-24 14:58:08.208856,2025-12-24 14:58:08.208856,2026-05-12 14:35:54.174971,NULL,NULL,chipotle cup dip ranch
org-d4efebe6-0ab3-4f44-a113-b9653a58c1d2,GRUBBRR Demos,loc-2bd29e8d-b962-472e-9e01-1ff06b6f9172,Fat Slice Demo,cat-347eafd6-12d2-4222-af1a-54387ed89814,WingStreet,itm-49c645b6-ff48-4645-820d-c317fb380445,Straight-Cut Fries,catlg-02cb3174-d197-4ae1-85da-53698e66d63b,3.4100,2025-12-24 15:39:19.321488,0,Item,,NULL,NULL,NULL,False,NULL,NULL,NULL,True,False,2025-12-24 14:58:08.208856,2025-12-24 15:38:21.403722,2026-05-12 14:35:54.174971,NULL,NULL,cut fries straight
org-d4efebe6-0ab3-4f44-a113-b9653a58c1d2,GRUBBRR Demos,loc-2bd29e8d-b962-472e-9e01-1ff06b6f9172,Fat Slice Demo,cat-0e2ed811-df7a-4eb4-b9b5-dcfcb1d25cea,Pizza,itm-3bb07894-af28-4cd5-9ded-238ecd1ceb04,Supreme Pizza,catlg-02cb3174-d197-4ae1-85da-53698e66d63b,1.0000,2025-12-24 15:39:34.690006,0,Item,,NULL,NULL,NULL,False,NULL,NULL,NULL,True,False,2025-12-24 14:58:08.208856,2026-03-26 20:40:02.008643,2026-05-12 14:35:54.174971,NULL,NULL,pizza supreme
org-d4efebe6-0ab3-4f44-a113-b9653a58c1d2,GRUBBRR Demos,loc-2bd29e8d-b962-472e-9e01-1ff06b6f9172,Fat Slice Demo,cat-0e2ed811-df7a-4eb4-b9b5-dcfcb1d25cea,Pizza,itm-24c9f883-3411-475d-ba40-e25a68459114,Gluten Free Pepperoni,catlg-02cb3174-d197-4ae1-85da-53698e66d63b,NULL,NULL,0,Item,,NULL,NULL,NULL,False,NULL,NULL,NULL,True,True,2025-12-24 14:58:08.208856,2025-12-24 14:58:08.208856,2026-05-12 14:35:54.174971,NULL,NULL,free gluten pepperoni
org-d4efebe6-0ab3-4f44-a113-b9653a58c1d2,GRUBBRR Demos,loc-2bd29e8d-b962-472e-9e01-1ff06b6f9172,Fat Slice Demo,cat-0e2ed811-df7a-4eb4-b9b5-dcfcb1d25cea,Pizza,itm-229dd5d3-1772-4b7e-97ea-83d2039793a8,Create Your Own,catlg-02cb3174-d197-4ae1-85da-53698e66d63b,2.0000,2025-12-24 15:39:35.18279,0,Item,,NULL,NULL,NULL,False,NULL,NULL,NULL,True,False,2025-12-24 14:58:08.208856,2026-03-26 20:38:27.189646,2026-05-12 14:35:54.174971,NULL,NULL,create own your
org-d4efebe6-0ab3-4f44-a113-b9653a58c1d2,GRUBBRR Demos,loc-2bd29e8d-b962-472e-9e01-1ff06b6f9172,Fat Slice Demo,cat-1852958f-c5d8-4ff0-99c2-eede6e11765b,Appetizer,itm-a2b9fba8-4c79-4a1c-a250-855ba9d31856,Cheese Sticks,catlg-02cb3174-d197-4ae1-85da-53698e66d63b,6.3800,2025-12-24 15:39:19.817679,0,Item,,NULL,NULL,NULL,False,NULL,NULL,NULL,True,False,2025-12-24 14:58:08.208856,2026-03-27 05:25:52.174188,2026-05-12 14:35:54.174971,NULL,NULL,cheese sticks
org-d4efebe6-0ab3-4f44-a113-b9653a58c1d2,GRUBBRR Demos,loc-2bd29e8d-b962-472e-9e01-1ff06b6f9172,Fat Slice Demo,cat-448c53fd-9ad3-4cf8-9208-2a62c43fc9e0,Pasta,itm-1dd4c9f9-98b8-4112-bce4-3ac72a6021b7,Oven-Baked Italian Meats Pasta,catlg-02cb3174-d197-4ae1-85da-53698e66d63b,5.4400,2025-12-24 15:39:17.318274,0,Item,,NULL,NULL,NULL,False,NULL,NULL,NULL,True,False,2025-12-24 14:58:08.208856,2025-12-24 15:38:21.40373,2026-05-12 14:35:54.174971,NULL,NULL,baked italian meats oven pasta
org-d4efebe6-0ab3-4f44-a113-b9653a58c1d2,GRUBBRR Demos,loc-2bd29e8d-b962-472e-9e01-1ff06b6f9172,Fat Slice Demo,cat-448c53fd-9ad3-4cf8-9208-2a62c43fc9e0,Pasta,itm-bfb98966-7450-437a-b2a1-c440b9bf90c3,Oven Baked Ckn Alfredo wSticks,catlg-02cb3174-d197-4ae1-85da-53698e66d63b,NULL,NULL,0,Item,,NULL,NULL,NULL,False,NULL,NULL,NULL,True,False,2025-12-24 14:58:08.208856,2025-12-24 15:38:21.403731,2026-05-12 14:35:54.174971,NULL,NULL,alfredo baked ckn oven wsticks
org-d4efebe6-0ab3-4f44-a113-b9653a58c1d2,GRUBBRR Demos,loc-2bd29e8d-b962-472e-9e01-1ff06b6f9172,Fat Slice Demo,cat-b947873e-e4fa-4686-9e6d-f5663f429a1a,Soft Drinks,itm-bf9654a8-e4af-4672-a40a-1c4cbc761ba2,Raspberry Tea,catlg-02cb3174-d197-4ae1-85da-53698e66d63b,NULL,NULL,0,Item,,NULL,NULL,NULL,False,NULL,NULL,NULL,False,True,2025-12-24 14:58:08.208856,2025-12-24 14:58:08.208856,2026-05-12 14:35:54.174971,NULL,NULL,raspberry tea
org-d4efebe6-0ab3-4f44-a113-b9653a58c1d2,GRUBBRR Demos,loc-2bd29e8d-b962-472e-9e01-1ff06b6f9172,Fat Slice Demo,cat-75024c9b-8ed2-4387-aec2-dbd7e7f1de73,Carryout Drinks,itm-f0fba77c-85e8-43ac-91ba-4ef69d7e3ad9,Pepsi,catlg-02cb3174-d197-4ae1-85da-53698e66d63b,1.8700,2025-12-24 15:39:19.779627,0,Item,,NULL,NULL,NULL,False,NULL,NULL,NULL,False,False,2025-12-24 14:58:08.208856,2026-03-27 04:29:14.943233,2026-05-12 14:35:54.174971,NULL,NULL,pepsi
org-d4efebe6-0ab3-4f44-a113-b9653a58c1d2,GRUBBRR Demos,loc-2bd29e8d-b962-472e-9e01-1ff06b6f9172,Fat Slice Demo,cat-75024c9b-8ed2-4387-aec2-dbd7e7f1de73,Carryout Drinks,itm-fb6f0a97-470b-4dbd-8572-e9c314509f3f,4 Pack Starry,catlg-02cb3174-d197-4ae1-85da-53698e66d63b,NULL,NULL,0,Item,,NULL,NULL,NULL,False,NULL,NULL,NULL,False,False,2025-12-24 14:58:08.208856,2025-12-24 15:38:21.403728,2026-05-12 14:35:54.174971,NULL,NULL,4 pack starry
org-d4efebe6-0ab3-4f44-a113-b9653a58c1d2,GRUBBRR Demos,loc-2bd29e8d-b962-472e-9e01-1ff06b6f9172,Fat Slice Demo,cat-0e2ed811-df7a-4eb4-b9b5-dcfcb1d25cea,Pizza,itm-c883566a-80c4-4811-8773-c6f6d467cf07,Nashville Hot Pizza,catlg-02cb3174-d197-4ae1-85da-53698e66d63b,5.0000,2025-12-24 15:39:17.68437,0,Item,,NULL,NULL,NULL,False,NULL,NULL,NULL,True,False,2025-12-24 14:58:08.208856,2025-12-24 15:38:21.403714,2026-05-12 14:35:54.174971,NULL,NULL,hot nashville pizza
org-d4efebe6-0ab3-4f44-a113-b9653a58c1d2,GRUBBRR Demos,loc-2bd29e8d-b962-472e-9e01-1ff06b6f9172,Fat Slice Demo,cat-75024c9b-8ed2-4387-aec2-dbd7e7f1de73,Carryout Drinks,itm-da0798a8-f739-4840-87a6-b77d4d4a9966,2 Mountain Dew and 2 Dr Pepper,catlg-02cb3174-d197-4ae1-85da-53698e66d63b,NULL,NULL,0,Item,,NULL,NULL,NULL,False,NULL,NULL,NULL,False,False,2025-12-24 14:58:08.208856,2025-12-24 15:38:21.403728,2026-05-12 14:35:54.174971,NULL,NULL,2 2 and dew dr mountain pepper
org-d4efebe6-0ab3-4f44-a113-b9653a58c1d2,GRUBBRR Demos,loc-2bd29e8d-b962-472e-9e01-1ff06b6f9172,Fat Slice Demo,cat-1852958f-c5d8-4ff0-99c2-eede6e11765b,Appetizer,itm-88abc23e-c6b1-4d9e-9f1b-8509f8a18358,Garlic Dip Cup,catlg-02cb3174-d197-4ae1-85da-53698e66d63b,0.4000,2025-12-24 15:39:19.445536,0,Item,,NULL,NULL,NULL,False,NULL,NULL,NULL,True,False,2025-12-24 14:58:08.208856,2025-12-24 15:38:21.403738,2026-05-12 14:35:54.174971,NULL,NULL,cup dip garlic
org-d4efebe6-0ab3-4f44-a113-b9653a58c1d2,GRUBBRR Demos,loc-2bd29e8d-b962-472e-9e01-1ff06b6f9172,Fat Slice Demo,cat-1852958f-c5d8-4ff0-99c2-eede6e11765b,Appetizer,itm-2e887189-c2f2-4f49-8ac5-382966661848,Red Pepper Shaker,catlg-02cb3174-d197-4ae1-85da-53698e66d63b,NULL,NULL,0,Item,,NULL,NULL,NULL,False,NULL,NULL,NULL,True,False,2025-12-24 14:58:08.208856,2025-12-24 15:38:21.403735,2026-05-12 14:35:54.174971,NULL,NULL,pepper red shaker
org-d4efebe6-0ab3-4f44-a113-b9653a58c1d2,GRUBBRR Demos,loc-2bd29e8d-b962-472e-9e01-1ff06b6f9172,Fat Slice Demo,cat-74e0a618-c504-4b9e-ba10-22b169df6304,Premium A,itm-b123d24b-4c45-4f57-b97f-2599d4e451d2,Stars,catlg-02cb3174-d197-4ae1-85da-53698e66d63b,1.0000,2025-12-24 15:38:50.055274,0,Item,,NULL,NULL,NULL,False,NULL,NULL,NULL,True,False,2025-12-24 14:58:08.208856,2025-12-24 15:38:21.403742,2026-05-12 14:35:54.174971,NULL,NULL,stars
org-d4efebe6-0ab3-4f44-a113-b9653a58c1d2,GRUBBRR Demos,loc-2bd29e8d-b962-472e-9e01-1ff06b6f9172,Fat Slice Demo,cat-19efd949-c0f9-411e-9d7b-57b88a7fbae7,School Lunch,itm-53aae47f-f9dc-41aa-8508-2fff8dc60cfc,Pepperoni Lite Pizza,catlg-02cb3174-d197-4ae1-85da-53698e66d63b,NULL,NULL,0,Item,,NULL,NULL,NULL,False,NULL,NULL,NULL,True,True,2025-12-24 14:58:08.208856,2025-12-24 14:58:08.208856,2026-05-12 14:35:54.174971,NULL,NULL,lite pepperoni pizza
org-d4efebe6-0ab3-4f44-a113-b9653a58c1d2,GRUBBRR Demos,loc-2bd29e8d-b962-472e-9e01-1ff06b6f9172,Fat Slice Demo,cat-74e0a618-c504-4b9e-ba10-22b169df6304,Premium A,itm-6f369650-9775-4a65-9dcc-02be835cb408,$3 Literacy Donation,catlg-02cb3174-d197-4ae1-85da-53698e66d63b,NULL,NULL,0,Item,,NULL,NULL,NULL,False,NULL,NULL,NULL,True,True,2025-12-24 14:58:08.208856,2025-12-24 14:58:08.208856,2026-05-12 14:35:54.174971,NULL,NULL,3 donation literacy
org-d4efebe6-0ab3-4f44-a113-b9653a58c1d2,GRUBBRR Demos,loc-2bd29e8d-b962-472e-9e01-1ff06b6f9172,Fat Slice Demo,cat-d1a3b743-829c-43de-8ddf-78af1d46c4b5,Signature Recipes,itm-289a73bc-1e90-4630-af92-8946dc0144a6,BBQ Chicken Pizza,catlg-02cb3174-d197-4ae1-85da-53698e66d63b,1.0000,2025-12-24 15:39:34.837212,0,Item,,NULL,NULL,NULL,False,NULL,NULL,NULL,True,False,2025-12-24 14:58:08.208856,2025-12-24 15:38:21.403713,2026-05-12 14:35:54.174971,NULL,NULL,bbq chicken pizza
org-d4efebe6-0ab3-4f44-a113-b9653a58c1d2,GRUBBRR Demos,loc-2bd29e8d-b962-472e-9e01-1ff06b6f9172,Fat Slice Demo,cat-1852958f-c5d8-4ff0-99c2-eede6e11765b,Appetizer,itm-9b08eafc-7e34-43de-aa53-9cae19ad2c3f,Pickle Ranch Dip Cup,catlg-02cb3174-d197-4ae1-85da-53698e66d63b,NULL,NULL,0,Item,,NULL,NULL,NULL,False,NULL,NULL,NULL,True,False,2025-12-24 14:58:08.208856,2025-12-24 15:38:21.403739,2026-05-12 14:35:54.174971,NULL,NULL,cup dip pickle ranch
org-d4efebe6-0ab3-4f44-a113-b9653a58c1d2,GRUBBRR Demos,loc-2bd29e8d-b962-472e-9e01-1ff06b6f9172,Fat Slice Demo,cat-0e2ed811-df7a-4eb4-b9b5-dcfcb1d25cea,Pizza,itm-d5c7f221-1e71-4cad-bbd2-26b7643aa258,Hawaiian Chicken Pizza,catlg-02cb3174-d197-4ae1-85da-53698e66d63b,1.0000,2025-12-24 15:39:34.894846,0,Item,,NULL,NULL,NULL,False,NULL,NULL,NULL,True,False,2025-12-24 14:58:08.208856,2026-03-26 20:39:06.61418,2026-05-12 14:35:54.174971,NULL,NULL,chicken hawaiian pizza
org-d4efebe6-0ab3-4f44-a113-b9653a58c1d2,GRUBBRR Demos,loc-2bd29e8d-b962-472e-9e01-1ff06b6f9172,Fat Slice Demo,cat-0e2ed811-df7a-4eb4-b9b5-dcfcb1d25cea,Pizza,itm-92ce18ed-3bea-40d1-b1d3-3e4a5ad05812,Big New Yorker Pepperoni Duo,catlg-02cb3174-d197-4ae1-85da-53698e66d63b,15.4900,2025-12-24 15:39:18.167202,0,Item,,NULL,NULL,NULL,False,NULL,NULL,NULL,True,False,2025-12-24 14:58:08.208856,2025-12-24 15:38:21.403716,2026-05-12 14:35:54.174971,NULL,NULL,big duo new pepperoni yorker
org-d4efebe6-0ab3-4f44-a113-b9653a58c1d2,GRUBBRR Demos,loc-2bd29e8d-b962-472e-9e01-1ff06b6f9172,Fat Slice Demo,cat-0e2ed811-df7a-4eb4-b9b5-dcfcb1d25cea,Pizza,itm-0e7a0c76-374e-417a-9c2d-254880d8033e,Meat Lover's  Pizza,catlg-02cb3174-d197-4ae1-85da-53698e66d63b,1.0000,2025-12-24 15:39:34.745123,0,Item,,NULL,NULL,NULL,False,NULL,NULL,NULL,True,False,2025-12-24 14:58:08.208856,2025-12-24 15:38:21.40371,2026-05-12 14:35:54.174971,NULL,NULL,lover meat pizza s
org-d4efebe6-0ab3-4f44-a113-b9653a58c1d2,GRUBBRR Demos,loc-2bd29e8d-b962-472e-9e01-1ff06b6f9172,Fat Slice Demo,cat-75024c9b-8ed2-4387-aec2-dbd7e7f1de73,Carryout Drinks,itm-e728c1c4-0a84-4648-a81a-86d2547cbed8,Mtn Dew,catlg-02cb3174-d197-4ae1-85da-53698e66d63b,1.8700,2025-12-24 15:39:19.787213,0,Item,,NULL,NULL,NULL,False,NULL,NULL,NULL,True,False,2025-12-24 14:58:08.208856,2026-03-27 04:10:09.742243,2026-05-12 14:35:54.174971,NULL,NULL,dew mtn
org-d4efebe6-0ab3-4f44-a113-b9653a58c1d2,GRUBBRR Demos,loc-2bd29e8d-b962-472e-9e01-1ff06b6f9172,Fat Slice Demo,cat-75024c9b-8ed2-4387-aec2-dbd7e7f1de73,Carryout Drinks,itm-9a1d7127-b0d0-459a-acb4-6f6414758fc8,Crush  Orange,catlg-02cb3174-d197-4ae1-85da-53698e66d63b,NULL,NULL,0,Item,,NULL,NULL,NULL,False,NULL,NULL,NULL,True,True,2025-12-24 14:58:08.208856,2025-12-24 14:58:08.208856,2026-05-12 14:35:54.174971,NULL,NULL,crush orange
org-d4efebe6-0ab3-4f44-a113-b9653a58c1d2,GRUBBRR Demos,loc-2bd29e8d-b962-472e-9e01-1ff06b6f9172,Fat Slice Demo,cat-b947873e-e4fa-4686-9e6d-f5663f429a1a,Soft Drinks,itm-df460f96-2345-456e-ae28-218edf0a2646,Pepsi,catlg-02cb3174-d197-4ae1-85da-53698e66d63b,NULL,NULL,0,Item,,NULL,NULL,NULL,False,NULL,NULL,NULL,False,True,2025-12-24 14:58:08.208856,2025-12-24 14:58:08.208856,2026-05-12 14:35:54.174971,NULL,NULL,pepsi
org-d4efebe6-0ab3-4f44-a113-b9653a58c1d2,GRUBBRR Demos,loc-2bd29e8d-b962-472e-9e01-1ff06b6f9172,Fat Slice Demo,cat-86023512-34fd-49d8-ad86-b2da5b4d1edf,Beer,itm-90d64ab1-a061-4d6f-97d2-5667d483c73f,Blue Moon,catlg-02cb3174-d197-4ae1-85da-53698e66d63b,NULL,NULL,0,Item,,NULL,NULL,NULL,False,NULL,NULL,NULL,True,True,2025-12-24 14:58:08.208856,2025-12-24 14:58:08.208856,2026-05-12 14:35:54.174971,NULL,NULL,blue moon
org-d4efebe6-0ab3-4f44-a113-b9653a58c1d2,GRUBBRR Demos,loc-2bd29e8d-b962-472e-9e01-1ff06b6f9172,Fat Slice Demo,cat-1852958f-c5d8-4ff0-99c2-eede6e11765b,Appetizer,itm-988d81e2-cb58-4a6a-bc91-8eaf0deeb5d4,Sweet Chili Dip Cup,catlg-02cb3174-d197-4ae1-85da-53698e66d63b,0.4200,2025-12-24 15:39:18.360441,0,Item,,NULL,NULL,NULL,False,NULL,NULL,NULL,True,False,2025-12-24 14:58:08.208856,2025-12-24 15:38:21.403739,2026-05-12 14:35:54.174971,NULL,NULL,chili cup dip sweet
org-d4efebe6-0ab3-4f44-a113-b9653a58c1d2,GRUBBRR Demos,loc-2bd29e8d-b962-472e-9e01-1ff06b6f9172,Fat Slice Demo,cat-b947873e-e4fa-4686-9e6d-f5663f429a1a,Soft Drinks,itm-3c65a383-c12c-400f-bc7d-b384fe7e3ae0,Mountain Dew,catlg-02cb3174-d197-4ae1-85da-53698e66d63b,NULL,NULL,0,Item,,NULL,NULL,NULL,False,NULL,NULL,NULL,False,True,2025-12-24 14:58:08.208856,2025-12-24 14:58:08.208856,2026-05-12 14:35:54.174971,NULL,NULL,dew mountain
org-d4efebe6-0ab3-4f44-a113-b9653a58c1d2,GRUBBRR Demos,loc-2bd29e8d-b962-472e-9e01-1ff06b6f9172,Fat Slice Demo,cat-73ba60c5-7606-45f1-b2f1-9010deba4511,Party of One,itm-5d7d569d-2337-4197-b6f0-96aedbaa5289,Buffalo Chicken Melt,catlg-02cb3174-d197-4ae1-85da-53698e66d63b,1.0000,2025-12-24 15:39:25.445034,0,Item,,NULL,NULL,NULL,False,NULL,NULL,NULL,True,False,2025-12-24 14:58:08.208856,2025-12-24 15:38:21.403713,2026-05-12 14:35:54.174971,NULL,NULL,buffalo chicken melt
org-d4efebe6-0ab3-4f44-a113-b9653a58c1d2,GRUBBRR Demos,loc-2bd29e8d-b962-472e-9e01-1ff06b6f9172,Fat Slice Demo,cat-19efd949-c0f9-411e-9d7b-57b88a7fbae7,School Lunch,itm-7ad668ac-cd59-4ef0-a8e3-0d70a0fb40bd,NSLP Italian Sausage Pizza,catlg-02cb3174-d197-4ae1-85da-53698e66d63b,NULL,NULL,0,Item,,NULL,NULL,NULL,False,NULL,NULL,NULL,True,True,2025-12-24 14:58:08.208856,2025-12-24 14:58:08.208856,2026-05-12 14:35:54.174971,NULL,NULL,italian nslp pizza sausage
org-d4efebe6-0ab3-4f44-a113-b9653a58c1d2,GRUBBRR Demos,loc-2bd29e8d-b962-472e-9e01-1ff06b6f9172,Fat Slice Demo,cat-19efd949-c0f9-411e-9d7b-57b88a7fbae7,School Lunch,itm-a411b58e-30a2-4629-85bf-5683300f53af,NSLP Hawaiian Pizza,catlg-02cb3174-d197-4ae1-85da-53698e66d63b,NULL,NULL,0,Item,,NULL,NULL,NULL,False,NULL,NULL,NULL,True,True,2025-12-24 14:58:08.208856,2025-12-24 14:58:08.208856,2026-05-12 14:35:54.174971,NULL,NULL,hawaiian nslp pizza
org-d4efebe6-0ab3-4f44-a113-b9653a58c1d2,GRUBBRR Demos,loc-2bd29e8d-b962-472e-9e01-1ff06b6f9172,Fat Slice Demo,cat-75024c9b-8ed2-4387-aec2-dbd7e7f1de73,Carryout Drinks,itm-4edcff82-4794-4e3b-910b-2a055c286fcf,4 Pack TWO Pepsi TWO Starry,catlg-02cb3174-d197-4ae1-85da-53698e66d63b,NULL,NULL,0,Item,,NULL,NULL,NULL,False,NULL,NULL,NULL,True,False,2025-12-24 14:58:08.208856,2025-12-24 15:38:21.403729,2026-05-12 14:35:54.174971,NULL,NULL,4 pack pepsi starry two two
org-d4efebe6-0ab3-4f44-a113-b9653a58c1d2,GRUBBRR Demos,loc-2bd29e8d-b962-472e-9e01-1ff06b6f9172,Fat Slice Demo,cat-1852958f-c5d8-4ff0-99c2-eede6e11765b,Appetizer,itm-ca0cf8b6-ee6e-4695-a920-40f5cf75e803,Marinara Dipping Sauce,catlg-02cb3174-d197-4ae1-85da-53698e66d63b,NULL,NULL,0,Item,,NULL,NULL,NULL,False,NULL,NULL,NULL,True,True,2025-12-24 14:58:08.208856,2025-12-24 14:58:08.208856,2026-05-12 14:35:54.174971,NULL,NULL,dipping marinara sauce
org-d4efebe6-0ab3-4f44-a113-b9653a58c1d2,GRUBBRR Demos,loc-2bd29e8d-b962-472e-9e01-1ff06b6f9172,Fat Slice Demo,cat-75024c9b-8ed2-4387-aec2-dbd7e7f1de73,Carryout Drinks,itm-2a884819-cc18-439e-bbf1-d2e5f1d28b66,4 Pack Diet Pepsi,catlg-02cb3174-d197-4ae1-85da-53698e66d63b,NULL,NULL,0,Item,,NULL,NULL,NULL,False,NULL,NULL,NULL,False,False,2025-12-24 14:58:08.208856,2025-12-24 15:38:21.403727,2026-05-12 14:35:54.174971,NULL,NULL,4 diet pack pepsi
org-d4efebe6-0ab3-4f44-a113-b9653a58c1d2,GRUBBRR Demos,loc-2bd29e8d-b962-472e-9e01-1ff06b6f9172,Fat Slice Demo,cat-b947873e-e4fa-4686-9e6d-f5663f429a1a,Soft Drinks,itm-82738d57-4d60-4184-87af-f10e91a5f594,Dr Pepper,catlg-02cb3174-d197-4ae1-85da-53698e66d63b,NULL,NULL,0,Item,,NULL,NULL,NULL,False,NULL,NULL,NULL,False,True,2025-12-24 14:58:08.208856,2025-12-24 14:58:08.208856,2026-05-12 14:35:54.174971,NULL,NULL,dr pepper
org-d4efebe6-0ab3-4f44-a113-b9653a58c1d2,GRUBBRR Demos,loc-2bd29e8d-b962-472e-9e01-1ff06b6f9172,Fat Slice Demo,cat-74e0a618-c504-4b9e-ba10-22b169df6304,Premium A,itm-ba14b2f5-fc1c-41ad-bf4b-32d5d704f8e3,$1 Donation,catlg-02cb3174-d197-4ae1-85da-53698e66d63b,NULL,NULL,0,Item,,NULL,NULL,NULL,False,NULL,NULL,NULL,False,True,2025-12-24 14:58:08.208856,2025-12-24 14:58:08.208856,2026-05-12 14:35:54.174971,NULL,NULL,1 donation
org-d4efebe6-0ab3-4f44-a113-b9653a58c1d2,GRUBBRR Demos,loc-2bd29e8d-b962-472e-9e01-1ff06b6f9172,Fat Slice Demo,cat-1852958f-c5d8-4ff0-99c2-eede6e11765b,Appetizer,itm-80917292-ecdd-4dda-bf74-8e4848a662e8,Cinnamon Sticks,catlg-02cb3174-d197-4ae1-85da-53698e66d63b,5.0000,2025-12-24 15:39:18.715858,0,Item,,NULL,NULL,NULL,False,NULL,NULL,NULL,True,False,2025-12-24 14:58:08.208856,2026-03-26 21:37:40.010948,2026-05-12 14:35:54.174971,NULL,NULL,cinnamon sticks
org-d4efebe6-0ab3-4f44-a113-b9653a58c1d2,GRUBBRR Demos,loc-2bd29e8d-b962-472e-9e01-1ff06b6f9172,Fat Slice Demo,cat-0e2ed811-df7a-4eb4-b9b5-dcfcb1d25cea,Pizza,itm-2db15728-9a56-4379-85c8-6051aa2839ec,Four Pepper Pepperoni,catlg-02cb3174-d197-4ae1-85da-53698e66d63b,NULL,NULL,0,Item,,NULL,NULL,NULL,False,NULL,NULL,NULL,True,True,2025-12-24 14:58:08.208856,2025-12-24 14:58:08.208856,2026-05-12 14:35:54.174971,NULL,NULL,four pepper pepperoni
org-d4efebe6-0ab3-4f44-a113-b9653a58c1d2,GRUBBRR Demos,loc-2bd29e8d-b962-472e-9e01-1ff06b6f9172,Fat Slice Demo,cat-75024c9b-8ed2-4387-aec2-dbd7e7f1de73,Carryout Drinks,itm-90a332fb-03c9-4eb5-bb56-e218552cc2ac,7UP,catlg-02cb3174-d197-4ae1-85da-53698e66d63b,NULL,NULL,0,Item,,NULL,NULL,NULL,False,NULL,NULL,NULL,True,True,2025-12-24 14:58:08.208856,2025-12-24 14:58:08.208856,2026-05-12 14:35:54.174971,NULL,NULL,7up
org-d4efebe6-0ab3-4f44-a113-b9653a58c1d2,GRUBBRR Demos,loc-2bd29e8d-b962-472e-9e01-1ff06b6f9172,Fat Slice Demo,cat-347eafd6-12d2-4222-af1a-54387ed89814,WingStreet,itm-123bd680-97cd-486d-b264-f7ea66e5b5b9,Honey BBQ,catlg-02cb3174-d197-4ae1-85da-53698e66d63b,5.0000,2025-12-24 15:39:29.306721,0,Item,,NULL,NULL,NULL,False,NULL,NULL,NULL,True,False,2025-12-24 14:58:08.208856,2026-03-26 20:49:38.942642,2026-05-12 14:35:54.174971,NULL,NULL,bbq honey
org-d4efebe6-0ab3-4f44-a113-b9653a58c1d2,GRUBBRR Demos,loc-2bd29e8d-b962-472e-9e01-1ff06b6f9172,Fat Slice Demo,cat-347eafd6-12d2-4222-af1a-54387ed89814,WingStreet,itm-9e496310-bc96-43f8-97dc-2d3e06e9225d,Spicy Garlic,catlg-02cb3174-d197-4ae1-85da-53698e66d63b,5.0000,2025-12-24 15:39:29.762065,0,Item,,NULL,NULL,NULL,False,NULL,NULL,NULL,False,False,2025-12-24 14:58:08.208856,2026-03-26 21:43:57.50907,2026-05-12 14:35:54.174971,NULL,NULL,garlic spicy
org-d4efebe6-0ab3-4f44-a113-b9653a58c1d2,GRUBBRR Demos,loc-2bd29e8d-b962-472e-9e01-1ff06b6f9172,Fat Slice Demo,cat-19efd949-c0f9-411e-9d7b-57b88a7fbae7,School Lunch,itm-b66085cf-fa5c-41db-ba5a-fab5f99b79bb,NSLP Val Verde Veggie Pizza,catlg-02cb3174-d197-4ae1-85da-53698e66d63b,NULL,NULL,0,Item,,NULL,NULL,NULL,False,NULL,NULL,NULL,True,True,2025-12-24 14:58:08.208856,2025-12-24 14:58:08.208856,2026-05-12 14:35:54.174971,NULL,NULL,nslp pizza val veggie verde
org-d4efebe6-0ab3-4f44-a113-b9653a58c1d2,GRUBBRR Demos,loc-2bd29e8d-b962-472e-9e01-1ff06b6f9172,Fat Slice Demo,cat-1852958f-c5d8-4ff0-99c2-eede6e11765b,Appetizer,itm-bd4f1137-c5ed-4fa2-a713-29f6c15333f4,Stuffed Garlic Knots,catlg-02cb3174-d197-4ae1-85da-53698e66d63b,NULL,NULL,0,Item,,NULL,NULL,NULL,False,NULL,NULL,NULL,True,True,2025-12-24 14:58:08.208856,2025-12-24 14:58:08.208856,2026-05-12 14:35:54.174971,NULL,NULL,garlic knots stuffed
org-d4efebe6-0ab3-4f44-a113-b9653a58c1d2,GRUBBRR Demos,loc-2bd29e8d-b962-472e-9e01-1ff06b6f9172,Fat Slice Demo,cat-1852958f-c5d8-4ff0-99c2-eede6e11765b,Appetizer,itm-3ab1f299-9a38-4e9a-b968-45eeb52aab53,Cheese Bread,catlg-02cb3174-d197-4ae1-85da-53698e66d63b,NULL,NULL,0,Item,,NULL,NULL,NULL,False,NULL,NULL,NULL,True,True,2025-12-24 14:58:08.208856,2025-12-24 14:58:08.208856,2026-05-12 14:35:54.174971,NULL,NULL,bread cheese
org-d4efebe6-0ab3-4f44-a113-b9653a58c1d2,GRUBBRR Demos,loc-2bd29e8d-b962-472e-9e01-1ff06b6f9172,Fat Slice Demo,cat-19efd949-c0f9-411e-9d7b-57b88a7fbae7,School Lunch,itm-70a9e077-3565-46f3-ad05-b5b2d5ab22cc,NSLP Cheese Pizza,catlg-02cb3174-d197-4ae1-85da-53698e66d63b,NULL,NULL,0,Item,,NULL,NULL,NULL,False,NULL,NULL,NULL,True,True,2025-12-24 14:58:08.208856,2025-12-24 14:58:08.208856,2026-05-12 14:35:54.174971,NULL,NULL,cheese nslp pizza
org-d4efebe6-0ab3-4f44-a113-b9653a58c1d2,GRUBBRR Demos,loc-2bd29e8d-b962-472e-9e01-1ff06b6f9172,Fat Slice Demo,cat-1852958f-c5d8-4ff0-99c2-eede6e11765b,Appetizer,itm-14a1b6fc-b026-4f06-857e-71eecd96fed1,Cheese Sticks,catlg-02cb3174-d197-4ae1-85da-53698e66d63b,4.8000,2025-12-24 15:39:17.333209,0,Item,,NULL,NULL,NULL,False,NULL,NULL,NULL,True,False,2025-12-24 14:58:08.208856,2026-03-27 05:25:24.064518,2026-05-12 14:35:54.174971,NULL,NULL,cheese sticks
org-d4efebe6-0ab3-4f44-a113-b9653a58c1d2,GRUBBRR Demos,loc-2bd29e8d-b962-472e-9e01-1ff06b6f9172,Fat Slice Demo,cat-86023512-34fd-49d8-ad86-b2da5b4d1edf,Beer,itm-88c7a84f-c927-4fe4-8786-cc14e30e23f7,Premium Beer,catlg-02cb3174-d197-4ae1-85da-53698e66d63b,NULL,NULL,0,Item,,NULL,NULL,NULL,False,NULL,NULL,NULL,True,True,2025-12-24 14:58:08.208856,2025-12-24 14:58:08.208856,2026-05-12 14:35:54.174971,NULL,NULL,beer premium
org-d4efebe6-0ab3-4f44-a113-b9653a58c1d2,GRUBBRR Demos,loc-2bd29e8d-b962-472e-9e01-1ff06b6f9172,Fat Slice Demo,cat-19efd949-c0f9-411e-9d7b-57b88a7fbae7,School Lunch,itm-5e7e9b7b-00d6-4a34-a038-a5feeab25f4f,NSLP BBQ Chicken Pizza,catlg-02cb3174-d197-4ae1-85da-53698e66d63b,NULL,NULL,0,Item,,NULL,NULL,NULL,False,NULL,NULL,NULL,True,True,2025-12-24 14:58:08.208856,2025-12-24 14:58:08.208856,2026-05-12 14:35:54.174971,NULL,NULL,bbq chicken nslp pizza
org-d4efebe6-0ab3-4f44-a113-b9653a58c1d2,GRUBBRR Demos,loc-2bd29e8d-b962-472e-9e01-1ff06b6f9172,Fat Slice Demo,cat-da04b090-3657-48df-be98-46b26c08a809,Sides,itm-b61f6c40-5dab-48be-b3cd-4b543b015b55,Parmesan Cheese Shaker,catlg-02cb3174-d197-4ae1-85da-53698e66d63b,NULL,NULL,0,Item,,NULL,NULL,NULL,False,NULL,NULL,NULL,True,False,2025-12-24 14:58:08.208856,2025-12-24 15:38:21.403735,2026-05-12 14:35:54.174971,NULL,NULL,cheese parmesan shaker
org-d4efebe6-0ab3-4f44-a113-b9653a58c1d2,GRUBBRR Demos,loc-2bd29e8d-b962-472e-9e01-1ff06b6f9172,Fat Slice Demo,cat-1aa62ced-f350-45ae-b929-92ea1432e130,Dessert,itm-409dc07c-1b2f-4383-875e-f7009c54a026,Apple Pies,catlg-02cb3174-d197-4ae1-85da-53698e66d63b,5.0000,2025-12-24 15:39:18.701063,0,Item,,NULL,NULL,NULL,False,NULL,NULL,NULL,True,False,2025-12-24 14:58:08.208856,2026-03-26 21:38:32.977824,2026-05-12 14:35:54.174971,NULL,NULL,apple pies
org-d4efebe6-0ab3-4f44-a113-b9653a58c1d2,GRUBBRR Demos,loc-2bd29e8d-b962-472e-9e01-1ff06b6f9172,Fat Slice Demo,cat-75024c9b-8ed2-4387-aec2-dbd7e7f1de73,Carryout Drinks,itm-ff4f385c-278f-48f8-9d52-a253c89a9133,Carryout Tea,catlg-02cb3174-d197-4ae1-85da-53698e66d63b,NULL,NULL,0,Item,,NULL,NULL,NULL,False,NULL,NULL,NULL,False,True,2025-12-24 14:58:08.208856,2025-12-24 14:58:08.208856,2026-05-12 14:35:54.174971,NULL,NULL,carryout tea
org-d4efebe6-0ab3-4f44-a113-b9653a58c1d2,GRUBBRR Demos,loc-2bd29e8d-b962-472e-9e01-1ff06b6f9172,Fat Slice Demo,cat-75024c9b-8ed2-4387-aec2-dbd7e7f1de73,Carryout Drinks,itm-82b24b1e-b90c-4a48-9b5c-6023bd59685b,4 Pack Dr Pepper,catlg-02cb3174-d197-4ae1-85da-53698e66d63b,NULL,NULL,0,Item,,NULL,NULL,NULL,False,NULL,NULL,NULL,False,False,2025-12-24 14:58:08.208856,2025-12-24 15:38:21.403727,2026-05-12 14:35:54.174971,NULL,NULL,4 dr pack pepper
org-d4efebe6-0ab3-4f44-a113-b9653a58c1d2,GRUBBRR Demos,loc-2bd29e8d-b962-472e-9e01-1ff06b6f9172,Fat Slice Demo,cat-32971ae3-b3d4-4cc0-b264-5db5c1c770ef,Melts,itm-2306ebca-2ce9-46b6-bcc9-358711693abe,Pepperoni Lover's  Melt,catlg-02cb3174-d197-4ae1-85da-53698e66d63b,1.0000,2025-12-24 15:39:25.398233,0,Item,,NULL,NULL,NULL,False,NULL,NULL,NULL,True,False,2025-12-24 14:58:08.208856,2025-12-24 15:38:21.403712,2026-05-12 14:35:54.174971,NULL,NULL,lover melt pepperoni s
org-d4efebe6-0ab3-4f44-a113-b9653a58c1d2,GRUBBRR Demos,loc-2bd29e8d-b962-472e-9e01-1ff06b6f9172,Fat Slice Demo,cat-1852958f-c5d8-4ff0-99c2-eede6e11765b,Appetizer,itm-86a601e0-e33f-46c6-83b6-9dd387937eec,Buffalo Medium,catlg-02cb3174-d197-4ae1-85da-53698e66d63b,0.4200,2025-12-24 15:39:18.366794,0,Item,,NULL,NULL,NULL,False,NULL,NULL,NULL,True,False,2025-12-24 14:58:08.208856,2025-12-24 15:38:21.403739,2026-05-12 14:35:54.174971,NULL,NULL,buffalo medium
org-d4efebe6-0ab3-4f44-a113-b9653a58c1d2,GRUBBRR Demos,loc-2bd29e8d-b962-472e-9e01-1ff06b6f9172,Fat Slice Demo,cat-1ffddf7e-d8e3-486d-bdcf-d71174757f14,Signature Recipes,itm-289a73bc-1e90-4630-af92-8946dc0144a6,BBQ Chicken Pizza,catlg-02cb3174-d197-4ae1-85da-53698e66d63b,1.0000,2025-12-24 15:39:34.837212,0,Item,,NULL,NULL,NULL,False,NULL,NULL,NULL,True,False,2025-12-24 14:58:08.208856,2025-12-24 15:38:21.403713,2026-05-12 14:35:54.174971,NULL,NULL,bbq chicken pizza
org-d4efebe6-0ab3-4f44-a113-b9653a58c1d2,GRUBBRR Demos,loc-2bd29e8d-b962-472e-9e01-1ff06b6f9172,Fat Slice Demo,cat-1aa62ced-f350-45ae-b929-92ea1432e130,Dessert,itm-823b8166-f489-4f21-982d-704f4f6cec25,Triple Chocolate Brownie,catlg-02cb3174-d197-4ae1-85da-53698e66d63b,5.0000,2025-12-24 15:39:18.711867,0,Item,,NULL,NULL,NULL,False,NULL,NULL,NULL,True,False,2025-12-24 14:58:08.208856,2026-03-26 21:36:11.543457,2026-05-12 14:35:54.174971,NULL,NULL,brownie chocolate triple
org-d4efebe6-0ab3-4f44-a113-b9653a58c1d2,GRUBBRR Demos,loc-2bd29e8d-b962-472e-9e01-1ff06b6f9172,Fat Slice Demo,cat-19efd949-c0f9-411e-9d7b-57b88a7fbae7,School Lunch,itm-b5fe6200-ed46-4493-a5d2-519d221e147a,NSLP Ham Pizza,catlg-02cb3174-d197-4ae1-85da-53698e66d63b,NULL,NULL,0,Item,,NULL,NULL,NULL,False,NULL,NULL,NULL,True,True,2025-12-24 14:58:08.208856,2025-12-24 14:58:08.208856,2026-05-12 14:35:54.174971,NULL,NULL,ham nslp pizza
org-d4efebe6-0ab3-4f44-a113-b9653a58c1d2,GRUBBRR Demos,loc-2bd29e8d-b962-472e-9e01-1ff06b6f9172,Fat Slice Demo,cat-248f6668-5b2f-4d1d-88d4-291504a00663,Tavern Style Recipes,itm-bc7ebd14-80ec-49df-a8f8-c084f52e1742,Spicy Chicken Sausage Pizza,catlg-02cb3174-d197-4ae1-85da-53698e66d63b,1.9900,2025-12-24 15:39:34.45047,0,Item,,NULL,NULL,NULL,False,NULL,NULL,NULL,True,False,2025-12-24 14:58:08.208856,2025-12-24 15:38:21.403717,2026-05-12 14:35:54.174971,NULL,NULL,chicken pizza sausage spicy
org-d4efebe6-0ab3-4f44-a113-b9653a58c1d2,GRUBBRR Demos,loc-2bd29e8d-b962-472e-9e01-1ff06b6f9172,Fat Slice Demo,cat-448c53fd-9ad3-4cf8-9208-2a62c43fc9e0,Pasta,itm-14b9da4b-ad63-4e73-b44a-09549ee6607c,Oven-Baked Italian Meats Pasta,catlg-02cb3174-d197-4ae1-85da-53698e66d63b,NULL,NULL,0,Item,,NULL,NULL,NULL,False,NULL,NULL,NULL,True,False,2025-12-24 14:58:08.208856,2025-12-24 15:38:21.403731,2026-05-12 14:35:54.174971,NULL,NULL,baked italian meats oven pasta
org-d4efebe6-0ab3-4f44-a113-b9653a58c1d2,GRUBBRR Demos,loc-2bd29e8d-b962-472e-9e01-1ff06b6f9172,Fat Slice Demo,cat-1852958f-c5d8-4ff0-99c2-eede6e11765b,Appetizer,itm-207e0f27-e2b7-4dfc-8eca-1f929f5058da,Bacon Cheddar Cheese Sticks,catlg-02cb3174-d197-4ae1-85da-53698e66d63b,4.9900,2025-12-24 15:39:18.315854,0,Item,,NULL,NULL,NULL,False,NULL,NULL,NULL,True,False,2025-12-24 14:58:08.208856,2026-03-26 21:19:06.114124,2026-05-12 14:35:54.174971,NULL,NULL,bacon cheddar cheese sticks
org-d4efebe6-0ab3-4f44-a113-b9653a58c1d2,GRUBBRR Demos,loc-2bd29e8d-b962-472e-9e01-1ff06b6f9172,Fat Slice Demo,cat-0e2ed811-df7a-4eb4-b9b5-dcfcb1d25cea,Pizza,itm-f64a62f9-a5c4-400e-bf6b-de349881acc0,Ultimate Cheese Lover,catlg-02cb3174-d197-4ae1-85da-53698e66d63b,NULL,NULL,0,Item,,NULL,NULL,NULL,False,NULL,NULL,NULL,True,True,2025-12-24 14:58:08.208856,2025-12-24 14:58:08.208856,2026-05-12 14:35:54.174971,NULL,NULL,cheese lover ultimate
org-d4efebe6-0ab3-4f44-a113-b9653a58c1d2,GRUBBRR Demos,loc-2bd29e8d-b962-472e-9e01-1ff06b6f9172,Fat Slice Demo,cat-1ffddf7e-d8e3-486d-bdcf-d71174757f14,Signature Recipes,itm-44a8758f-264d-465b-bd62-246f263e85f9,Pepperoni Pizza,catlg-02cb3174-d197-4ae1-85da-53698e66d63b,NULL,NULL,0,Item,,NULL,NULL,NULL,False,NULL,NULL,NULL,True,False,2025-12-24 14:58:08.208856,2026-03-26 20:41:27.32151,2026-05-12 14:35:54.174971,NULL,NULL,pepperoni pizza
org-d4efebe6-0ab3-4f44-a113-b9653a58c1d2,GRUBBRR Demos,loc-2bd29e8d-b962-472e-9e01-1ff06b6f9172,Fat Slice Demo,cat-0e2ed811-df7a-4eb4-b9b5-dcfcb1d25cea,Pizza,itm-859d3658-c9a8-48e8-9882-9c818e33292e,Spicy Hawaiian Lover's  Pizza,catlg-02cb3174-d197-4ae1-85da-53698e66d63b,NULL,NULL,0,Item,,NULL,NULL,NULL,False,NULL,NULL,NULL,True,True,2025-12-24 14:58:08.208856,2025-12-24 14:58:08.208856,2026-05-12 14:35:54.174971,NULL,NULL,hawaiian lover pizza s spicy
org-d4efebe6-0ab3-4f44-a113-b9653a58c1d2,GRUBBRR Demos,loc-2bd29e8d-b962-472e-9e01-1ff06b6f9172,Fat Slice Demo,cat-0e2ed811-df7a-4eb4-b9b5-dcfcb1d25cea,Pizza,itm-af5b45ff-abcc-45e0-ac26-a0298d66e122,Hawaiian Luau Pizza,catlg-02cb3174-d197-4ae1-85da-53698e66d63b,NULL,NULL,0,Item,,NULL,NULL,NULL,False,NULL,NULL,NULL,True,True,2025-12-24 14:58:08.208856,2025-12-24 14:58:08.208856,2026-05-12 14:35:54.174971,NULL,NULL,hawaiian luau pizza
org-d4efebe6-0ab3-4f44-a113-b9653a58c1d2,GRUBBRR Demos,loc-2bd29e8d-b962-472e-9e01-1ff06b6f9172,Fat Slice Demo,cat-1ffddf7e-d8e3-486d-bdcf-d71174757f14,Signature Recipes,itm-ba3b6e13-4514-4def-8cea-151686fefc42,Super Supreme Pizza,catlg-02cb3174-d197-4ae1-85da-53698e66d63b,1.0000,2025-12-24 15:39:34.718722,0,Item,,NULL,NULL,NULL,False,NULL,NULL,NULL,True,False,2025-12-24 14:58:08.208856,2025-12-24 15:38:21.40371,2026-05-12 14:35:54.174971,NULL,NULL,pizza super supreme
org-d4efebe6-0ab3-4f44-a113-b9653a58c1d2,GRUBBRR Demos,loc-2bd29e8d-b962-472e-9e01-1ff06b6f9172,Fat Slice Demo,cat-0e2ed811-df7a-4eb4-b9b5-dcfcb1d25cea,Pizza,itm-8c1f2b28-1045-41b7-bf70-3aa608604310,Buffalo Chicken Pizza,catlg-02cb3174-d197-4ae1-85da-53698e66d63b,1.0000,2025-12-24 15:39:34.865412,0,Item,,NULL,NULL,NULL,False,NULL,NULL,NULL,True,False,2025-12-24 14:58:08.208856,2025-12-24 15:38:21.403714,2026-05-12 14:35:54.174971,NULL,NULL,buffalo chicken pizza
org-d4efebe6-0ab3-4f44-a113-b9653a58c1d2,GRUBBRR Demos,loc-2bd29e8d-b962-472e-9e01-1ff06b6f9172,Fat Slice Demo,cat-73ba60c5-7606-45f1-b2f1-9010deba4511,Party of One,itm-2306ebca-2ce9-46b6-bcc9-358711693abe,Pepperoni Lover's  Melt,catlg-02cb3174-d197-4ae1-85da-53698e66d63b,1.0000,2025-12-24 15:39:25.398233,0,Item,,NULL,NULL,NULL,False,NULL,NULL,NULL,True,False,2025-12-24 14:58:08.208856,2025-12-24 15:38:21.403712,2026-05-12 14:35:54.174971,NULL,NULL,lover melt pepperoni s
org-d4efebe6-0ab3-4f44-a113-b9653a58c1d2,GRUBBRR Demos,loc-2bd29e8d-b962-472e-9e01-1ff06b6f9172,Fat Slice Demo,cat-75024c9b-8ed2-4387-aec2-dbd7e7f1de73,Carryout Drinks,itm-b819cda1-6882-41f1-99f4-e581c1ccf841,4 Pack TWO Pepsi TWO Dr Pepper,catlg-02cb3174-d197-4ae1-85da-53698e66d63b,NULL,NULL,0,Item,,NULL,NULL,NULL,False,NULL,NULL,NULL,True,False,2025-12-24 14:58:08.208856,2025-12-24 15:38:21.403728,2026-05-12 14:35:54.174971,NULL,NULL,4 dr pack pepper pepsi two two
org-d4efebe6-0ab3-4f44-a113-b9653a58c1d2,GRUBBRR Demos,loc-2bd29e8d-b962-472e-9e01-1ff06b6f9172,Fat Slice Demo,cat-1ffddf7e-d8e3-486d-bdcf-d71174757f14,Signature Recipes,itm-92ce18ed-3bea-40d1-b1d3-3e4a5ad05812,Big New Yorker Pepperoni Duo,catlg-02cb3174-d197-4ae1-85da-53698e66d63b,15.4900,2025-12-24 15:39:18.167202,0,Item,,NULL,NULL,NULL,False,NULL,NULL,NULL,True,False,2025-12-24 14:58:08.208856,2025-12-24 15:38:21.403716,2026-05-12 14:35:54.174971,NULL,NULL,big duo new pepperoni yorker
org-d4efebe6-0ab3-4f44-a113-b9653a58c1d2,GRUBBRR Demos,loc-2bd29e8d-b962-472e-9e01-1ff06b6f9172,Fat Slice Demo,cat-da04b090-3657-48df-be98-46b26c08a809,Sides,itm-2e887189-c2f2-4f49-8ac5-382966661848,Red Pepper Shaker,catlg-02cb3174-d197-4ae1-85da-53698e66d63b,NULL,NULL,0,Item,,NULL,NULL,NULL,False,NULL,NULL,NULL,True,False,2025-12-24 14:58:08.208856,2025-12-24 15:38:21.403735,2026-05-12 14:35:54.174971,NULL,NULL,pepper red shaker
org-d4efebe6-0ab3-4f44-a113-b9653a58c1d2,GRUBBRR Demos,loc-2bd29e8d-b962-472e-9e01-1ff06b6f9172,Fat Slice Demo,cat-448c53fd-9ad3-4cf8-9208-2a62c43fc9e0,Pasta,itm-0fc9a186-0b5d-473d-98b7-2eb2a5d6da96,Oven Baked Cheesy Alfredo,catlg-02cb3174-d197-4ae1-85da-53698e66d63b,5.4400,2025-12-24 15:39:17.32174,0,Item,,NULL,NULL,NULL,False,NULL,NULL,NULL,True,False,2025-12-24 14:58:08.208856,2025-12-24 15:38:21.40373,2026-05-12 14:35:54.174971,NULL,NULL,alfredo baked cheesy oven
org-d4efebe6-0ab3-4f44-a113-b9653a58c1d2,GRUBBRR Demos,loc-2bd29e8d-b962-472e-9e01-1ff06b6f9172,Fat Slice Demo,cat-347eafd6-12d2-4222-af1a-54387ed89814,WingStreet,itm-91df6a5d-72ea-48c9-9a25-278ebcc70860,Cajun Style Dry Rub,catlg-02cb3174-d197-4ae1-85da-53698e66d63b,5.0000,2025-12-24 15:39:29.718353,0,Item,,NULL,NULL,NULL,False,NULL,NULL,NULL,False,False,2025-12-24 14:58:08.208856,2026-03-26 21:43:55.23015,2026-05-12 14:35:54.174971,NULL,NULL,cajun dry rub style
org-d4efebe6-0ab3-4f44-a113-b9653a58c1d2,GRUBBRR Demos,loc-2bd29e8d-b962-472e-9e01-1ff06b6f9172,Fat Slice Demo,cat-74e0a618-c504-4b9e-ba10-22b169df6304,Premium A,itm-a7eb2c1d-7ddc-4937-aff3-5f721a0d5837,Mavs,catlg-02cb3174-d197-4ae1-85da-53698e66d63b,1.0000,2025-12-24 15:38:50.051679,0,Item,,NULL,NULL,NULL,False,NULL,NULL,NULL,True,False,2025-12-24 14:58:08.208856,2025-12-24 15:38:21.403742,2026-05-12 14:35:54.174971,NULL,NULL,mavs
org-d4efebe6-0ab3-4f44-a113-b9653a58c1d2,GRUBBRR Demos,loc-2bd29e8d-b962-472e-9e01-1ff06b6f9172,Fat Slice Demo,cat-0e2ed811-df7a-4eb4-b9b5-dcfcb1d25cea,Pizza,itm-5d7d569d-2337-4197-b6f0-96aedbaa5289,Buffalo Chicken Melt,catlg-02cb3174-d197-4ae1-85da-53698e66d63b,1.0000,2025-12-24 15:39:25.445034,0,Item,,NULL,NULL,NULL,False,NULL,NULL,NULL,True,False,2025-12-24 14:58:08.208856,2025-12-24 15:38:21.403713,2026-05-12 14:35:54.174971,NULL,NULL,buffalo chicken melt
org-d4efebe6-0ab3-4f44-a113-b9653a58c1d2,GRUBBRR Demos,loc-2bd29e8d-b962-472e-9e01-1ff06b6f9172,Fat Slice Demo,cat-da04b090-3657-48df-be98-46b26c08a809,Sides,itm-5dad1988-a932-4410-9d70-0573fa538977,Cajun Style Fries,catlg-02cb3174-d197-4ae1-85da-53698e66d63b,3.4100,2025-12-24 15:39:19.325888,0,Item,,NULL,NULL,NULL,False,NULL,NULL,NULL,True,False,2025-12-24 14:58:08.208856,2025-12-24 15:38:21.403723,2026-05-12 14:35:54.174971,NULL,NULL,cajun fries style
org-d4efebe6-0ab3-4f44-a113-b9653a58c1d2,GRUBBRR Demos,loc-2bd29e8d-b962-472e-9e01-1ff06b6f9172,Fat Slice Demo,cat-86023512-34fd-49d8-ad86-b2da5b4d1edf,Beer,itm-65fdcf6a-aaf0-4052-b9ef-4df95a8e9aa0,Coors Light,catlg-02cb3174-d197-4ae1-85da-53698e66d63b,NULL,NULL,0,Item,,NULL,NULL,NULL,False,NULL,NULL,NULL,True,True,2025-12-24 14:58:08.208856,2025-12-24 14:58:08.208856,2026-05-12 14:35:54.174971,NULL,NULL,coors light
org-d4efebe6-0ab3-4f44-a113-b9653a58c1d2,GRUBBRR Demos,loc-2bd29e8d-b962-472e-9e01-1ff06b6f9172,Fat Slice Demo,cat-b947873e-e4fa-4686-9e6d-f5663f429a1a,Soft Drinks,itm-8e4bea24-b22d-454c-b976-624de0cf3103,Soft Drink,catlg-02cb3174-d197-4ae1-85da-53698e66d63b,NULL,NULL,0,Item,,NULL,NULL,NULL,False,NULL,NULL,NULL,False,True,2025-12-24 14:58:08.208856,2025-12-24 14:58:08.208856,2026-05-12 14:35:54.174971,NULL,NULL,drink soft
org-d4efebe6-0ab3-4f44-a113-b9653a58c1d2,GRUBBRR Demos,loc-2bd29e8d-b962-472e-9e01-1ff06b6f9172,Fat Slice Demo,cat-0e2ed811-df7a-4eb4-b9b5-dcfcb1d25cea,Pizza,itm-407b4e05-c759-43b0-a57d-206a2de8e1fb,Meat Lover's  Melt,catlg-02cb3174-d197-4ae1-85da-53698e66d63b,1.0000,2025-12-24 15:39:25.380287,0,Item,,NULL,NULL,NULL,False,NULL,NULL,NULL,True,False,2025-12-24 14:58:08.208856,2025-12-24 15:38:21.403712,2026-05-12 14:35:54.174971,NULL,NULL,lover meat melt s
org-d4efebe6-0ab3-4f44-a113-b9653a58c1d2,GRUBBRR Demos,loc-2bd29e8d-b962-472e-9e01-1ff06b6f9172,Fat Slice Demo,cat-75024c9b-8ed2-4387-aec2-dbd7e7f1de73,Carryout Drinks,itm-ec31753b-b28c-4d1a-a6d4-bab761091709,4 Pack Lineup,catlg-02cb3174-d197-4ae1-85da-53698e66d63b,NULL,NULL,0,Item,,NULL,NULL,NULL,False,NULL,NULL,NULL,False,False,2025-12-24 14:58:08.208856,2025-12-24 15:38:21.403726,2026-05-12 14:35:54.174971,NULL,NULL,4 lineup pack
org-d4efebe6-0ab3-4f44-a113-b9653a58c1d2,GRUBBRR Demos,loc-2bd29e8d-b962-472e-9e01-1ff06b6f9172,Fat Slice Demo,cat-da04b090-3657-48df-be98-46b26c08a809,Sides,itm-49c645b6-ff48-4645-820d-c317fb380445,Straight-Cut Fries,catlg-02cb3174-d197-4ae1-85da-53698e66d63b,3.4100,2025-12-24 15:39:19.321488,0,Item,,NULL,NULL,NULL,False,NULL,NULL,NULL,True,False,2025-12-24 14:58:08.208856,2025-12-24 15:38:21.403722,2026-05-12 14:35:54.174971,NULL,NULL,cut fries straight
org-d4efebe6-0ab3-4f44-a113-b9653a58c1d2,GRUBBRR Demos,loc-2bd29e8d-b962-472e-9e01-1ff06b6f9172,Fat Slice Demo,cat-448c53fd-9ad3-4cf8-9208-2a62c43fc9e0,Pasta,itm-6cfea858-b6d1-4e2a-b3c9-1d027bc16594,Oven-Baked Veggie Pasta,catlg-02cb3174-d197-4ae1-85da-53698e66d63b,NULL,NULL,0,Item,,NULL,NULL,NULL,False,NULL,NULL,NULL,True,False,2025-12-24 14:58:08.208856,2025-12-24 15:38:21.403732,2026-05-12 14:35:54.174971,NULL,NULL,baked oven pasta veggie
org-d4efebe6-0ab3-4f44-a113-b9653a58c1d2,GRUBBRR Demos,loc-2bd29e8d-b962-472e-9e01-1ff06b6f9172,Fat Slice Demo,cat-1aa62ced-f350-45ae-b929-92ea1432e130,Dessert,itm-c9438753-7603-4293-bf09-3baf46bf74a1,Cinnamon Sticks,catlg-02cb3174-d197-4ae1-85da-53698e66d63b,3.8800,2025-12-24 15:39:17.295348,0,Item,,NULL,NULL,NULL,False,NULL,NULL,NULL,True,False,2025-12-24 14:58:08.208856,2025-12-24 15:38:21.403741,2026-05-12 14:35:54.174971,NULL,NULL,cinnamon sticks
org-d4efebe6-0ab3-4f44-a113-b9653a58c1d2,GRUBBRR Demos,loc-2bd29e8d-b962-472e-9e01-1ff06b6f9172,Fat Slice Demo,cat-75024c9b-8ed2-4387-aec2-dbd7e7f1de73,Carryout Drinks,itm-47ab3a98-a49b-487c-8ede-f4299b59e177,Iced Tea,catlg-02cb3174-d197-4ae1-85da-53698e66d63b,1.8700,2025-12-24 15:39:19.772457,0,Item,,NULL,NULL,NULL,False,NULL,NULL,NULL,False,False,2025-12-24 14:58:08.208856,2025-12-24 15:38:21.403723,2026-05-12 14:35:54.174971,NULL,NULL,iced tea
org-d4efebe6-0ab3-4f44-a113-b9653a58c1d2,GRUBBRR Demos,loc-2bd29e8d-b962-472e-9e01-1ff06b6f9172,Fat Slice Demo,cat-448c53fd-9ad3-4cf8-9208-2a62c43fc9e0,Pasta,itm-ef9dc16b-e91b-4d7a-ae2a-20505806b7a0,Oven-Baked Veggie Pasta,catlg-02cb3174-d197-4ae1-85da-53698e66d63b,5.4400,2025-12-24 15:39:17.326569,0,Item,,NULL,NULL,NULL,False,NULL,NULL,NULL,True,False,2025-12-24 14:58:08.208856,2025-12-24 15:38:21.403731,2026-05-12 14:35:54.174971,NULL,NULL,baked oven pasta veggie
org-d4efebe6-0ab3-4f44-a113-b9653a58c1d2,GRUBBRR Demos,loc-2bd29e8d-b962-472e-9e01-1ff06b6f9172,Fat Slice Demo,cat-75024c9b-8ed2-4387-aec2-dbd7e7f1de73,Carryout Drinks,itm-1f716f49-6288-4278-bd95-57e54c213758,Pink Lemonade,catlg-02cb3174-d197-4ae1-85da-53698e66d63b,NULL,NULL,0,Item,,NULL,NULL,NULL,False,NULL,NULL,NULL,False,True,2025-12-24 14:58:08.208856,2025-12-24 14:58:08.208856,2026-05-12 14:35:54.174971,NULL,NULL,lemonade pink
org-d4efebe6-0ab3-4f44-a113-b9653a58c1d2,GRUBBRR Demos,loc-2bd29e8d-b962-472e-9e01-1ff06b6f9172,Fat Slice Demo,cat-2253f67d-7adb-4367-be59-444b8b7acb4b,Wine,itm-545a0250-5991-4086-bf68-3cc748f05cae,Wine,catlg-02cb3174-d197-4ae1-85da-53698e66d63b,NULL,NULL,0,Item,,NULL,NULL,NULL,False,NULL,NULL,NULL,True,True,2025-12-24 14:58:08.208856,2025-12-24 14:58:08.208856,2026-05-12 14:35:54.174971,NULL,NULL,wine
org-d4efebe6-0ab3-4f44-a113-b9653a58c1d2,GRUBBRR Demos,loc-2bd29e8d-b962-472e-9e01-1ff06b6f9172,Fat Slice Demo,cat-0e2ed811-df7a-4eb4-b9b5-dcfcb1d25cea,Pizza,itm-e6ea9741-6dd7-4102-ae08-6cba166be21d,Cheese Special,catlg-02cb3174-d197-4ae1-85da-53698e66d63b,NULL,NULL,0,Item,,NULL,NULL,NULL,False,NULL,NULL,NULL,False,True,2025-12-24 14:58:08.208856,2025-12-24 14:58:08.208856,2026-05-12 14:35:54.174971,NULL,NULL,cheese special
org-d4efebe6-0ab3-4f44-a113-b9653a58c1d2,GRUBBRR Demos,loc-2bd29e8d-b962-472e-9e01-1ff06b6f9172,Fat Slice Demo,cat-1852958f-c5d8-4ff0-99c2-eede6e11765b,Appetizer,itm-2e4dc980-8745-4f23-95b2-b605a70987cb,Buffet Sticks,catlg-02cb3174-d197-4ae1-85da-53698e66d63b,NULL,NULL,0,Item,,NULL,NULL,NULL,False,NULL,NULL,NULL,True,True,2025-12-24 14:58:08.208856,2025-12-24 14:58:08.208856,2026-05-12 14:35:54.174971,NULL,NULL,buffet sticks
org-d4efebe6-0ab3-4f44-a113-b9653a58c1d2,GRUBBRR Demos,loc-2bd29e8d-b962-472e-9e01-1ff06b6f9172,Fat Slice Demo,cat-19efd949-c0f9-411e-9d7b-57b88a7fbae7,School Lunch,itm-4c86a06b-c65d-4fcd-a0d7-382880dd0abc,NSLP Veggie Pizza,catlg-02cb3174-d197-4ae1-85da-53698e66d63b,NULL,NULL,0,Item,,NULL,NULL,NULL,False,NULL,NULL,NULL,True,True,2025-12-24 14:58:08.208856,2025-12-24 14:58:08.208856,2026-05-12 14:35:54.174971,NULL,NULL,nslp pizza veggie
org-d4efebe6-0ab3-4f44-a113-b9653a58c1d2,GRUBBRR Demos,loc-2bd29e8d-b962-472e-9e01-1ff06b6f9172,Fat Slice Demo,cat-448c53fd-9ad3-4cf8-9208-2a62c43fc9e0,Pasta,itm-6a7a6bd9-e69a-48f3-a998-b4aab609c05e,Buffet Italian Meats Pasta,catlg-02cb3174-d197-4ae1-85da-53698e66d63b,NULL,NULL,0,Item,,NULL,NULL,NULL,False,NULL,NULL,NULL,True,True,2025-12-24 14:58:08.208856,2025-12-24 14:58:08.208856,2026-05-12 14:35:54.174971,NULL,NULL,buffet italian meats pasta
org-d4efebe6-0ab3-4f44-a113-b9653a58c1d2,GRUBBRR Demos,loc-2bd29e8d-b962-472e-9e01-1ff06b6f9172,Fat Slice Demo,cat-1ffddf7e-d8e3-486d-bdcf-d71174757f14,Signature Recipes,itm-3bb07894-af28-4cd5-9ded-238ecd1ceb04,Supreme Pizza,catlg-02cb3174-d197-4ae1-85da-53698e66d63b,1.0000,2025-12-24 15:39:34.690006,0,Item,,NULL,NULL,NULL,False,NULL,NULL,NULL,True,False,2025-12-24 14:58:08.208856,2026-03-26 20:40:02.008643,2026-05-12 14:35:54.174971,NULL,NULL,pizza supreme
org-d4efebe6-0ab3-4f44-a113-b9653a58c1d2,GRUBBRR Demos,loc-2bd29e8d-b962-472e-9e01-1ff06b6f9172,Fat Slice Demo,cat-19efd949-c0f9-411e-9d7b-57b88a7fbae7,School Lunch,itm-09d1c1a7-0e3c-4451-8550-4788d4d3c54a,NSLP Pepperoni Lite Pizza,catlg-02cb3174-d197-4ae1-85da-53698e66d63b,NULL,NULL,0,Item,,NULL,NULL,NULL,False,NULL,NULL,NULL,True,True,2025-12-24 14:58:08.208856,2025-12-24 14:58:08.208856,2026-05-12 14:35:54.174971,NULL,NULL,lite nslp pepperoni pizza
org-d4efebe6-0ab3-4f44-a113-b9653a58c1d2,GRUBBRR Demos,loc-2bd29e8d-b962-472e-9e01-1ff06b6f9172,Fat Slice Demo,cat-da04b090-3657-48df-be98-46b26c08a809,Sides,itm-02802b8a-d784-41d3-96e2-8d21301421eb,Roasted Garlic Cheese Sticks,catlg-02cb3174-d197-4ae1-85da-53698e66d63b,4.9900,2025-12-24 15:39:18.312772,0,Item,,NULL,NULL,NULL,False,NULL,NULL,NULL,True,False,2025-12-24 14:58:08.208856,2026-03-26 21:12:22.050158,2026-05-12 14:35:54.174971,NULL,NULL,cheese garlic roasted sticks
org-d4efebe6-0ab3-4f44-a113-b9653a58c1d2,GRUBBRR Demos,loc-2bd29e8d-b962-472e-9e01-1ff06b6f9172,Fat Slice Demo,cat-1852958f-c5d8-4ff0-99c2-eede6e11765b,Appetizer,itm-0e576224-815f-45c8-b308-513cb0072017,Blue Cheese,catlg-02cb3174-d197-4ae1-85da-53698e66d63b,0.4000,2025-12-24 15:39:19.437606,0,Item,,NULL,NULL,NULL,False,NULL,NULL,NULL,True,False,2025-12-24 14:58:08.208856,2025-12-24 15:38:21.403737,2026-05-12 14:35:54.174971,NULL,NULL,blue cheese
org-d4efebe6-0ab3-4f44-a113-b9653a58c1d2,GRUBBRR Demos,loc-2bd29e8d-b962-472e-9e01-1ff06b6f9172,Fat Slice Demo,cat-0e2ed811-df7a-4eb4-b9b5-dcfcb1d25cea,Pizza,itm-62f4543e-3d6b-4c76-b36a-65f01e55c2db,PrimoMeat,catlg-02cb3174-d197-4ae1-85da-53698e66d63b,NULL,NULL,0,Item,,NULL,NULL,NULL,False,NULL,NULL,NULL,True,True,2025-12-24 14:58:08.208856,2025-12-24 14:58:08.208856,2026-05-12 14:35:54.174971,NULL,NULL,primomeat
org-d4efebe6-0ab3-4f44-a113-b9653a58c1d2,GRUBBRR Demos,loc-2bd29e8d-b962-472e-9e01-1ff06b6f9172,Fat Slice Demo,cat-9bcdefd0-f1b6-4c86-97c8-82748dd5b01e,Dips,itm-b326ff64-7c17-4b92-8b2e-0532cf10c170,Extra Sauce,catlg-02cb3174-d197-4ae1-85da-53698e66d63b,NULL,NULL,0,Item,,NULL,NULL,NULL,False,NULL,NULL,NULL,True,False,2025-12-24 14:58:08.208856,2025-12-24 15:38:21.403734,2026-05-12 14:35:54.174971,NULL,NULL,extra sauce
org-d4efebe6-0ab3-4f44-a113-b9653a58c1d2,GRUBBRR Demos,loc-2bd29e8d-b962-472e-9e01-1ff06b6f9172,Fat Slice Demo,cat-d1a3b743-829c-43de-8ddf-78af1d46c4b5,Signature Recipes,itm-3bb07894-af28-4cd5-9ded-238ecd1ceb04,Supreme Pizza,catlg-02cb3174-d197-4ae1-85da-53698e66d63b,1.0000,2025-12-24 15:39:34.690006,0,Item,,NULL,NULL,NULL,False,NULL,NULL,NULL,True,False,2025-12-24 14:58:08.208856,2026-03-26 20:40:02.008643,2026-05-12 14:35:54.174971,NULL,NULL,pizza supreme
org-d4efebe6-0ab3-4f44-a113-b9653a58c1d2,GRUBBRR Demos,loc-2bd29e8d-b962-472e-9e01-1ff06b6f9172,Fat Slice Demo,cat-1ffddf7e-d8e3-486d-bdcf-d71174757f14,Signature Recipes,itm-0cd2c318-4b64-4a8c-87c5-4dd8283ef921,Veggie Lover's  Pizza,catlg-02cb3174-d197-4ae1-85da-53698e66d63b,1.0000,2025-12-24 15:39:34.802541,0,Item,,NULL,NULL,NULL,False,NULL,NULL,NULL,True,False,2025-12-24 14:58:08.208856,2026-03-26 20:40:41.581159,2026-05-12 14:35:54.174971,NULL,NULL,lover pizza s veggie
org-d4efebe6-0ab3-4f44-a113-b9653a58c1d2,GRUBBRR Demos,loc-2bd29e8d-b962-472e-9e01-1ff06b6f9172,Fat Slice Demo,cat-86023512-34fd-49d8-ad86-b2da5b4d1edf,Beer,itm-ff8c1053-ad69-4557-bed7-833d684a9f5f,Regular Beer,catlg-02cb3174-d197-4ae1-85da-53698e66d63b,NULL,NULL,0,Item,,NULL,NULL,NULL,False,NULL,NULL,NULL,True,True,2025-12-24 14:58:08.208856,2025-12-24 14:58:08.208856,2026-05-12 14:35:54.174971,NULL,NULL,beer regular
org-d4efebe6-0ab3-4f44-a113-b9653a58c1d2,GRUBBRR Demos,loc-2bd29e8d-b962-472e-9e01-1ff06b6f9172,Fat Slice Demo,cat-248f6668-5b2f-4d1d-88d4-291504a00663,Tavern Style Recipes,itm-93a760a7-1b0e-4d82-9094-5c04022bce42,Ultimate Pizza,catlg-02cb3174-d197-4ae1-85da-53698e66d63b,1.9900,2025-12-24 15:39:34.377378,0,Item,,NULL,NULL,NULL,False,NULL,NULL,NULL,True,False,2025-12-24 14:58:08.208856,2025-12-24 15:38:21.403717,2026-05-12 14:35:54.174971,NULL,NULL,pizza ultimate
org-d4efebe6-0ab3-4f44-a113-b9653a58c1d2,GRUBBRR Demos,loc-2bd29e8d-b962-472e-9e01-1ff06b6f9172,Fat Slice Demo,cat-75024c9b-8ed2-4387-aec2-dbd7e7f1de73,Carryout Drinks,itm-9a751166-04f6-486d-8bba-3a51f3339dbc,Lipton  Citrus Green Tea,catlg-02cb3174-d197-4ae1-85da-53698e66d63b,1.8700,2025-12-24 15:39:19.799865,0,Item,,NULL,NULL,NULL,False,NULL,NULL,NULL,True,False,2025-12-24 14:58:08.208856,2025-12-24 14:58:08.208856,2026-05-12 14:35:54.174971,NULL,NULL,citrus green lipton tea
org-d4efebe6-0ab3-4f44-a113-b9653a58c1d2,GRUBBRR Demos,loc-2bd29e8d-b962-472e-9e01-1ff06b6f9172,Fat Slice Demo,cat-1852958f-c5d8-4ff0-99c2-eede6e11765b,Appetizer,itm-b61f6c40-5dab-48be-b3cd-4b543b015b55,Parmesan Cheese Shaker,catlg-02cb3174-d197-4ae1-85da-53698e66d63b,NULL,NULL,0,Item,,NULL,NULL,NULL,False,NULL,NULL,NULL,True,False,2025-12-24 14:58:08.208856,2025-12-24 15:38:21.403735,2026-05-12 14:35:54.174971,NULL,NULL,cheese parmesan shaker
org-d4efebe6-0ab3-4f44-a113-b9653a58c1d2,GRUBBRR Demos,loc-2bd29e8d-b962-472e-9e01-1ff06b6f9172,Fat Slice Demo,cat-da04b090-3657-48df-be98-46b26c08a809,Sides,itm-14a1b6fc-b026-4f06-857e-71eecd96fed1,Cheese Sticks,catlg-02cb3174-d197-4ae1-85da-53698e66d63b,4.8000,2025-12-24 15:39:17.333209,0,Item,,NULL,NULL,NULL,False,NULL,NULL,NULL,True,False,2025-12-24 14:58:08.208856,2026-03-27 05:25:24.064518,2026-05-12 14:35:54.174971,NULL,NULL,cheese sticks
org-d4efebe6-0ab3-4f44-a113-b9653a58c1d2,GRUBBRR Demos,loc-2bd29e8d-b962-472e-9e01-1ff06b6f9172,Fat Slice Demo,cat-73ba60c5-7606-45f1-b2f1-9010deba4511,Party of One,itm-407b4e05-c759-43b0-a57d-206a2de8e1fb,Meat Lover's  Melt,catlg-02cb3174-d197-4ae1-85da-53698e66d63b,1.0000,2025-12-24 15:39:25.380287,0,Item,,NULL,NULL,NULL,False,NULL,NULL,NULL,True,False,2025-12-24 14:58:08.208856,2025-12-24 15:38:21.403712,2026-05-12 14:35:54.174971,NULL,NULL,lover meat melt s
org-d4efebe6-0ab3-4f44-a113-b9653a58c1d2,GRUBBRR Demos,loc-2bd29e8d-b962-472e-9e01-1ff06b6f9172,Fat Slice Demo,cat-1852958f-c5d8-4ff0-99c2-eede6e11765b,Appetizer,itm-14dd6fb1-2329-48e1-9d24-73d1754b285c,Garlic Bread,catlg-02cb3174-d197-4ae1-85da-53698e66d63b,NULL,NULL,0,Item,,NULL,NULL,NULL,False,NULL,NULL,NULL,True,True,2025-12-24 14:58:08.208856,2025-12-24 14:58:08.208856,2026-05-12 14:35:54.174971,NULL,NULL,bread garlic
org-d4efebe6-0ab3-4f44-a113-b9653a58c1d2,GRUBBRR Demos,loc-2bd29e8d-b962-472e-9e01-1ff06b6f9172,Fat Slice Demo,cat-86023512-34fd-49d8-ad86-b2da5b4d1edf,Beer,itm-9ef2092c-cfed-4c51-823b-711ef514d86d,Lite Beer,catlg-02cb3174-d197-4ae1-85da-53698e66d63b,NULL,NULL,0,Item,,NULL,NULL,NULL,False,NULL,NULL,NULL,True,True,2025-12-24 14:58:08.208856,2025-12-24 14:58:08.208856,2026-05-12 14:35:54.174971,NULL,NULL,beer lite
org-d4efebe6-0ab3-4f44-a113-b9653a58c1d2,GRUBBRR Demos,loc-2bd29e8d-b962-472e-9e01-1ff06b6f9172,Fat Slice Demo,cat-75024c9b-8ed2-4387-aec2-dbd7e7f1de73,Carryout Drinks,itm-9432fb14-c9a5-4381-8eca-b0ec033ca32f,Dr. Pepper,catlg-02cb3174-d197-4ae1-85da-53698e66d63b,1.8700,2025-12-24 15:39:19.790408,0,Item,,NULL,NULL,NULL,False,NULL,NULL,NULL,True,False,2025-12-24 14:58:08.208856,2026-03-27 04:35:38.202202,2026-05-12 14:35:54.174971,NULL,NULL,dr pepper
org-d4efebe6-0ab3-4f44-a113-b9653a58c1d2,GRUBBRR Demos,loc-2bd29e8d-b962-472e-9e01-1ff06b6f9172,Fat Slice Demo,cat-0e2ed811-df7a-4eb4-b9b5-dcfcb1d25cea,Pizza,itm-ae57f6da-58b7-415c-a62f-385ebedab766,Cheesesteak,catlg-02cb3174-d197-4ae1-85da-53698e66d63b,NULL,NULL,0,Item,,NULL,NULL,NULL,False,NULL,NULL,NULL,False,True,2025-12-24 14:58:08.208856,2025-12-24 14:58:08.208856,2026-05-12 14:35:54.174971,NULL,NULL,cheesesteak
org-d4efebe6-0ab3-4f44-a113-b9653a58c1d2,GRUBBRR Demos,loc-2bd29e8d-b962-472e-9e01-1ff06b6f9172,Fat Slice Demo,cat-75024c9b-8ed2-4387-aec2-dbd7e7f1de73,Carryout Drinks,itm-59a67837-98bc-47f1-a274-7fdfb3001b1f,Carryout Drink,catlg-02cb3174-d197-4ae1-85da-53698e66d63b,NULL,NULL,0,Item,,NULL,NULL,NULL,False,NULL,NULL,NULL,False,True,2025-12-24 14:58:08.208856,2025-12-24 14:58:08.208856,2026-05-12 14:35:54.174971,NULL,NULL,carryout drink
org-d4efebe6-0ab3-4f44-a113-b9653a58c1d2,GRUBBRR Demos,loc-2bd29e8d-b962-472e-9e01-1ff06b6f9172,Fat Slice Demo,cat-1ffddf7e-d8e3-486d-bdcf-d71174757f14,Signature Recipes,itm-0e7a0c76-374e-417a-9c2d-254880d8033e,Meat Lover's  Pizza,catlg-02cb3174-d197-4ae1-85da-53698e66d63b,1.0000,2025-12-24 15:39:34.745123,0,Item,,NULL,NULL,NULL,False,NULL,NULL,NULL,True,False,2025-12-24 14:58:08.208856,2025-12-24 15:38:21.40371,2026-05-12 14:35:54.174971,NULL,NULL,lover meat pizza s
org-d4efebe6-0ab3-4f44-a113-b9653a58c1d2,GRUBBRR Demos,loc-2bd29e8d-b962-472e-9e01-1ff06b6f9172,Fat Slice Demo,cat-448c53fd-9ad3-4cf8-9208-2a62c43fc9e0,Pasta,itm-da9b47b1-2981-422c-93e4-cc3846721fc5,Buffet Cheesy Alfredo Pasta,catlg-02cb3174-d197-4ae1-85da-53698e66d63b,NULL,NULL,0,Item,,NULL,NULL,NULL,False,NULL,NULL,NULL,True,True,2025-12-24 14:58:08.208856,2025-12-24 14:58:08.208856,2026-05-12 14:35:54.174971,NULL,NULL,alfredo buffet cheesy pasta
org-d4efebe6-0ab3-4f44-a113-b9653a58c1d2,GRUBBRR Demos,loc-2bd29e8d-b962-472e-9e01-1ff06b6f9172,Fat Slice Demo,cat-75024c9b-8ed2-4387-aec2-dbd7e7f1de73,Carryout Drinks,itm-b6d9296c-361f-4e65-b2b3-5e56e833a392,Lipton  Sweet Tea,catlg-02cb3174-d197-4ae1-85da-53698e66d63b,NULL,NULL,0,Item,,NULL,NULL,NULL,False,NULL,NULL,NULL,True,True,2025-12-24 14:58:08.208856,2025-12-24 14:58:08.208856,2026-05-12 14:35:54.174971,NULL,NULL,lipton sweet tea
org-d4efebe6-0ab3-4f44-a113-b9653a58c1d2,GRUBBRR Demos,loc-2bd29e8d-b962-472e-9e01-1ff06b6f9172,Fat Slice Demo,cat-0e2ed811-df7a-4eb4-b9b5-dcfcb1d25cea,Pizza,itm-a91ddba3-4a2d-4dcd-94dd-7fea5c4c2066,Pepperoni Lover's  Pizza,catlg-02cb3174-d197-4ae1-85da-53698e66d63b,1.0000,2025-12-24 15:39:34.771812,0,Item,,NULL,NULL,NULL,False,NULL,NULL,NULL,True,False,2025-12-24 14:58:08.208856,2025-12-24 15:38:21.403711,2026-05-12 14:35:54.174971,NULL,NULL,lover pepperoni pizza s
org-d4efebe6-0ab3-4f44-a113-b9653a58c1d2,GRUBBRR Demos,loc-2bd29e8d-b962-472e-9e01-1ff06b6f9172,Fat Slice Demo,cat-1852958f-c5d8-4ff0-99c2-eede6e11765b,Appetizer,itm-ded07c11-9443-44cc-8928-56814c78b792,Garlic Sauce,catlg-02cb3174-d197-4ae1-85da-53698e66d63b,NULL,NULL,0,Item,,NULL,NULL,NULL,False,NULL,NULL,NULL,True,True,2025-12-24 14:58:08.208856,2025-12-24 14:58:08.208856,2026-05-12 14:35:54.174971,NULL,NULL,garlic sauce
org-d4efebe6-0ab3-4f44-a113-b9653a58c1d2,GRUBBRR Demos,loc-2bd29e8d-b962-472e-9e01-1ff06b6f9172,Fat Slice Demo,cat-1ffddf7e-d8e3-486d-bdcf-d71174757f14,Signature Recipes,itm-d5c7f221-1e71-4cad-bbd2-26b7643aa258,Hawaiian Chicken Pizza,catlg-02cb3174-d197-4ae1-85da-53698e66d63b,1.0000,2025-12-24 15:39:34.894846,0,Item,,NULL,NULL,NULL,False,NULL,NULL,NULL,True,False,2025-12-24 14:58:08.208856,2026-03-26 20:39:06.61418,2026-05-12 14:35:54.174971,NULL,NULL,chicken hawaiian pizza
org-d4efebe6-0ab3-4f44-a113-b9653a58c1d2,GRUBBRR Demos,loc-2bd29e8d-b962-472e-9e01-1ff06b6f9172,Fat Slice Demo,cat-347eafd6-12d2-4222-af1a-54387ed89814,WingStreet,itm-4631b47a-27b5-4c4a-9aa6-d9c88d5759b8,Chocolate Donut Bites,catlg-02cb3174-d197-4ae1-85da-53698e66d63b,NULL,NULL,0,Item,,NULL,NULL,NULL,False,NULL,NULL,NULL,True,True,2025-12-24 14:58:08.208856,2025-12-24 14:58:08.208856,2026-05-12 14:35:54.174971,NULL,NULL,bites chocolate donut
org-d4efebe6-0ab3-4f44-a113-b9653a58c1d2,GRUBBRR Demos,loc-2bd29e8d-b962-472e-9e01-1ff06b6f9172,Fat Slice Demo,cat-75024c9b-8ed2-4387-aec2-dbd7e7f1de73,Carryout Drinks,itm-3a64a13b-8661-48f4-be6a-d654bd8f1e54,Mug  Root Beer,catlg-02cb3174-d197-4ae1-85da-53698e66d63b,1.8700,2025-12-24 15:39:19.796749,0,Item,,NULL,NULL,NULL,False,NULL,NULL,NULL,False,False,2025-12-24 14:58:08.208856,2026-03-26 21:30:13.720874,2026-05-12 14:35:54.174971,NULL,NULL,beer mug root
org-d4efebe6-0ab3-4f44-a113-b9653a58c1d2,GRUBBRR Demos,loc-2bd29e8d-b962-472e-9e01-1ff06b6f9172,Fat Slice Demo,cat-19efd949-c0f9-411e-9d7b-57b88a7fbae7,School Lunch,itm-fc76ed3b-d8d6-48bb-9223-ccfc12bdf3bf,Reserved,catlg-02cb3174-d197-4ae1-85da-53698e66d63b,NULL,NULL,0,Item,,NULL,NULL,NULL,False,NULL,NULL,NULL,True,False,2025-12-24 14:58:08.208856,2025-12-24 15:38:21.403744,2026-05-12 14:35:54.174971,NULL,NULL,reserved
org-d4efebe6-0ab3-4f44-a113-b9653a58c1d2,GRUBBRR Demos,loc-2bd29e8d-b962-472e-9e01-1ff06b6f9172,Fat Slice Demo,cat-0e2ed811-df7a-4eb4-b9b5-dcfcb1d25cea,Pizza,itm-6bb6a574-9172-4bbb-a255-42a99cd32ab7,Chicken Taco pizza,catlg-02cb3174-d197-4ae1-85da-53698e66d63b,NULL,NULL,0,Item,,NULL,NULL,NULL,False,NULL,NULL,NULL,True,True,2025-12-24 14:58:08.208856,2025-12-24 14:58:08.208856,2026-05-12 14:35:54.174971,NULL,NULL,chicken pizza taco
org-d4efebe6-0ab3-4f44-a113-b9653a58c1d2,GRUBBRR Demos,loc-2bd29e8d-b962-472e-9e01-1ff06b6f9172,Fat Slice Demo,cat-1ffddf7e-d8e3-486d-bdcf-d71174757f14,Signature Recipes,itm-a91ddba3-4a2d-4dcd-94dd-7fea5c4c2066,Pepperoni Lover's  Pizza,catlg-02cb3174-d197-4ae1-85da-53698e66d63b,1.0000,2025-12-24 15:39:34.771812,0,Item,,NULL,NULL,NULL,False,NULL,NULL,NULL,True,False,2025-12-24 14:58:08.208856,2025-12-24 15:38:21.403711,2026-05-12 14:35:54.174971,NULL,NULL,lover pepperoni pizza s
org-d4efebe6-0ab3-4f44-a113-b9653a58c1d2,GRUBBRR Demos,loc-2bd29e8d-b962-472e-9e01-1ff06b6f9172,Fat Slice Demo,cat-75024c9b-8ed2-4387-aec2-dbd7e7f1de73,Carryout Drinks,itm-895e7073-5691-47ac-be0e-ab802880ad03,Grape Drink,catlg-02cb3174-d197-4ae1-85da-53698e66d63b,NULL,NULL,0,Item,,NULL,NULL,NULL,False,NULL,NULL,NULL,True,True,2025-12-24 14:58:08.208856,2025-12-24 14:58:08.208856,2026-05-12 14:35:54.174971,NULL,NULL,drink grape
org-d4efebe6-0ab3-4f44-a113-b9653a58c1d2,GRUBBRR Demos,loc-2bd29e8d-b962-472e-9e01-1ff06b6f9172,Fat Slice Demo,cat-1852958f-c5d8-4ff0-99c2-eede6e11765b,Appetizer,itm-f7ba4c9e-28bb-4f60-88c8-fa93f638ab30,Mini Basketballs,catlg-02cb3174-d197-4ae1-85da-53698e66d63b,NULL,NULL,0,Item,,NULL,NULL,NULL,False,NULL,NULL,NULL,True,True,2025-12-24 14:58:08.208856,2025-12-24 14:58:08.208856,2026-05-12 14:35:54.174971,NULL,NULL,basketballs mini
org-d4efebe6-0ab3-4f44-a113-b9653a58c1d2,GRUBBRR Demos,loc-2bd29e8d-b962-472e-9e01-1ff06b6f9172,Fat Slice Demo,cat-da04b090-3657-48df-be98-46b26c08a809,Sides,itm-e5361d4c-7409-460b-a31a-c03069c5b518,Lemon Pepper Fries,catlg-02cb3174-d197-4ae1-85da-53698e66d63b,3.4100,2025-12-24 15:39:19.329348,0,Item,,NULL,NULL,NULL,False,NULL,NULL,NULL,True,False,2025-12-24 14:58:08.208856,2025-12-24 15:38:21.403723,2026-05-12 14:35:54.174971,NULL,NULL,fries lemon pepper
org-d4efebe6-0ab3-4f44-a113-b9653a58c1d2,GRUBBRR Demos,loc-2bd29e8d-b962-472e-9e01-1ff06b6f9172,Fat Slice Demo,cat-74e0a618-c504-4b9e-ba10-22b169df6304,Premium A,itm-59b35f1c-4148-4c8d-bade-b0e227caf440,$1 Literacy Donation,catlg-02cb3174-d197-4ae1-85da-53698e66d63b,1.0000,2025-12-24 15:38:50.047846,0,Item,,NULL,NULL,NULL,False,NULL,NULL,NULL,True,False,2025-12-24 14:58:08.208856,2025-12-24 15:38:21.403742,2026-05-12 14:35:54.174971,NULL,NULL,1 donation literacy
org-d4efebe6-0ab3-4f44-a113-b9653a58c1d2,GRUBBRR Demos,loc-2bd29e8d-b962-472e-9e01-1ff06b6f9172,Fat Slice Demo,cat-75024c9b-8ed2-4387-aec2-dbd7e7f1de73,Carryout Drinks,itm-8f630d15-bce8-4c12-a334-4d910f8397eb,Brisk  Sweet Tea w/ Lemon,catlg-02cb3174-d197-4ae1-85da-53698e66d63b,NULL,NULL,0,Item,,NULL,NULL,NULL,False,NULL,NULL,NULL,True,True,2025-12-24 14:58:08.208856,2025-12-24 14:58:08.208856,2026-05-12 14:35:54.174971,NULL,NULL,brisk lemon sweet tea w
org-d4efebe6-0ab3-4f44-a113-b9653a58c1d2,GRUBBRR Demos,loc-2bd29e8d-b962-472e-9e01-1ff06b6f9172,Fat Slice Demo,cat-da04b090-3657-48df-be98-46b26c08a809,Sides,itm-207e0f27-e2b7-4dfc-8eca-1f929f5058da,Bacon Cheddar Cheese Sticks,catlg-02cb3174-d197-4ae1-85da-53698e66d63b,4.9900,2025-12-24 15:39:18.315854,0,Item,,NULL,NULL,NULL,False,NULL,NULL,NULL,True,False,2025-12-24 14:58:08.208856,2026-03-26 21:19:06.114124,2026-05-12 14:35:54.174971,NULL,NULL,bacon cheddar cheese sticks
org-d4efebe6-0ab3-4f44-a113-b9653a58c1d2,GRUBBRR Demos,loc-2bd29e8d-b962-472e-9e01-1ff06b6f9172,Fat Slice Demo,cat-0e2ed811-df7a-4eb4-b9b5-dcfcb1d25cea,Pizza,itm-bc7ebd14-80ec-49df-a8f8-c084f52e1742,Spicy Chicken Sausage Pizza,catlg-02cb3174-d197-4ae1-85da-53698e66d63b,1.9900,2025-12-24 15:39:34.45047,0,Item,,NULL,NULL,NULL,False,NULL,NULL,NULL,True,False,2025-12-24 14:58:08.208856,2025-12-24 15:38:21.403717,2026-05-12 14:35:54.174971,NULL,NULL,chicken pizza sausage spicy
org-d4efebe6-0ab3-4f44-a113-b9653a58c1d2,GRUBBRR Demos,loc-2bd29e8d-b962-472e-9e01-1ff06b6f9172,Fat Slice Demo,cat-32971ae3-b3d4-4cc0-b264-5db5c1c770ef,Melts,itm-407b4e05-c759-43b0-a57d-206a2de8e1fb,Meat Lover's  Melt,catlg-02cb3174-d197-4ae1-85da-53698e66d63b,1.0000,2025-12-24 15:39:25.380287,0,Item,,NULL,NULL,NULL,False,NULL,NULL,NULL,True,False,2025-12-24 14:58:08.208856,2025-12-24 15:38:21.403712,2026-05-12 14:35:54.174971,NULL,NULL,lover meat melt s
org-d4efebe6-0ab3-4f44-a113-b9653a58c1d2,GRUBBRR Demos,loc-2bd29e8d-b962-472e-9e01-1ff06b6f9172,Fat Slice Demo,cat-75024c9b-8ed2-4387-aec2-dbd7e7f1de73,Carryout Drinks,itm-ae08a8f1-a7be-40ee-aae3-654d3d1645eb,4 Pack TWO Starry TWO Mtn Dew,catlg-02cb3174-d197-4ae1-85da-53698e66d63b,NULL,NULL,0,Item,,NULL,NULL,NULL,False,NULL,NULL,NULL,True,False,2025-12-24 14:58:08.208856,2025-12-24 15:38:21.403729,2026-05-12 14:35:54.174971,NULL,NULL,4 dew mtn pack starry two two
org-d4efebe6-0ab3-4f44-a113-b9653a58c1d2,GRUBBRR Demos,loc-2bd29e8d-b962-472e-9e01-1ff06b6f9172,Fat Slice Demo,cat-0e2ed811-df7a-4eb4-b9b5-dcfcb1d25cea,Pizza,itm-a0f405e7-70aa-4398-ac9a-e57aac981250,Personal Fang,catlg-02cb3174-d197-4ae1-85da-53698e66d63b,NULL,NULL,0,Item,,NULL,NULL,NULL,False,NULL,NULL,NULL,True,True,2025-12-24 14:58:08.208856,2025-12-24 14:58:08.208856,2026-05-12 14:35:54.174971,NULL,NULL,fang personal
org-d4efebe6-0ab3-4f44-a113-b9653a58c1d2,GRUBBRR Demos,loc-2bd29e8d-b962-472e-9e01-1ff06b6f9172,Fat Slice Demo,cat-f99b7508-5741-4789-b9e4-605ae0a9867a,No Tax Beverages,itm-3d4f924a-f27b-4e04-b2dc-c7a7dd0f0902,Aquafina,catlg-02cb3174-d197-4ae1-85da-53698e66d63b,1.8700,2025-12-24 15:39:19.775489,0,Item,,NULL,NULL,NULL,False,NULL,NULL,NULL,True,False,2025-12-24 14:58:08.208856,2026-03-26 21:29:29.432335,2026-05-12 14:35:54.174971,NULL,NULL,aquafina
org-d4efebe6-0ab3-4f44-a113-b9653a58c1d2,GRUBBRR Demos,loc-2bd29e8d-b962-472e-9e01-1ff06b6f9172,Fat Slice Demo,cat-91628b0b-c70b-4b39-83c6-96365f3ac02a,Gift Card,itm-384de598-0d6c-413b-895a-82477e5883c3,Gift Card,catlg-02cb3174-d197-4ae1-85da-53698e66d63b,NULL,NULL,0,Item,,NULL,NULL,NULL,False,NULL,NULL,NULL,True,False,2025-12-24 14:58:08.208856,2025-12-24 15:38:21.403743,2026-05-12 14:35:54.174971,NULL,NULL,card gift
org-d4efebe6-0ab3-4f44-a113-b9653a58c1d2,GRUBBRR Demos,loc-2bd29e8d-b962-472e-9e01-1ff06b6f9172,Fat Slice Demo,cat-75024c9b-8ed2-4387-aec2-dbd7e7f1de73,Carryout Drinks,itm-02db7298-c895-45ea-8c7d-c74b7ea3c674,Sunkist,catlg-02cb3174-d197-4ae1-85da-53698e66d63b,NULL,NULL,0,Item,,NULL,NULL,NULL,False,NULL,NULL,NULL,True,True,2025-12-24 14:58:08.208856,2025-12-24 14:58:08.208856,2026-05-12 14:35:54.174971,NULL,NULL,sunkist
org-d4efebe6-0ab3-4f44-a113-b9653a58c1d2,GRUBBRR Demos,loc-2bd29e8d-b962-472e-9e01-1ff06b6f9172,Fat Slice Demo,cat-1852958f-c5d8-4ff0-99c2-eede6e11765b,Appetizer,itm-f519f1e7-c726-42fb-a6d4-19366de58737,Cheese Bread,catlg-02cb3174-d197-4ae1-85da-53698e66d63b,NULL,NULL,0,Item,,NULL,NULL,NULL,False,NULL,NULL,NULL,True,True,2025-12-24 14:58:08.208856,2025-12-24 14:58:08.208856,2026-05-12 14:35:54.174971,NULL,NULL,bread cheese
org-d4efebe6-0ab3-4f44-a113-b9653a58c1d2,GRUBBRR Demos,loc-2bd29e8d-b962-472e-9e01-1ff06b6f9172,Fat Slice Demo,cat-32971ae3-b3d4-4cc0-b264-5db5c1c770ef,Melts,itm-5d7d569d-2337-4197-b6f0-96aedbaa5289,Buffalo Chicken Melt,catlg-02cb3174-d197-4ae1-85da-53698e66d63b,1.0000,2025-12-24 15:39:25.445034,0,Item,,NULL,NULL,NULL,False,NULL,NULL,NULL,True,False,2025-12-24 14:58:08.208856,2025-12-24 15:38:21.403713,2026-05-12 14:35:54.174971,NULL,NULL,buffalo chicken melt
org-d4efebe6-0ab3-4f44-a113-b9653a58c1d2,GRUBBRR Demos,loc-2bd29e8d-b962-472e-9e01-1ff06b6f9172,Fat Slice Demo,cat-1ffddf7e-d8e3-486d-bdcf-d71174757f14,Signature Recipes,itm-8c1f2b28-1045-41b7-bf70-3aa608604310,Buffalo Chicken Pizza,catlg-02cb3174-d197-4ae1-85da-53698e66d63b,1.0000,2025-12-24 15:39:34.865412,0,Item,,NULL,NULL,NULL,False,NULL,NULL,NULL,True,False,2025-12-24 14:58:08.208856,2025-12-24 15:38:21.403714,2026-05-12 14:35:54.174971,NULL,NULL,buffalo chicken pizza
org-d4efebe6-0ab3-4f44-a113-b9653a58c1d2,GRUBBRR Demos,loc-2bd29e8d-b962-472e-9e01-1ff06b6f9172,Fat Slice Demo,cat-19efd949-c0f9-411e-9d7b-57b88a7fbae7,School Lunch,itm-a9a9b404-dcdc-49ac-81c9-20499971f44a,NSLP Pepperoni Pizza,catlg-02cb3174-d197-4ae1-85da-53698e66d63b,NULL,NULL,0,Item,,NULL,NULL,NULL,False,NULL,NULL,NULL,True,True,2025-12-24 14:58:08.208856,2025-12-24 14:58:08.208856,2026-05-12 14:35:54.174971,NULL,NULL,nslp pepperoni pizza
org-d4efebe6-0ab3-4f44-a113-b9653a58c1d2,GRUBBRR Demos,loc-2bd29e8d-b962-472e-9e01-1ff06b6f9172,Fat Slice Demo,cat-347eafd6-12d2-4222-af1a-54387ed89814,WingStreet,itm-d9de7981-abe0-45ed-aaaa-f27095e4708d,Buffalo Medium,catlg-02cb3174-d197-4ae1-85da-53698e66d63b,5.0000,2025-12-24 15:39:29.571142,0,Item,,NULL,NULL,NULL,False,NULL,NULL,NULL,True,False,2025-12-24 14:58:08.208856,2026-03-26 20:48:28.134433,2026-05-12 14:35:54.174971,NULL,NULL,buffalo medium
org-d4efebe6-0ab3-4f44-a113-b9653a58c1d2,GRUBBRR Demos,loc-2bd29e8d-b962-472e-9e01-1ff06b6f9172,Fat Slice Demo,cat-75024c9b-8ed2-4387-aec2-dbd7e7f1de73,Carryout Drinks,itm-5ec5b276-bb1a-468b-bdfb-54e3293bbfec,Starry,catlg-02cb3174-d197-4ae1-85da-53698e66d63b,1.8700,2025-12-24 15:39:19.793343,0,Item,,NULL,NULL,NULL,False,NULL,NULL,NULL,True,False,2025-12-24 14:58:08.208856,2026-03-27 04:27:09.736697,2026-05-12 14:35:54.174971,NULL,NULL,starry
org-d4efebe6-0ab3-4f44-a113-b9653a58c1d2,GRUBBRR Demos,loc-2bd29e8d-b962-472e-9e01-1ff06b6f9172,Fat Slice Demo,cat-da04b090-3657-48df-be98-46b26c08a809,Sides,itm-962388ff-a9cd-40c7-8f5c-f0b4a502ec90,Fried Mozzarella Sticks,catlg-02cb3174-d197-4ae1-85da-53698e66d63b,5.9900,2025-12-24 15:38:49.727139,0,Item,,NULL,NULL,NULL,False,NULL,NULL,NULL,True,False,2025-12-24 14:58:08.208856,2025-12-24 15:38:21.403722,2026-05-12 14:35:54.174971,NULL,NULL,fried mozzarella sticks
org-d4efebe6-0ab3-4f44-a113-b9653a58c1d2,GRUBBRR Demos,loc-2bd29e8d-b962-472e-9e01-1ff06b6f9172,Fat Slice Demo,cat-0e2ed811-df7a-4eb4-b9b5-dcfcb1d25cea,Pizza,itm-7fa457b4-4ac9-4476-9a92-c8f23e361e8d,Chicken Bacon Parmesan,catlg-02cb3174-d197-4ae1-85da-53698e66d63b,NULL,NULL,0,Item,,NULL,NULL,NULL,False,NULL,NULL,NULL,True,True,2025-12-24 14:58:08.208856,2025-12-24 14:58:08.208856,2026-05-12 14:35:54.174971,NULL,NULL,bacon chicken parmesan
org-d4efebe6-0ab3-4f44-a113-b9653a58c1d2,GRUBBRR Demos,loc-2bd29e8d-b962-472e-9e01-1ff06b6f9172,Fat Slice Demo,cat-86023512-34fd-49d8-ad86-b2da5b4d1edf,Beer,itm-240a8827-3c20-4da9-b6a8-924de47e204a,Miller High Life,catlg-02cb3174-d197-4ae1-85da-53698e66d63b,NULL,NULL,0,Item,,NULL,NULL,NULL,False,NULL,NULL,NULL,True,True,2025-12-24 14:58:08.208856,2025-12-24 14:58:08.208856,2026-05-12 14:35:54.174971,NULL,NULL,high life miller
org-d4efebe6-0ab3-4f44-a113-b9653a58c1d2,GRUBBRR Demos,loc-2bd29e8d-b962-472e-9e01-1ff06b6f9172,Fat Slice Demo,cat-19efd949-c0f9-411e-9d7b-57b88a7fbae7,School Lunch,itm-ca97e013-5f16-4698-93c1-b5413ca89761,Italian Sausage Pizza,catlg-02cb3174-d197-4ae1-85da-53698e66d63b,NULL,NULL,0,Item,,NULL,NULL,NULL,False,NULL,NULL,NULL,True,True,2025-12-24 14:58:08.208856,2025-12-24 14:58:08.208856,2026-05-12 14:35:54.174971,NULL,NULL,italian pizza sausage
org-d4efebe6-0ab3-4f44-a113-b9653a58c1d2,GRUBBRR Demos,loc-2bd29e8d-b962-472e-9e01-1ff06b6f9172,Fat Slice Demo,cat-54ff2a92-dbd8-4ca1-936c-f8148b7dd72f,Buffet,itm-b8508cab-acdb-484e-aec7-420f753e7242,Buffet to Go,catlg-02cb3174-d197-4ae1-85da-53698e66d63b,NULL,NULL,0,Item,,NULL,NULL,NULL,False,NULL,NULL,NULL,True,True,2025-12-24 14:58:08.208856,2025-12-24 14:58:08.208856,2026-05-12 14:35:54.174971,NULL,NULL,buffet go to
org-d4efebe6-0ab3-4f44-a113-b9653a58c1d2,GRUBBRR Demos,loc-2bd29e8d-b962-472e-9e01-1ff06b6f9172,Fat Slice Demo,cat-75024c9b-8ed2-4387-aec2-dbd7e7f1de73,Carryout Drinks,itm-b67d45ac-b483-4720-aa97-7078b6f7f699,Lipton  Lemon Iced Tea,catlg-02cb3174-d197-4ae1-85da-53698e66d63b,NULL,NULL,0,Item,,NULL,NULL,NULL,False,NULL,NULL,NULL,True,True,2025-12-24 14:58:08.208856,2025-12-24 14:58:08.208856,2026-05-12 14:35:54.174971,NULL,NULL,iced lemon lipton tea
org-d4efebe6-0ab3-4f44-a113-b9653a58c1d2,GRUBBRR Demos,loc-2bd29e8d-b962-472e-9e01-1ff06b6f9172,Fat Slice Demo,cat-75024c9b-8ed2-4387-aec2-dbd7e7f1de73,Carryout Drinks,itm-e683c859-254e-4cb5-91c9-f40688d18397,Dole  Lemonade,catlg-02cb3174-d197-4ae1-85da-53698e66d63b,NULL,NULL,0,Item,,NULL,NULL,NULL,False,NULL,NULL,NULL,False,True,2025-12-24 14:58:08.208856,2025-12-24 14:58:08.208856,2026-05-12 14:35:54.174971,NULL,NULL,dole lemonade
org-d4efebe6-0ab3-4f44-a113-b9653a58c1d2,GRUBBRR Demos,loc-2bd29e8d-b962-472e-9e01-1ff06b6f9172,Fat Slice Demo,cat-1ffddf7e-d8e3-486d-bdcf-d71174757f14,Signature Recipes,itm-af5b45ff-abcc-45e0-ac26-a0298d66e122,Hawaiian Luau Pizza,catlg-02cb3174-d197-4ae1-85da-53698e66d63b,NULL,NULL,0,Item,,NULL,NULL,NULL,False,NULL,NULL,NULL,True,True,2025-12-24 14:58:08.208856,2025-12-24 14:58:08.208856,2026-05-12 14:35:54.174971,NULL,NULL,hawaiian luau pizza
org-d4efebe6-0ab3-4f44-a113-b9653a58c1d2,GRUBBRR Demos,loc-2bd29e8d-b962-472e-9e01-1ff06b6f9172,Fat Slice Demo,cat-2253f67d-7adb-4367-be59-444b8b7acb4b,Wine,itm-95f49c1e-f932-43b5-9616-a3f3efecdc04,Chardonnay,catlg-02cb3174-d197-4ae1-85da-53698e66d63b,NULL,NULL,0,Item,,NULL,NULL,NULL,False,NULL,NULL,NULL,True,True,2025-12-24 14:58:08.208856,2025-12-24 14:58:08.208856,2026-05-12 14:35:54.174971,NULL,NULL,chardonnay
org-d4efebe6-0ab3-4f44-a113-b9653a58c1d2,GRUBBRR Demos,loc-2bd29e8d-b962-472e-9e01-1ff06b6f9172,Fat Slice Demo,cat-da04b090-3657-48df-be98-46b26c08a809,Sides,itm-966065d9-af3e-4586-b391-088d35bc1a3e,Breadsticks,catlg-02cb3174-d197-4ae1-85da-53698e66d63b,5.3800,2025-12-24 15:39:19.814747,0,Item,,NULL,NULL,NULL,False,NULL,NULL,NULL,True,False,2025-12-24 14:58:08.208856,2025-12-24 15:38:21.403732,2026-05-12 14:35:54.174971,NULL,NULL,breadsticks
org-d4efebe6-0ab3-4f44-a113-b9653a58c1d2,GRUBBRR Demos,loc-2bd29e8d-b962-472e-9e01-1ff06b6f9172,Fat Slice Demo,cat-1852958f-c5d8-4ff0-99c2-eede6e11765b,Appetizer,itm-27a09f21-dc55-4b8b-906f-f9ce111df6d0,Extra Dipping Sauce,catlg-02cb3174-d197-4ae1-85da-53698e66d63b,NULL,NULL,0,Item,,NULL,NULL,NULL,False,NULL,NULL,NULL,True,True,2025-12-24 14:58:08.208856,2025-12-24 14:58:08.208856,2026-05-12 14:35:54.174971,NULL,NULL,dipping extra sauce
org-d4efebe6-0ab3-4f44-a113-b9653a58c1d2,GRUBBRR Demos,loc-2bd29e8d-b962-472e-9e01-1ff06b6f9172,Fat Slice Demo,cat-0e2ed811-df7a-4eb4-b9b5-dcfcb1d25cea,Pizza,itm-bd98f4cc-780c-4e8f-91a9-c1800845a247,Beef Taco pizza,catlg-02cb3174-d197-4ae1-85da-53698e66d63b,NULL,NULL,0,Item,,NULL,NULL,NULL,False,NULL,NULL,NULL,True,True,2025-12-24 14:58:08.208856,2025-12-24 14:58:08.208856,2026-05-12 14:35:54.174971,NULL,NULL,beef pizza taco
org-d4efebe6-0ab3-4f44-a113-b9653a58c1d2,GRUBBRR Demos,loc-2bd29e8d-b962-472e-9e01-1ff06b6f9172,Fat Slice Demo,cat-1852958f-c5d8-4ff0-99c2-eede6e11765b,Appetizer,itm-aeaded02-8da5-45fe-8035-3054b5d7f06b,Honey BBQ Dip Cup,catlg-02cb3174-d197-4ae1-85da-53698e66d63b,0.4200,2025-12-24 15:39:18.36377,0,Item,,NULL,NULL,NULL,False,NULL,NULL,NULL,True,False,2025-12-24 14:58:08.208856,2025-12-24 15:38:21.403739,2026-05-12 14:35:54.174971,NULL,NULL,bbq cup dip honey
org-d4efebe6-0ab3-4f44-a113-b9653a58c1d2,GRUBBRR Demos,loc-2bd29e8d-b962-472e-9e01-1ff06b6f9172,Fat Slice Demo,cat-347eafd6-12d2-4222-af1a-54387ed89814,WingStreet,itm-270e1316-8443-49c1-809d-7dff2c2529d7,Buffalo Mild,catlg-02cb3174-d197-4ae1-85da-53698e66d63b,5.0000,2025-12-24 15:39:29.516508,0,Item,,NULL,NULL,NULL,False,NULL,NULL,NULL,False,False,2025-12-24 14:58:08.208856,2026-03-26 21:43:49.012679,2026-05-12 14:35:54.174971,NULL,NULL,buffalo mild
org-d4efebe6-0ab3-4f44-a113-b9653a58c1d2,GRUBBRR Demos,loc-2bd29e8d-b962-472e-9e01-1ff06b6f9172,Fat Slice Demo,cat-75024c9b-8ed2-4387-aec2-dbd7e7f1de73,Carryout Drinks,itm-94375466-cfc0-4ea8-86dc-1a1036a9be43,4Pk Pepsi Mt Dew Pepsi Zr Stry,catlg-02cb3174-d197-4ae1-85da-53698e66d63b,NULL,NULL,0,Item,,NULL,NULL,NULL,False,NULL,NULL,NULL,True,False,2025-12-24 14:58:08.208856,2025-12-24 15:38:21.403729,2026-05-12 14:35:54.174971,NULL,NULL,4pk dew mt pepsi pepsi stry zr
org-d4efebe6-0ab3-4f44-a113-b9653a58c1d2,GRUBBRR Demos,loc-2bd29e8d-b962-472e-9e01-1ff06b6f9172,Fat Slice Demo,cat-b947873e-e4fa-4686-9e6d-f5663f429a1a,Soft Drinks,itm-1aefdd0b-42cd-47a8-8b23-4ad98e2368a0,Diet Pepsi,catlg-02cb3174-d197-4ae1-85da-53698e66d63b,NULL,NULL,0,Item,,NULL,NULL,NULL,False,NULL,NULL,NULL,False,True,2025-12-24 14:58:08.208856,2025-12-24 14:58:08.208856,2026-05-12 14:35:54.174971,NULL,NULL,diet pepsi
org-d4efebe6-0ab3-4f44-a113-b9653a58c1d2,GRUBBRR Demos,loc-2bd29e8d-b962-472e-9e01-1ff06b6f9172,Fat Slice Demo,cat-73ba60c5-7606-45f1-b2f1-9010deba4511,Party of One,itm-c8841c57-4e2f-4c9d-98b8-79273491f39f,Chicken Bacon Parmesan Melt,catlg-02cb3174-d197-4ae1-85da-53698e66d63b,1.0000,2025-12-24 15:39:25.417287,0,Item,,NULL,NULL,NULL,False,NULL,NULL,NULL,True,False,2025-12-24 14:58:08.208856,2025-12-24 15:38:21.403712,2026-05-12 14:35:54.174971,NULL,NULL,bacon chicken melt parmesan
org-d4efebe6-0ab3-4f44-a113-b9653a58c1d2,GRUBBRR Demos,loc-2bd29e8d-b962-472e-9e01-1ff06b6f9172,Fat Slice Demo,cat-1aa62ced-f350-45ae-b929-92ea1432e130,Dessert,itm-4631b47a-27b5-4c4a-9aa6-d9c88d5759b8,Chocolate Donut Bites,catlg-02cb3174-d197-4ae1-85da-53698e66d63b,NULL,NULL,0,Item,,NULL,NULL,NULL,False,NULL,NULL,NULL,True,True,2025-12-24 14:58:08.208856,2025-12-24 14:58:08.208856,2026-05-12 14:35:54.174971,NULL,NULL,bites chocolate donut
org-d4efebe6-0ab3-4f44-a113-b9653a58c1d2,GRUBBRR Demos,loc-2bd29e8d-b962-472e-9e01-1ff06b6f9172,Fat Slice Demo,cat-347eafd6-12d2-4222-af1a-54387ed89814,WingStreet,itm-962388ff-a9cd-40c7-8f5c-f0b4a502ec90,Fried Mozzarella Sticks,catlg-02cb3174-d197-4ae1-85da-53698e66d63b,5.9900,2025-12-24 15:38:49.727139,0,Item,,NULL,NULL,NULL,False,NULL,NULL,NULL,True,False,2025-12-24 14:58:08.208856,2025-12-24 15:38:21.403722,2026-05-12 14:35:54.174971,NULL,NULL,fried mozzarella sticks
org-d4efebe6-0ab3-4f44-a113-b9653a58c1d2,GRUBBRR Demos,loc-2bd29e8d-b962-472e-9e01-1ff06b6f9172,Fat Slice Demo,cat-347eafd6-12d2-4222-af1a-54387ed89814,WingStreet,itm-c826ca04-823e-49c4-a9c5-3ccd88e328c5,Extra Dipping Sauce,catlg-02cb3174-d197-4ae1-85da-53698e66d63b,NULL,NULL,0,Item,,NULL,NULL,NULL,False,NULL,NULL,NULL,False,False,2025-12-24 14:58:08.208856,2026-03-26 21:43:59.89345,2026-05-12 14:35:54.174971,NULL,NULL,dipping extra sauce
org-d4efebe6-0ab3-4f44-a113-b9653a58c1d2,GRUBBRR Demos,loc-2bd29e8d-b962-472e-9e01-1ff06b6f9172,Fat Slice Demo,cat-32971ae3-b3d4-4cc0-b264-5db5c1c770ef,Melts,itm-c8841c57-4e2f-4c9d-98b8-79273491f39f,Chicken Bacon Parmesan Melt,catlg-02cb3174-d197-4ae1-85da-53698e66d63b,1.0000,2025-12-24 15:39:25.417287,0,Item,,NULL,NULL,NULL,False,NULL,NULL,NULL,True,False,2025-12-24 14:58:08.208856,2025-12-24 15:38:21.403712,2026-05-12 14:35:54.174971,NULL,NULL,bacon chicken melt parmesan
org-d4efebe6-0ab3-4f44-a113-b9653a58c1d2,GRUBBRR Demos,loc-2bd29e8d-b962-472e-9e01-1ff06b6f9172,Fat Slice Demo,cat-1852958f-c5d8-4ff0-99c2-eede6e11765b,Appetizer,itm-3d290fc6-e60e-42b6-b7ba-4a24be9f644c,Pepperoni Ranch Dip Cup,catlg-02cb3174-d197-4ae1-85da-53698e66d63b,NULL,NULL,0,Item,,NULL,NULL,NULL,False,NULL,NULL,NULL,True,True,2025-12-24 14:58:08.208856,2025-12-24 14:58:08.208856,2026-05-12 14:35:54.174971,NULL,NULL,cup dip pepperoni ranch
org-d4efebe6-0ab3-4f44-a113-b9653a58c1d2,GRUBBRR Demos,loc-2bd29e8d-b962-472e-9e01-1ff06b6f9172,Fat Slice Demo,cat-75024c9b-8ed2-4387-aec2-dbd7e7f1de73,Carryout Drinks,itm-3d4f924a-f27b-4e04-b2dc-c7a7dd0f0902,Aquafina,catlg-02cb3174-d197-4ae1-85da-53698e66d63b,1.8700,2025-12-24 15:39:19.775489,0,Item,,NULL,NULL,NULL,False,NULL,NULL,NULL,True,False,2025-12-24 14:58:08.208856,2026-03-26 21:29:29.432335,2026-05-12 14:35:54.174971,NULL,NULL,aquafina
org-d4efebe6-0ab3-4f44-a113-b9653a58c1d2,GRUBBRR Demos,loc-2bd29e8d-b962-472e-9e01-1ff06b6f9172,Fat Slice Demo,cat-75024c9b-8ed2-4387-aec2-dbd7e7f1de73,Carryout Drinks,itm-c525589e-5b47-4e89-a22f-95c3dee9e6b4,Lemonade,catlg-02cb3174-d197-4ae1-85da-53698e66d63b,NULL,NULL,0,Item,,NULL,NULL,NULL,False,NULL,NULL,NULL,True,True,2025-12-24 14:58:08.208856,2025-12-24 14:58:08.208856,2026-05-12 14:35:54.174971,NULL,NULL,lemonade
org-d4efebe6-0ab3-4f44-a113-b9653a58c1d2,GRUBBRR Demos,loc-2bd29e8d-b962-472e-9e01-1ff06b6f9172,Fat Slice Demo,cat-0e2ed811-df7a-4eb4-b9b5-dcfcb1d25cea,Pizza,itm-44a8758f-264d-465b-bd62-246f263e85f9,Pepperoni Pizza,catlg-02cb3174-d197-4ae1-85da-53698e66d63b,NULL,NULL,0,Item,,NULL,NULL,NULL,False,NULL,NULL,NULL,True,False,2025-12-24 14:58:08.208856,2026-03-26 20:41:27.32151,2026-05-12 14:35:54.174971,NULL,NULL,pepperoni pizza
org-d4efebe6-0ab3-4f44-a113-b9653a58c1d2,GRUBBRR Demos,loc-2bd29e8d-b962-472e-9e01-1ff06b6f9172,Fat Slice Demo,cat-1852958f-c5d8-4ff0-99c2-eede6e11765b,Appetizer,itm-0eeb353a-aec7-455e-a4d1-6f8f1b851279,Breadsticks,catlg-02cb3174-d197-4ae1-85da-53698e66d63b,3.8000,2025-12-24 15:39:17.329704,0,Item,,NULL,NULL,NULL,False,NULL,NULL,NULL,True,False,2025-12-24 14:58:08.208856,2025-12-24 15:38:21.403734,2026-05-12 14:35:54.174971,NULL,NULL,breadsticks
org-d4efebe6-0ab3-4f44-a113-b9653a58c1d2,GRUBBRR Demos,loc-2bd29e8d-b962-472e-9e01-1ff06b6f9172,Fat Slice Demo,cat-1ffddf7e-d8e3-486d-bdcf-d71174757f14,Signature Recipes,itm-24c9f883-3411-475d-ba40-e25a68459114,Gluten Free Pepperoni,catlg-02cb3174-d197-4ae1-85da-53698e66d63b,NULL,NULL,0,Item,,NULL,NULL,NULL,False,NULL,NULL,NULL,True,True,2025-12-24 14:58:08.208856,2025-12-24 14:58:08.208856,2026-05-12 14:35:54.174971,NULL,NULL,free gluten pepperoni
org-d4efebe6-0ab3-4f44-a113-b9653a58c1d2,GRUBBRR Demos,loc-2bd29e8d-b962-472e-9e01-1ff06b6f9172,Fat Slice Demo,cat-448c53fd-9ad3-4cf8-9208-2a62c43fc9e0,Pasta,itm-6a283f38-8a9a-4488-80a3-f61d5e04b95d,Oven Baked Chicken Alfredo,catlg-02cb3174-d197-4ae1-85da-53698e66d63b,5.4400,2025-12-24 15:39:17.315271,0,Item,,NULL,NULL,NULL,False,NULL,NULL,NULL,True,False,2025-12-24 14:58:08.208856,2025-12-24 15:38:21.40373,2026-05-12 14:35:54.174971,NULL,NULL,alfredo baked chicken oven
org-d4efebe6-0ab3-4f44-a113-b9653a58c1d2,GRUBBRR Demos,loc-2bd29e8d-b962-472e-9e01-1ff06b6f9172,Fat Slice Demo,cat-347eafd6-12d2-4222-af1a-54387ed89814,WingStreet,itm-f565a670-ab7f-4ca1-9f39-bb504765b070,Sweet Chili,catlg-02cb3174-d197-4ae1-85da-53698e66d63b,5.0000,2025-12-24 15:39:29.460441,0,Item,,NULL,NULL,NULL,False,NULL,NULL,NULL,False,False,2025-12-24 14:58:08.208856,2026-03-26 21:43:47.403975,2026-05-12 14:35:54.174971,NULL,NULL,chili sweet
org-d4efebe6-0ab3-4f44-a113-b9653a58c1d2,GRUBBRR Demos,loc-2bd29e8d-b962-472e-9e01-1ff06b6f9172,Fat Slice Demo,cat-0e2ed811-df7a-4eb4-b9b5-dcfcb1d25cea,Pizza,itm-eeb22daa-e366-4080-89ed-8e3bda54cb5a,Garlic Parmesan Chicken Pizza,catlg-02cb3174-d197-4ae1-85da-53698e66d63b,NULL,NULL,0,Item,,NULL,NULL,NULL,False,NULL,NULL,NULL,True,True,2025-12-24 14:58:08.208856,2025-12-24 14:58:08.208856,2026-05-12 14:35:54.174971,NULL,NULL,chicken garlic parmesan pizza
org-d4efebe6-0ab3-4f44-a113-b9653a58c1d2,GRUBBRR Demos,loc-2bd29e8d-b962-472e-9e01-1ff06b6f9172,Fat Slice Demo,cat-74e0a618-c504-4b9e-ba10-22b169df6304,Premium A,itm-ceaab7e9-95c2-457f-9a48-e714eaeef963,$5 Donation,catlg-02cb3174-d197-4ae1-85da-53698e66d63b,NULL,NULL,0,Item,,NULL,NULL,NULL,False,NULL,NULL,NULL,False,True,2025-12-24 14:58:08.208856,2025-12-24 14:58:08.208856,2026-05-12 14:35:54.174971,NULL,NULL,5 donation
org-d4efebe6-0ab3-4f44-a113-b9653a58c1d2,GRUBBRR Demos,loc-2bd29e8d-b962-472e-9e01-1ff06b6f9172,Fat Slice Demo,cat-75024c9b-8ed2-4387-aec2-dbd7e7f1de73,Carryout Drinks,itm-57abf63f-865e-4cb2-b297-266006b90000,Celsius  Peach Vibe,catlg-02cb3174-d197-4ae1-85da-53698e66d63b,NULL,NULL,0,Item,,NULL,NULL,NULL,False,NULL,NULL,NULL,True,True,2025-12-24 14:58:08.208856,2025-12-24 14:58:08.208856,2026-05-12 14:35:54.174971,NULL,NULL,celsius peach vibe
org-d4efebe6-0ab3-4f44-a113-b9653a58c1d2,GRUBBRR Demos,loc-2bd29e8d-b962-472e-9e01-1ff06b6f9172,Fat Slice Demo,cat-75024c9b-8ed2-4387-aec2-dbd7e7f1de73,Carryout Drinks,itm-4ba86c58-bd36-45f5-b56d-842562038631,Sierra Mist,catlg-02cb3174-d197-4ae1-85da-53698e66d63b,NULL,NULL,0,Item,,NULL,NULL,NULL,False,NULL,NULL,NULL,True,True,2025-12-24 14:58:08.208856,2025-12-24 14:58:08.208856,2026-05-12 14:35:54.174971,NULL,NULL,mist sierra
org-d4efebe6-0ab3-4f44-a113-b9653a58c1d2,GRUBBRR Demos,loc-2bd29e8d-b962-472e-9e01-1ff06b6f9172,Fat Slice Demo,cat-75024c9b-8ed2-4387-aec2-dbd7e7f1de73,Carryout Drinks,itm-cb2098e5-bfff-4dd9-8097-ea1296f5e9c4,Punch,catlg-02cb3174-d197-4ae1-85da-53698e66d63b,NULL,NULL,0,Item,,NULL,NULL,NULL,False,NULL,NULL,NULL,False,True,2025-12-24 14:58:08.208856,2025-12-24 14:58:08.208856,2026-05-12 14:35:54.174971,NULL,NULL,punch
org-d4efebe6-0ab3-4f44-a113-b9653a58c1d2,GRUBBRR Demos,loc-2bd29e8d-b962-472e-9e01-1ff06b6f9172,Fat Slice Demo,cat-b947873e-e4fa-4686-9e6d-f5663f429a1a,Soft Drinks,itm-df244de7-7b15-4718-ac44-eb236a005780,Hot Chocolate,catlg-02cb3174-d197-4ae1-85da-53698e66d63b,NULL,NULL,0,Item,,NULL,NULL,NULL,False,NULL,NULL,NULL,True,True,2025-12-24 14:58:08.208856,2025-12-24 14:58:08.208856,2026-05-12 14:35:54.174971,NULL,NULL,chocolate hot
org-d4efebe6-0ab3-4f44-a113-b9653a58c1d2,GRUBBRR Demos,loc-2bd29e8d-b962-472e-9e01-1ff06b6f9172,Fat Slice Demo,cat-75024c9b-8ed2-4387-aec2-dbd7e7f1de73,Carryout Drinks,itm-56cc9637-9b47-4684-8475-64ccac0ce8b3,Diet Pepsi,catlg-02cb3174-d197-4ae1-85da-53698e66d63b,1.8700,2025-12-24 15:39:19.783609,0,Item,,NULL,NULL,NULL,False,NULL,NULL,NULL,True,False,2025-12-24 14:58:08.208856,2026-03-27 04:23:08.058697,2026-05-12 14:35:54.174971,NULL,NULL,diet pepsi
org-d4efebe6-0ab3-4f44-a113-b9653a58c1d2,GRUBBRR Demos,loc-2bd29e8d-b962-472e-9e01-1ff06b6f9172,Fat Slice Demo,cat-75024c9b-8ed2-4387-aec2-dbd7e7f1de73,Carryout Drinks,itm-d439f874-8c2a-4c12-b2f0-c6154983c907,Lipton  Diet Citrus Green Tea,catlg-02cb3174-d197-4ae1-85da-53698e66d63b,1.8700,2025-12-24 15:39:19.806136,0,Item,,NULL,NULL,NULL,False,NULL,NULL,NULL,True,False,2025-12-24 14:58:08.208856,2025-12-24 14:58:08.208856,2026-05-12 14:35:54.174971,NULL,NULL,citrus diet green lipton tea
org-d4efebe6-0ab3-4f44-a113-b9653a58c1d2,GRUBBRR Demos,loc-2bd29e8d-b962-472e-9e01-1ff06b6f9172,Fat Slice Demo,cat-347eafd6-12d2-4222-af1a-54387ed89814,WingStreet,itm-5dad1988-a932-4410-9d70-0573fa538977,Cajun Style Fries,catlg-02cb3174-d197-4ae1-85da-53698e66d63b,3.4100,2025-12-24 15:39:19.325888,0,Item,,NULL,NULL,NULL,False,NULL,NULL,NULL,True,False,2025-12-24 14:58:08.208856,2025-12-24 15:38:21.403723,2026-05-12 14:35:54.174971,NULL,NULL,cajun fries style
org-d4efebe6-0ab3-4f44-a113-b9653a58c1d2,GRUBBRR Demos,loc-2bd29e8d-b962-472e-9e01-1ff06b6f9172,Fat Slice Demo,cat-54ff2a92-dbd8-4ca1-936c-f8148b7dd72f,Buffet,itm-dcc43773-f940-4173-abd4-ce50b35049fc,Kid's under 3 Buffet,catlg-02cb3174-d197-4ae1-85da-53698e66d63b,NULL,NULL,0,Item,,NULL,NULL,NULL,False,NULL,NULL,NULL,True,True,2025-12-24 14:58:08.208856,2025-12-24 14:58:08.208856,2026-05-12 14:35:54.174971,NULL,NULL,3 buffet kid s under
org-d4efebe6-0ab3-4f44-a113-b9653a58c1d2,GRUBBRR Demos,loc-2bd29e8d-b962-472e-9e01-1ff06b6f9172,Fat Slice Demo,cat-448c53fd-9ad3-4cf8-9208-2a62c43fc9e0,Pasta,itm-251a1fc0-3141-4400-b710-df478cc31370,Tuscani Chicken Alfredo,catlg-02cb3174-d197-4ae1-85da-53698e66d63b,NULL,NULL,0,Item,,NULL,NULL,NULL,False,NULL,NULL,NULL,True,True,2025-12-24 14:58:08.208856,2025-12-24 14:58:08.208856,2026-05-12 14:35:54.174971,NULL,NULL,alfredo chicken tuscani
org-d4efebe6-0ab3-4f44-a113-b9653a58c1d2,GRUBBRR Demos,loc-2bd29e8d-b962-472e-9e01-1ff06b6f9172,Fat Slice Demo,cat-8e28ebe9-5791-425c-a293-4d28e7997201,Tavern,itm-ba30bcce-2e14-4e73-951e-2504a2695614,Pesto Margherita Pizza,catlg-02cb3174-d197-4ae1-85da-53698e66d63b,1.9900,2025-12-24 15:39:34.41339,0,Item,,NULL,NULL,NULL,False,NULL,NULL,NULL,True,False,2025-12-24 14:58:08.208856,2025-12-24 15:38:21.403717,2026-05-12 14:35:54.174971,NULL,NULL,margherita pesto pizza
org-d4efebe6-0ab3-4f44-a113-b9653a58c1d2,GRUBBRR Demos,loc-2bd29e8d-b962-472e-9e01-1ff06b6f9172,Fat Slice Demo,cat-1852958f-c5d8-4ff0-99c2-eede6e11765b,Appetizer,itm-72aa16f8-c41f-4fca-bd5f-8706a5afa30e,Garlic Bread,catlg-02cb3174-d197-4ae1-85da-53698e66d63b,NULL,NULL,0,Item,,NULL,NULL,NULL,False,NULL,NULL,NULL,True,True,2025-12-24 14:58:08.208856,2025-12-24 14:58:08.208856,2026-05-12 14:35:54.174971,NULL,NULL,bread garlic
org-d4efebe6-0ab3-4f44-a113-b9653a58c1d2,GRUBBRR Demos,loc-2bd29e8d-b962-472e-9e01-1ff06b6f9172,Fat Slice Demo,cat-1aa62ced-f350-45ae-b929-92ea1432e130,Dessert,itm-a39d2677-8912-4898-9a1d-0f1762c0ae1f,Chocolate Chip Cookie Now,catlg-02cb3174-d197-4ae1-85da-53698e66d63b,NULL,NULL,0,Item,,NULL,NULL,NULL,False,NULL,NULL,NULL,False,False,2025-12-24 14:58:08.208856,2025-12-24 15:38:21.40374,2026-05-12 14:35:54.174971,NULL,NULL,chip chocolate cookie now
org-d4efebe6-0ab3-4f44-a113-b9653a58c1d2,GRUBBRR Demos,loc-2bd29e8d-b962-472e-9e01-1ff06b6f9172,Fat Slice Demo,cat-448c53fd-9ad3-4cf8-9208-2a62c43fc9e0,Pasta,itm-bf134c3b-727d-4512-885f-e8009368cc37,Tuscani Meaty Marinara,catlg-02cb3174-d197-4ae1-85da-53698e66d63b,NULL,NULL,0,Item,,NULL,NULL,NULL,False,NULL,NULL,NULL,True,True,2025-12-24 14:58:08.208856,2025-12-24 14:58:08.208856,2026-05-12 14:35:54.174971,NULL,NULL,marinara meaty tuscani
org-d4efebe6-0ab3-4f44-a113-b9653a58c1d2,GRUBBRR Demos,loc-2bd29e8d-b962-472e-9e01-1ff06b6f9172,Fat Slice Demo,cat-1852958f-c5d8-4ff0-99c2-eede6e11765b,Appetizer,itm-74f8bb4f-46b9-43f0-8e8f-a236cb9a5b37,Ultimate Ranch Dip Cup,catlg-02cb3174-d197-4ae1-85da-53698e66d63b,NULL,NULL,0,Item,,NULL,NULL,NULL,False,NULL,NULL,NULL,True,True,2025-12-24 14:58:08.208856,2025-12-24 14:58:08.208856,2026-05-12 14:35:54.174971,NULL,NULL,cup dip ranch ultimate
org-d4efebe6-0ab3-4f44-a113-b9653a58c1d2,GRUBBRR Demos,loc-2bd29e8d-b962-472e-9e01-1ff06b6f9172,Fat Slice Demo,cat-75024c9b-8ed2-4387-aec2-dbd7e7f1de73,Carryout Drinks,itm-e53721aa-32da-4ef6-b387-e16a0680d186,4 Pack Pepsi,catlg-02cb3174-d197-4ae1-85da-53698e66d63b,NULL,NULL,0,Item,,NULL,NULL,NULL,False,NULL,NULL,NULL,False,False,2025-12-24 14:58:08.208856,2025-12-24 15:38:21.403726,2026-05-12 14:35:54.174971,NULL,NULL,4 pack pepsi
org-d4efebe6-0ab3-4f44-a113-b9653a58c1d2,GRUBBRR Demos,loc-2bd29e8d-b962-472e-9e01-1ff06b6f9172,Fat Slice Demo,cat-74e0a618-c504-4b9e-ba10-22b169df6304,Premium A,itm-f60c92ae-54a9-45b3-9a21-170a2316a44c,$10 Literacy Donation,catlg-02cb3174-d197-4ae1-85da-53698e66d63b,NULL,NULL,0,Item,,NULL,NULL,NULL,False,NULL,NULL,NULL,True,True,2025-12-24 14:58:08.208856,2025-12-24 14:58:08.208856,2026-05-12 14:35:54.174971,NULL,NULL,10 donation literacy
org-d4efebe6-0ab3-4f44-a113-b9653a58c1d2,GRUBBRR Demos,loc-2bd29e8d-b962-472e-9e01-1ff06b6f9172,Fat Slice Demo,cat-248f6668-5b2f-4d1d-88d4-291504a00663,Tavern Style Recipes,itm-55a6f6e9-cfce-4f21-96ff-5f81cabb0eae,Pepperoni Duo Pizza,catlg-02cb3174-d197-4ae1-85da-53698e66d63b,1.0000,2025-12-24 15:39:34.929915,0,Item,,NULL,NULL,NULL,False,NULL,NULL,NULL,True,False,2025-12-24 14:58:08.208856,2025-12-24 15:38:21.403716,2026-05-12 14:35:54.174971,NULL,NULL,duo pepperoni pizza
org-d4efebe6-0ab3-4f44-a113-b9653a58c1d2,GRUBBRR Demos,loc-2bd29e8d-b962-472e-9e01-1ff06b6f9172,Fat Slice Demo,cat-75024c9b-8ed2-4387-aec2-dbd7e7f1de73,Carryout Drinks,itm-20891ea8-e53c-4ba5-82c2-25149be1dbdb,Gatorade  Blue Raspberry,catlg-02cb3174-d197-4ae1-85da-53698e66d63b,NULL,NULL,0,Item,,NULL,NULL,NULL,False,NULL,NULL,NULL,False,True,2025-12-24 14:58:08.208856,2025-12-24 14:58:08.208856,2026-05-12 14:35:54.174971,NULL,NULL,blue gatorade raspberry
org-d4efebe6-0ab3-4f44-a113-b9653a58c1d2,GRUBBRR Demos,loc-2bd29e8d-b962-472e-9e01-1ff06b6f9172,Fat Slice Demo,cat-448c53fd-9ad3-4cf8-9208-2a62c43fc9e0,Pasta,itm-3ade0bb8-5c26-40d9-8707-decd5f4ab680,Buffet Chicken Alfredo Pasta,catlg-02cb3174-d197-4ae1-85da-53698e66d63b,NULL,NULL,0,Item,,NULL,NULL,NULL,False,NULL,NULL,NULL,True,True,2025-12-24 14:58:08.208856,2025-12-24 14:58:08.208856,2026-05-12 14:35:54.174971,NULL,NULL,alfredo buffet chicken pasta
org-d4efebe6-0ab3-4f44-a113-b9653a58c1d2,GRUBBRR Demos,loc-2bd29e8d-b962-472e-9e01-1ff06b6f9172,Fat Slice Demo,cat-0e2ed811-df7a-4eb4-b9b5-dcfcb1d25cea,Pizza,itm-c5227598-e0df-4d99-aa03-159fe8f76b4d,Buffalo Chicken Pizza,catlg-02cb3174-d197-4ae1-85da-53698e66d63b,NULL,NULL,0,Item,,NULL,NULL,NULL,False,NULL,NULL,NULL,True,True,2025-12-24 14:58:08.208856,2025-12-24 14:58:08.208856,2026-05-12 14:35:54.174971,NULL,NULL,buffalo chicken pizza
org-d4efebe6-0ab3-4f44-a113-b9653a58c1d2,GRUBBRR Demos,loc-2bd29e8d-b962-472e-9e01-1ff06b6f9172,Fat Slice Demo,cat-1aa62ced-f350-45ae-b929-92ea1432e130,Dessert,itm-80917292-ecdd-4dda-bf74-8e4848a662e8,Cinnamon Sticks,catlg-02cb3174-d197-4ae1-85da-53698e66d63b,5.0000,2025-12-24 15:39:18.715858,0,Item,,NULL,NULL,NULL,False,NULL,NULL,NULL,True,False,2025-12-24 14:58:08.208856,2026-03-26 21:37:40.010948,2026-05-12 14:35:54.174971,NULL,NULL,cinnamon sticks
org-d4efebe6-0ab3-4f44-a113-b9653a58c1d2,GRUBBRR Demos,loc-2bd29e8d-b962-472e-9e01-1ff06b6f9172,Fat Slice Demo,cat-1852958f-c5d8-4ff0-99c2-eede6e11765b,Appetizer,itm-f56078c7-c2d5-4dde-92ef-c2e4b6909399,Jalapenos,catlg-02cb3174-d197-4ae1-85da-53698e66d63b,NULL,NULL,0,Item,,NULL,NULL,NULL,False,NULL,NULL,NULL,True,True,2025-12-24 14:58:08.208856,2025-12-24 14:58:08.208856,2026-05-12 14:35:54.174971,NULL,NULL,jalapenos
org-d4efebe6-0ab3-4f44-a113-b9653a58c1d2,GRUBBRR Demos,loc-2bd29e8d-b962-472e-9e01-1ff06b6f9172,Fat Slice Demo,cat-2253f67d-7adb-4367-be59-444b8b7acb4b,Wine,itm-97be0e2d-a589-4c33-83cf-db2e04217f8f,Merlot,catlg-02cb3174-d197-4ae1-85da-53698e66d63b,NULL,NULL,0,Item,,NULL,NULL,NULL,False,NULL,NULL,NULL,True,True,2025-12-24 14:58:08.208856,2025-12-24 14:58:08.208856,2026-05-12 14:35:54.174971,NULL,NULL,merlot
org-d4efebe6-0ab3-4f44-a113-b9653a58c1d2,GRUBBRR Demos,loc-2bd29e8d-b962-472e-9e01-1ff06b6f9172,Fat Slice Demo,cat-448c53fd-9ad3-4cf8-9208-2a62c43fc9e0,Pasta,itm-758251f9-df7c-488f-ae98-c6975a079381,Oven Baked Cheese Alf w Sticks,catlg-02cb3174-d197-4ae1-85da-53698e66d63b,NULL,NULL,0,Item,,NULL,NULL,NULL,False,NULL,NULL,NULL,True,False,2025-12-24 14:58:08.208856,2025-12-24 15:38:21.403732,2026-05-12 14:35:54.174971,NULL,NULL,alf baked cheese oven sticks w
org-d4efebe6-0ab3-4f44-a113-b9653a58c1d2,GRUBBRR Demos,loc-2bd29e8d-b962-472e-9e01-1ff06b6f9172,Fat Slice Demo,cat-0e2ed811-df7a-4eb4-b9b5-dcfcb1d25cea,Pizza,itm-ba3b6e13-4514-4def-8cea-151686fefc42,Super Supreme Pizza,catlg-02cb3174-d197-4ae1-85da-53698e66d63b,1.0000,2025-12-24 15:39:34.718722,0,Item,,NULL,NULL,NULL,False,NULL,NULL,NULL,True,False,2025-12-24 14:58:08.208856,2025-12-24 15:38:21.40371,2026-05-12 14:35:54.174971,NULL,NULL,pizza super supreme
org-d4efebe6-0ab3-4f44-a113-b9653a58c1d2,GRUBBRR Demos,loc-2bd29e8d-b962-472e-9e01-1ff06b6f9172,Fat Slice Demo,cat-0e2ed811-df7a-4eb4-b9b5-dcfcb1d25cea,Pizza,itm-7c2515a4-d421-4acc-9623-4d5ee47c15ff,Chicken Bacon Ranch Pizza,catlg-02cb3174-d197-4ae1-85da-53698e66d63b,5.0000,2025-12-24 15:39:17.690306,0,Item,,NULL,NULL,NULL,False,NULL,NULL,NULL,True,False,2025-12-24 14:58:08.208856,2025-12-24 15:38:21.403715,2026-05-12 14:35:54.174971,NULL,NULL,bacon chicken pizza ranch
org-d4efebe6-0ab3-4f44-a113-b9653a58c1d2,GRUBBRR Demos,loc-2bd29e8d-b962-472e-9e01-1ff06b6f9172,Fat Slice Demo,cat-0e2ed811-df7a-4eb4-b9b5-dcfcb1d25cea,Pizza,itm-c40d598b-be77-4b0e-9efe-f10721c42881,Three Cheese Pizza,catlg-02cb3174-d197-4ae1-85da-53698e66d63b,5.0000,2025-12-24 15:39:17.681296,0,Item,,NULL,NULL,NULL,False,NULL,NULL,NULL,True,False,2025-12-24 14:58:08.208856,2025-12-24 15:38:21.403713,2026-05-12 14:35:54.174971,NULL,NULL,cheese pizza three
org-d4efebe6-0ab3-4f44-a113-b9653a58c1d2,GRUBBRR Demos,loc-2bd29e8d-b962-472e-9e01-1ff06b6f9172,Fat Slice Demo,cat-347eafd6-12d2-4222-af1a-54387ed89814,WingStreet,itm-e5361d4c-7409-460b-a31a-c03069c5b518,Lemon Pepper Fries,catlg-02cb3174-d197-4ae1-85da-53698e66d63b,3.4100,2025-12-24 15:39:19.329348,0,Item,,NULL,NULL,NULL,False,NULL,NULL,NULL,True,False,2025-12-24 14:58:08.208856,2025-12-24 15:38:21.403723,2026-05-12 14:35:54.174971,NULL,NULL,fries lemon pepper
org-d4efebe6-0ab3-4f44-a113-b9653a58c1d2,GRUBBRR Demos,loc-2bd29e8d-b962-472e-9e01-1ff06b6f9172,Fat Slice Demo,cat-347eafd6-12d2-4222-af1a-54387ed89814,WingStreet,itm-fed4b5e7-8cbd-4014-a0e7-84865de8cb7e,Lemon Pepper Dry Rub,catlg-02cb3174-d197-4ae1-85da-53698e66d63b,5.0000,2025-12-24 15:39:29.673076,0,Item,,NULL,NULL,NULL,False,NULL,NULL,NULL,True,False,2025-12-24 14:58:08.208856,2026-03-26 20:48:56.717345,2026-05-12 14:35:54.174971,NULL,NULL,dry lemon pepper rub
org-d4efebe6-0ab3-4f44-a113-b9653a58c1d2,GRUBBRR Demos,loc-2bd29e8d-b962-472e-9e01-1ff06b6f9172,Fat Slice Demo,cat-347eafd6-12d2-4222-af1a-54387ed89814,WingStreet,itm-d372af68-c398-45bb-b134-c033b8c86be7,Buffalo Burnin' Hot,catlg-02cb3174-d197-4ae1-85da-53698e66d63b,5.0000,2025-12-24 15:39:29.613891,0,Item,,NULL,NULL,NULL,False,NULL,NULL,NULL,False,False,2025-12-24 14:58:08.208856,2026-03-26 21:43:52.494037,2026-05-12 14:35:54.174971,NULL,NULL,buffalo burnin hot
org-d4efebe6-0ab3-4f44-a113-b9653a58c1d2,GRUBBRR Demos,loc-2bd29e8d-b962-472e-9e01-1ff06b6f9172,Fat Slice Demo,cat-75024c9b-8ed2-4387-aec2-dbd7e7f1de73,Carryout Drinks,itm-755c440b-708a-4214-9e92-0e31de33044b,Aquafina,catlg-02cb3174-d197-4ae1-85da-53698e66d63b,NULL,NULL,0,Item,,NULL,NULL,NULL,False,NULL,NULL,NULL,True,True,2025-12-24 14:58:08.208856,2025-12-24 14:58:08.208856,2026-05-12 14:35:54.174971,NULL,NULL,aquafina
org-d4efebe6-0ab3-4f44-a113-b9653a58c1d2,GRUBBRR Demos,loc-2bd29e8d-b962-472e-9e01-1ff06b6f9172,Fat Slice Demo,cat-347eafd6-12d2-4222-af1a-54387ed89814,WingStreet,itm-c4411f7f-dab3-4a96-9443-827330d78a8e,Garlic Parmesan,catlg-02cb3174-d197-4ae1-85da-53698e66d63b,5.0000,2025-12-24 15:39:29.353768,0,Item,,NULL,NULL,NULL,False,NULL,NULL,NULL,True,False,2025-12-24 14:58:08.208856,2026-03-26 21:10:02.766352,2026-05-12 14:35:54.174971,NULL,NULL,garlic parmesan
org-d4efebe6-0ab3-4f44-a113-b9653a58c1d2,GRUBBRR Demos,loc-2bd29e8d-b962-472e-9e01-1ff06b6f9172,Fat Slice Demo,cat-da04b090-3657-48df-be98-46b26c08a809,Sides,itm-a2b9fba8-4c79-4a1c-a250-855ba9d31856,Cheese Sticks,catlg-02cb3174-d197-4ae1-85da-53698e66d63b,6.3800,2025-12-24 15:39:19.817679,0,Item,,NULL,NULL,NULL,False,NULL,NULL,NULL,True,False,2025-12-24 14:58:08.208856,2026-03-27 05:25:52.174188,2026-05-12 14:35:54.174971,NULL,NULL,cheese sticks
org-d4efebe6-0ab3-4f44-a113-b9653a58c1d2,GRUBBRR Demos,loc-2bd29e8d-b962-472e-9e01-1ff06b6f9172,Fat Slice Demo,cat-19efd949-c0f9-411e-9d7b-57b88a7fbae7,School Lunch,itm-7c7ba9d8-db3d-467c-b91f-d6e644d6aa48,NSLP Lite Cheese Pizza,catlg-02cb3174-d197-4ae1-85da-53698e66d63b,NULL,NULL,0,Item,,NULL,NULL,NULL,False,NULL,NULL,NULL,True,True,2025-12-24 14:58:08.208856,2025-12-24 14:58:08.208856,2026-05-12 14:35:54.174971,NULL,NULL,cheese lite nslp pizza
org-d4efebe6-0ab3-4f44-a113-b9653a58c1d2,GRUBBRR Demos,loc-2bd29e8d-b962-472e-9e01-1ff06b6f9172,Fat Slice Demo,cat-19efd949-c0f9-411e-9d7b-57b88a7fbae7,School Lunch,itm-a66fedc1-ce42-4dbb-9926-d15a7de0fb87,NSLP Chicken Pizza,catlg-02cb3174-d197-4ae1-85da-53698e66d63b,NULL,NULL,0,Item,,NULL,NULL,NULL,False,NULL,NULL,NULL,True,True,2025-12-24 14:58:08.208856,2025-12-24 14:58:08.208856,2026-05-12 14:35:54.174971,NULL,NULL,chicken nslp pizza
org-d4efebe6-0ab3-4f44-a113-b9653a58c1d2,GRUBBRR Demos,loc-2bd29e8d-b962-472e-9e01-1ff06b6f9172,Fat Slice Demo,cat-0e2ed811-df7a-4eb4-b9b5-dcfcb1d25cea,Pizza,itm-c8841c57-4e2f-4c9d-98b8-79273491f39f,Chicken Bacon Parmesan Melt,catlg-02cb3174-d197-4ae1-85da-53698e66d63b,1.0000,2025-12-24 15:39:25.417287,0,Item,,NULL,NULL,NULL,False,NULL,NULL,NULL,True,False,2025-12-24 14:58:08.208856,2025-12-24 15:38:21.403712,2026-05-12 14:35:54.174971,NULL,NULL,bacon chicken melt parmesan
org-d4efebe6-0ab3-4f44-a113-b9653a58c1d2,GRUBBRR Demos,loc-2bd29e8d-b962-472e-9e01-1ff06b6f9172,Fat Slice Demo,cat-75024c9b-8ed2-4387-aec2-dbd7e7f1de73,Carryout Drinks,itm-5c8f5ed7-be80-49eb-b3b1-04b76382760f,4 Pack Mountain Dew,catlg-02cb3174-d197-4ae1-85da-53698e66d63b,NULL,NULL,0,Item,,NULL,NULL,NULL,False,NULL,NULL,NULL,False,False,2025-12-24 14:58:08.208856,2025-12-24 15:38:21.403727,2026-05-12 14:35:54.174971,NULL,NULL,4 dew mountain pack
org-d4efebe6-0ab3-4f44-a113-b9653a58c1d2,GRUBBRR Demos,loc-2bd29e8d-b962-472e-9e01-1ff06b6f9172,Fat Slice Demo,cat-75024c9b-8ed2-4387-aec2-dbd7e7f1de73,Carryout Drinks,itm-beb7122b-b83b-42ce-886e-7c4784d42aa0,Celsius  Sparkling Orange,catlg-02cb3174-d197-4ae1-85da-53698e66d63b,NULL,NULL,0,Item,,NULL,NULL,NULL,False,NULL,NULL,NULL,True,True,2025-12-24 14:58:08.208856,2025-12-24 14:58:08.208856,2026-05-12 14:35:54.174971,NULL,NULL,celsius orange sparkling
org-d4efebe6-0ab3-4f44-a113-b9653a58c1d2,GRUBBRR Demos,loc-2bd29e8d-b962-472e-9e01-1ff06b6f9172,Fat Slice Demo,cat-1aa62ced-f350-45ae-b929-92ea1432e130,Dessert,itm-15b4ea02-47d4-4902-84a4-c7256ddd3485,Cinnabon  Mini Rolls Now,catlg-02cb3174-d197-4ae1-85da-53698e66d63b,NULL,NULL,0,Item,,NULL,NULL,NULL,False,NULL,NULL,NULL,True,False,2025-12-24 14:58:08.208856,2025-12-24 15:38:21.403742,2026-05-12 14:35:54.174971,NULL,NULL,cinnabon mini now rolls
org-d4efebe6-0ab3-4f44-a113-b9653a58c1d2,GRUBBRR Demos,loc-2bd29e8d-b962-472e-9e01-1ff06b6f9172,Fat Slice Demo,cat-1852958f-c5d8-4ff0-99c2-eede6e11765b,Appetizer,itm-583cb0af-f850-4c2a-a035-41911a3b2a8e,Marinara,catlg-02cb3174-d197-4ae1-85da-53698e66d63b,0.4000,2025-12-24 15:39:19.442049,0,Item,,NULL,NULL,NULL,False,NULL,NULL,NULL,True,False,2025-12-24 14:58:08.208856,2025-12-24 15:38:21.403738,2026-05-12 14:35:54.174971,NULL,NULL,marinara
org-d4efebe6-0ab3-4f44-a113-b9653a58c1d2,GRUBBRR Demos,loc-2bd29e8d-b962-472e-9e01-1ff06b6f9172,Fat Slice Demo,cat-75024c9b-8ed2-4387-aec2-dbd7e7f1de73,Carryout Drinks,itm-8ca38969-35d7-4a8a-b9f9-1c87ee25d797,4 Pack TWO Pepsi TWO Mtn Dew,catlg-02cb3174-d197-4ae1-85da-53698e66d63b,NULL,NULL,0,Item,,NULL,NULL,NULL,False,NULL,NULL,NULL,True,False,2025-12-24 14:58:08.208856,2025-12-24 15:38:21.403728,2026-05-12 14:35:54.174971,NULL,NULL,4 dew mtn pack pepsi two two
org-d4efebe6-0ab3-4f44-a113-b9653a58c1d2,GRUBBRR Demos,loc-2bd29e8d-b962-472e-9e01-1ff06b6f9172,Fat Slice Demo,cat-1aa62ced-f350-45ae-b929-92ea1432e130,Dessert,itm-298cb345-d5a2-4e3a-a170-a3a7a523a769,Ultimate Chocolate Chip Cookie,catlg-02cb3174-d197-4ae1-85da-53698e66d63b,5.0000,2025-12-24 15:39:18.704507,0,Item,,NULL,NULL,NULL,False,NULL,NULL,NULL,True,False,2025-12-24 14:58:08.208856,2026-03-26 21:36:52.651427,2026-05-12 14:35:54.174971,NULL,NULL,chip chocolate cookie ultimate
org-d4efebe6-0ab3-4f44-a113-b9653a58c1d2,GRUBBRR Demos,loc-2bd29e8d-b962-472e-9e01-1ff06b6f9172,Fat Slice Demo,cat-b947873e-e4fa-4686-9e6d-f5663f429a1a,Soft Drinks,itm-475ba57a-7a64-4020-8917-d27813646c3d,Starry,catlg-02cb3174-d197-4ae1-85da-53698e66d63b,NULL,NULL,0,Item,,NULL,NULL,NULL,False,NULL,NULL,NULL,False,True,2025-12-24 14:58:08.208856,2025-12-24 14:58:08.208856,2026-05-12 14:35:54.174971,NULL,NULL,starry
org-d4efebe6-0ab3-4f44-a113-b9653a58c1d2,GRUBBRR Demos,loc-2bd29e8d-b962-472e-9e01-1ff06b6f9172,Fat Slice Demo,cat-1aa62ced-f350-45ae-b929-92ea1432e130,Dessert,itm-a8924814-4ba7-4d2e-bd0d-4bc70fd6e00c,Cinnabon  Mini Rolls,catlg-02cb3174-d197-4ae1-85da-53698e66d63b,5.0000,2025-12-24 15:39:18.719565,0,Item,,NULL,NULL,NULL,False,NULL,NULL,NULL,True,False,2025-12-24 14:58:08.208856,2026-03-27 04:40:02.472603,2026-05-12 14:35:54.174971,NULL,NULL,cinnabon mini rolls
org-d4efebe6-0ab3-4f44-a113-b9653a58c1d2,GRUBBRR Demos,loc-2bd29e8d-b962-472e-9e01-1ff06b6f9172,Fat Slice Demo,cat-1852958f-c5d8-4ff0-99c2-eede6e11765b,Appetizer,itm-966065d9-af3e-4586-b391-088d35bc1a3e,Breadsticks,catlg-02cb3174-d197-4ae1-85da-53698e66d63b,5.3800,2025-12-24 15:39:19.814747,0,Item,,NULL,NULL,NULL,False,NULL,NULL,NULL,True,False,2025-12-24 14:58:08.208856,2025-12-24 15:38:21.403732,2026-05-12 14:35:54.174971,NULL,NULL,breadsticks
