organizationid,organizationname,locationid,locationname,catalogid,catalogname,menuitemid,menuitemname,item_class_type,modifiergroupid,modifiergroupname,modifierid,modifiername,modifier_class_type,is_modifier_default,min_quantity,max_quantity,allow_quantity_increment,increment_step,modifier_default_quantity,is_modifier_invisible,calories,price,is_modifier_active,is_modifier_deleted,modifier_created_on,modifier_modified_on,sysinserttime
org-2ad9799e-2df3-4ebb-9563-8772f5638552,Rohan's Org,loc-9dd1eaea-e264-4d51-bffb-1abdc65e3fff,Upsell Testing,catlg-e77cf90f-2b34-4aa0-9eb6-642bef1ac285,Upsell Testing Catalog,itm-c4031adb-3c58-4024-8910-9cd2c6d46718,Large Sriracha Cheese Curds (Combo Upgrade Price),0,modgrp-794dfe86-a9b3-4024-a381-90c6b7601221,Chkn & Seafood Food Modifiers,modfr-1a1da687-1152-40e9-9c6e-0588a3f85ecd,Sweet Thai Chili,0,False,0,99,True,NULL,NULL,False,,0.2500,True,False,2025-10-23 16:17:40.406244,2025-10-23 16:17:40.406244,2026-06-21 12:59:53.214634
org-2ad9799e-2df3-4ebb-9563-8772f5638552,Rohan's Org,loc-9dd1eaea-e264-4d51-bffb-1abdc65e3fff,Upsell Testing,catlg-e77cf90f-2b34-4aa0-9eb6-642bef1ac285,Upsell Testing Catalog,itm-c4031adb-3c58-4024-8910-9cd2c6d46718,Large Sriracha Cheese Curds (Combo Upgrade Price),0,modgrp-794dfe86-a9b3-4024-a381-90c6b7601221,Chkn & Seafood Food Modifiers,modfr-1eea5019-2f0f-4ac4-9927-e00f915b3c61,Seasoning,0,False,0,99,True,NULL,NULL,False,,NULL,True,False,2025-10-23 16:17:40.406244,2025-10-23 16:17:40.406244,2026-06-21 12:59:53.214634
org-2ad9799e-2df3-4ebb-9563-8772f5638552,Rohan's Org,loc-9dd1eaea-e264-4d51-bffb-1abdc65e3fff,Upsell Testing,catlg-e77cf90f-2b34-4aa0-9eb6-642bef1ac285,Upsell Testing Catalog,itm-c4031adb-3c58-4024-8910-9cd2c6d46718,Large Sriracha Cheese Curds (Combo Upgrade Price),0,modgrp-794dfe86-a9b3-4024-a381-90c6b7601221,Chkn & Seafood Food Modifiers,modfr-1fc9272c-28bd-4818-bb73-4aa31fed286b,Pickles,0,False,0,99,True,NULL,NULL,False,,0.5000,True,False,2025-10-23 16:17:40.406244,2025-10-23 16:17:40.406244,2026-06-21 12:59:53.214634
org-2ad9799e-2df3-4ebb-9563-8772f5638552,Rohan's Org,loc-9dd1eaea-e264-4d51-bffb-1abdc65e3fff,Upsell Testing,catlg-e77cf90f-2b34-4aa0-9eb6-642bef1ac285,Upsell Testing Catalog,itm-c4031adb-3c58-4024-8910-9cd2c6d46718,Large Sriracha Cheese Curds (Combo Upgrade Price),0,modgrp-794dfe86-a9b3-4024-a381-90c6b7601221,Chkn & Seafood Food Modifiers,modfr-20f0734a-06cb-48fe-a164-08d7dd846e02,**Peanut Allergy**,0,False,0,99,True,NULL,NULL,False,,NULL,True,False,2025-10-23 16:17:40.406244,2025-10-23 16:17:40.406244,2026-06-21 12:59:53.214634
org-2ad9799e-2df3-4ebb-9563-8772f5638552,Rohan's Org,loc-9dd1eaea-e264-4d51-bffb-1abdc65e3fff,Upsell Testing,catlg-e77cf90f-2b34-4aa0-9eb6-642bef1ac285,Upsell Testing Catalog,itm-c4031adb-3c58-4024-8910-9cd2c6d46718,Large Sriracha Cheese Curds (Combo Upgrade Price),0,modgrp-794dfe86-a9b3-4024-a381-90c6b7601221,Chkn & Seafood Food Modifiers,modfr-22cb319e-2d5d-4af1-8d0b-2d666e351b74,Tomato,0,False,0,99,True,NULL,NULL,False,,0.5000,True,False,2025-10-23 16:17:40.406244,2025-10-23 16:17:40.406244,2026-06-21 12:59:53.214634
org-2ad9799e-2df3-4ebb-9563-8772f5638552,Rohan's Org,loc-9dd1eaea-e264-4d51-bffb-1abdc65e3fff,Upsell Testing,catlg-e77cf90f-2b34-4aa0-9eb6-642bef1ac285,Upsell Testing Catalog,itm-c4031adb-3c58-4024-8910-9cd2c6d46718,Large Sriracha Cheese Curds (Combo Upgrade Price),0,modgrp-794dfe86-a9b3-4024-a381-90c6b7601221,Chkn & Seafood Food Modifiers,modfr-2464c2cb-9427-4d03-8914-3d4acb108685,Crispy,0,False,0,99,True,NULL,NULL,False,,NULL,True,False,2025-10-23 16:17:40.406244,2025-10-23 16:17:40.406244,2026-06-21 12:59:53.214634
org-2ad9799e-2df3-4ebb-9563-8772f5638552,Rohan's Org,loc-9dd1eaea-e264-4d51-bffb-1abdc65e3fff,Upsell Testing,catlg-e77cf90f-2b34-4aa0-9eb6-642bef1ac285,Upsell Testing Catalog,itm-c4031adb-3c58-4024-8910-9cd2c6d46718,Large Sriracha Cheese Curds (Combo Upgrade Price),0,modgrp-794dfe86-a9b3-4024-a381-90c6b7601221,Chkn & Seafood Food Modifiers,modfr-2d209fd1-dd87-43d3-af7a-1a847c5ed9de,Burger Patty,0,False,0,99,True,NULL,NULL,False,,2.0000,True,False,2025-10-23 16:17:40.406244,2025-10-23 16:17:40.406244,2026-06-21 12:59:53.214634
org-2ad9799e-2df3-4ebb-9563-8772f5638552,Rohan's Org,loc-9dd1eaea-e264-4d51-bffb-1abdc65e3fff,Upsell Testing,catlg-e77cf90f-2b34-4aa0-9eb6-642bef1ac285,Upsell Testing Catalog,itm-c4031adb-3c58-4024-8910-9cd2c6d46718,Large Sriracha Cheese Curds (Combo Upgrade Price),0,modgrp-794dfe86-a9b3-4024-a381-90c6b7601221,Chkn & Seafood Food Modifiers,modfr-2f3add64-4973-4430-8b50-ef3435481100,Mushrooms,0,False,0,99,True,NULL,NULL,False,,0.5000,True,False,2025-10-23 16:17:40.406244,2025-10-23 16:17:40.406244,2026-06-21 12:59:53.214634
org-2ad9799e-2df3-4ebb-9563-8772f5638552,Rohan's Org,loc-9dd1eaea-e264-4d51-bffb-1abdc65e3fff,Upsell Testing,catlg-e77cf90f-2b34-4aa0-9eb6-642bef1ac285,Upsell Testing Catalog,itm-c4031adb-3c58-4024-8910-9cd2c6d46718,Large Sriracha Cheese Curds (Combo Upgrade Price),0,modgrp-794dfe86-a9b3-4024-a381-90c6b7601221,Chkn & Seafood Food Modifiers,modfr-2fb08a9a-746b-4564-a274-52df5a5065eb,Plain,0,False,0,99,True,NULL,NULL,False,,NULL,True,False,2025-10-23 16:17:40.406244,2025-10-23 16:17:40.406244,2026-06-21 12:59:53.214634
org-2ad9799e-2df3-4ebb-9563-8772f5638552,Rohan's Org,loc-9dd1eaea-e264-4d51-bffb-1abdc65e3fff,Upsell Testing,catlg-e77cf90f-2b34-4aa0-9eb6-642bef1ac285,Upsell Testing Catalog,itm-c4031adb-3c58-4024-8910-9cd2c6d46718,Large Sriracha Cheese Curds (Combo Upgrade Price),0,modgrp-794dfe86-a9b3-4024-a381-90c6b7601221,Chkn & Seafood Food Modifiers,modfr-30864dc9-6241-446c-b02f-807f59492929,Blue Cheese,0,False,0,99,True,NULL,NULL,False,,NULL,True,False,2025-10-23 16:17:40.406244,2025-10-23 16:17:40.406244,2026-06-21 12:59:53.214634
org-2ad9799e-2df3-4ebb-9563-8772f5638552,Rohan's Org,loc-9dd1eaea-e264-4d51-bffb-1abdc65e3fff,Upsell Testing,catlg-e77cf90f-2b34-4aa0-9eb6-642bef1ac285,Upsell Testing Catalog,itm-c4031adb-3c58-4024-8910-9cd2c6d46718,Large Sriracha Cheese Curds (Combo Upgrade Price),0,modgrp-794dfe86-a9b3-4024-a381-90c6b7601221,Chkn & Seafood Food Modifiers,modfr-31284282-ca54-440b-ac68-bdb722ac1566,No Salt,0,False,0,99,True,NULL,NULL,False,,NULL,True,False,2025-10-23 16:17:40.406244,2025-10-23 16:17:40.406244,2026-06-21 12:59:53.214634
org-2ad9799e-2df3-4ebb-9563-8772f5638552,Rohan's Org,loc-9dd1eaea-e264-4d51-bffb-1abdc65e3fff,Upsell Testing,catlg-e77cf90f-2b34-4aa0-9eb6-642bef1ac285,Upsell Testing Catalog,itm-c4031adb-3c58-4024-8910-9cd2c6d46718,Large Sriracha Cheese Curds (Combo Upgrade Price),0,modgrp-794dfe86-a9b3-4024-a381-90c6b7601221,Chkn & Seafood Food Modifiers,modfr-32c220c5-fb9e-4ddd-a9dd-ccef8af65e93,Buffalo Sauce,0,False,0,99,True,NULL,NULL,False,,0.2500,True,False,2025-10-23 16:17:40.406244,2025-10-23 16:17:40.406244,2026-06-21 12:59:53.214634
org-2ad9799e-2df3-4ebb-9563-8772f5638552,Rohan's Org,loc-9dd1eaea-e264-4d51-bffb-1abdc65e3fff,Upsell Testing,catlg-e77cf90f-2b34-4aa0-9eb6-642bef1ac285,Upsell Testing Catalog,itm-c4031adb-3c58-4024-8910-9cd2c6d46718,Large Sriracha Cheese Curds (Combo Upgrade Price),0,modgrp-794dfe86-a9b3-4024-a381-90c6b7601221,Chkn & Seafood Food Modifiers,modfr-354917e8-fd28-4b2e-88c3-80fec1029883,Mayo,0,False,0,99,True,NULL,NULL,False,,NULL,True,False,2025-10-23 16:17:40.406244,2025-10-23 16:17:40.406244,2026-06-21 12:59:53.214634
org-2ad9799e-2df3-4ebb-9563-8772f5638552,Rohan's Org,loc-9dd1eaea-e264-4d51-bffb-1abdc65e3fff,Upsell Testing,catlg-e77cf90f-2b34-4aa0-9eb6-642bef1ac285,Upsell Testing Catalog,itm-c4031adb-3c58-4024-8910-9cd2c6d46718,Large Sriracha Cheese Curds (Combo Upgrade Price),0,modgrp-794dfe86-a9b3-4024-a381-90c6b7601221,Chkn & Seafood Food Modifiers,modfr-41ea5876-f0fb-4962-aaf3-4e005da1aaad,Fish Sandwich,0,False,0,99,True,NULL,NULL,False,,6.3900,True,False,2025-10-23 16:17:40.406244,2025-10-23 16:17:40.406244,2026-06-21 12:59:53.214634
org-2ad9799e-2df3-4ebb-9563-8772f5638552,Rohan's Org,loc-9dd1eaea-e264-4d51-bffb-1abdc65e3fff,Upsell Testing,catlg-e77cf90f-2b34-4aa0-9eb6-642bef1ac285,Upsell Testing Catalog,itm-c4031adb-3c58-4024-8910-9cd2c6d46718,Large Sriracha Cheese Curds (Combo Upgrade Price),0,modgrp-794dfe86-a9b3-4024-a381-90c6b7601221,Chkn & Seafood Food Modifiers,modfr-4808dcd6-ceae-4003-8625-44bb8b40d7bb,Ketchup,0,False,0,99,True,NULL,NULL,False,,NULL,True,False,2025-10-23 16:17:40.406244,2025-10-23 16:17:40.406244,2026-06-21 12:59:53.214634
org-2ad9799e-2df3-4ebb-9563-8772f5638552,Rohan's Org,loc-9dd1eaea-e264-4d51-bffb-1abdc65e3fff,Upsell Testing,catlg-e77cf90f-2b34-4aa0-9eb6-642bef1ac285,Upsell Testing Catalog,itm-c4031adb-3c58-4024-8910-9cd2c6d46718,Large Sriracha Cheese Curds (Combo Upgrade Price),0,modgrp-794dfe86-a9b3-4024-a381-90c6b7601221,Chkn & Seafood Food Modifiers,modfr-48763d86-999f-42d2-b37e-cbcf38ac05e5,Malt Vinegar,0,False,0,99,True,NULL,NULL,False,,NULL,True,False,2025-10-23 16:17:40.406244,2025-10-23 16:17:40.406244,2026-06-21 12:59:53.214634
org-tf5i2lw1qz,Sakshi Demo,loc-f9507722-f4c3-45a1-a7a6-6358548bea05,A&w Lab new(Dont take order),catlg-5f49688b-1b0a-4963-9e20-90dba233b023,A&w Lab new(Dont take order) Catalog,itm-6111f62f-7b1f-4085-80f6-a04f71e65d45,Mini Meal - Bacon Single,0,modgrp-49f6b8c4-7d89-420c-9c0d-bacb0d0a372d,Chkn & Seafood Food Modifiers,modfr-cb5581a2-b334-4496-b1a3-97e1cc2e7e12,Salad Dressing,0,False,0,99,True,NULL,NULL,False,,NULL,True,False,2025-08-22 06:57:39.012653,2025-08-22 06:57:39.012653,2026-06-21 13:00:49.312638
org-tf5i2lw1qz,Sakshi Demo,loc-f9507722-f4c3-45a1-a7a6-6358548bea05,A&w Lab new(Dont take order),catlg-5f49688b-1b0a-4963-9e20-90dba233b023,A&w Lab new(Dont take order) Catalog,itm-6111f62f-7b1f-4085-80f6-a04f71e65d45,Mini Meal - Bacon Single,0,modgrp-49f6b8c4-7d89-420c-9c0d-bacb0d0a372d,Chkn & Seafood Food Modifiers,modfr-d623fa49-7924-491d-b2b5-c28ee40c82b4,Swiss Cheese,0,False,0,99,True,NULL,NULL,False,,0.5000,True,False,2025-08-22 06:57:39.012654,2025-08-22 06:57:39.012654,2026-06-21 13:00:49.312638
org-tf5i2lw1qz,Sakshi Demo,loc-f9507722-f4c3-45a1-a7a6-6358548bea05,A&w Lab new(Dont take order),catlg-5f49688b-1b0a-4963-9e20-90dba233b023,A&w Lab new(Dont take order) Catalog,itm-6111f62f-7b1f-4085-80f6-a04f71e65d45,Mini Meal - Bacon Single,0,modgrp-49f6b8c4-7d89-420c-9c0d-bacb0d0a372d,Chkn & Seafood Food Modifiers,modfr-d718469d-2b34-4725-8067-e43f02e2fdad,Bacon,0,False,0,99,True,NULL,NULL,False,,1.0000,True,False,2025-08-22 06:57:39.012649,2025-08-22 06:57:39.012649,2026-06-21 13:00:49.312638
org-tf5i2lw1qz,Sakshi Demo,loc-f9507722-f4c3-45a1-a7a6-6358548bea05,A&w Lab new(Dont take order),catlg-5f49688b-1b0a-4963-9e20-90dba233b023,A&w Lab new(Dont take order) Catalog,itm-6111f62f-7b1f-4085-80f6-a04f71e65d45,Mini Meal - Bacon Single,0,modgrp-49f6b8c4-7d89-420c-9c0d-bacb0d0a372d,Chkn & Seafood Food Modifiers,modfr-d88041f9-10d3-4a55-a6dc-3adc14488946,American Chz,0,False,0,99,True,NULL,0,False,1 cal,0.5000,True,False,2025-08-22 06:57:39.012648,2025-08-22 06:57:39.012648,2026-06-21 13:00:49.312638
org-tf5i2lw1qz,Sakshi Demo,loc-f9507722-f4c3-45a1-a7a6-6358548bea05,A&w Lab new(Dont take order),catlg-5f49688b-1b0a-4963-9e20-90dba233b023,A&w Lab new(Dont take order) Catalog,itm-6111f62f-7b1f-4085-80f6-a04f71e65d45,Mini Meal - Bacon Single,0,modgrp-49f6b8c4-7d89-420c-9c0d-bacb0d0a372d,Chkn & Seafood Food Modifiers,modfr-dd6d1f38-19d2-4155-8311-a94dcf8ee31e,Mustard,0,False,0,99,True,NULL,NULL,False,,NULL,True,False,2025-08-22 06:57:39.012652,2025-08-22 06:57:39.012652,2026-06-21 13:00:49.312638
org-tf5i2lw1qz,Sakshi Demo,loc-f9507722-f4c3-45a1-a7a6-6358548bea05,A&w Lab new(Dont take order),catlg-5f49688b-1b0a-4963-9e20-90dba233b023,A&w Lab new(Dont take order) Catalog,itm-6111f62f-7b1f-4085-80f6-a04f71e65d45,Mini Meal - Bacon Single,0,modgrp-49f6b8c4-7d89-420c-9c0d-bacb0d0a372d,Chkn & Seafood Food Modifiers,modfr-ddec8a33-674e-41fb-8a19-39d169a176fb,Buffalo Sauce,0,False,0,99,True,NULL,NULL,False,,0.2500,True,False,2025-08-22 06:57:39.012656,2025-08-22 06:57:39.012656,2026-06-21 13:00:49.312638
org-tf5i2lw1qz,Sakshi Demo,loc-f9507722-f4c3-45a1-a7a6-6358548bea05,A&w Lab new(Dont take order),catlg-5f49688b-1b0a-4963-9e20-90dba233b023,A&w Lab new(Dont take order) Catalog,itm-6111f62f-7b1f-4085-80f6-a04f71e65d45,Mini Meal - Bacon Single,0,modgrp-49f6b8c4-7d89-420c-9c0d-bacb0d0a372d,Chkn & Seafood Food Modifiers,modfr-e14b30a1-8ea8-4be3-aadc-405a05d8e1a7,Fish Sandwich,0,False,0,99,True,NULL,NULL,False,,5.9900,True,False,2025-08-22 06:57:39.012682,2025-08-22 06:57:39.012682,2026-06-21 13:00:49.312638
org-tf5i2lw1qz,Sakshi Demo,loc-f9507722-f4c3-45a1-a7a6-6358548bea05,A&w Lab new(Dont take order),catlg-5f49688b-1b0a-4963-9e20-90dba233b023,A&w Lab new(Dont take order) Catalog,itm-6111f62f-7b1f-4085-80f6-a04f71e65d45,Mini Meal - Bacon Single,0,modgrp-49f6b8c4-7d89-420c-9c0d-bacb0d0a372d,Chkn & Seafood Food Modifiers,modfr-e17f370c-e3d2-4932-988f-392c24871efd,Sweet & Sour,0,False,0,99,True,NULL,NULL,False,,NULL,True,False,2025-08-22 06:57:39.012656,2025-08-22 06:57:39.012656,2026-06-21 13:00:49.312638
org-tf5i2lw1qz,Sakshi Demo,loc-f9507722-f4c3-45a1-a7a6-6358548bea05,A&w Lab new(Dont take order),catlg-5f49688b-1b0a-4963-9e20-90dba233b023,A&w Lab new(Dont take order) Catalog,itm-6111f62f-7b1f-4085-80f6-a04f71e65d45,Mini Meal - Bacon Single,0,modgrp-49f6b8c4-7d89-420c-9c0d-bacb0d0a372d,Chkn & Seafood Food Modifiers,modfr-e9f0ed73-caff-416c-b915-9524611da21b,Lite Italian,0,False,0,99,True,NULL,NULL,False,,NULL,True,False,2025-08-22 06:57:39.012683,2025-08-22 06:57:39.012683,2026-06-21 13:00:49.312638
org-tf5i2lw1qz,Sakshi Demo,loc-f9507722-f4c3-45a1-a7a6-6358548bea05,A&w Lab new(Dont take order),catlg-5f49688b-1b0a-4963-9e20-90dba233b023,A&w Lab new(Dont take order) Catalog,itm-6111f62f-7b1f-4085-80f6-a04f71e65d45,Mini Meal - Bacon Single,0,modgrp-49f6b8c4-7d89-420c-9c0d-bacb0d0a372d,Chkn & Seafood Food Modifiers,modfr-ef7dada3-85d5-4173-bc25-17d1956e0bd6,Cut,0,False,0,99,True,NULL,NULL,False,,NULL,True,False,2025-08-22 06:57:39.012657,2025-08-22 06:57:39.012657,2026-06-21 13:00:49.312638
org-tf5i2lw1qz,Sakshi Demo,loc-f9507722-f4c3-45a1-a7a6-6358548bea05,A&w Lab new(Dont take order),catlg-5f49688b-1b0a-4963-9e20-90dba233b023,A&w Lab new(Dont take order) Catalog,itm-6111f62f-7b1f-4085-80f6-a04f71e65d45,Mini Meal - Bacon Single,0,modgrp-49f6b8c4-7d89-420c-9c0d-bacb0d0a372d,Chkn & Seafood Food Modifiers,modfr-f4138fb9-f3f4-4a64-aa63-eb3ffbe5d360,Italian,0,False,0,99,True,NULL,NULL,False,,NULL,True,False,2025-08-22 06:57:39.012682,2025-08-22 06:57:39.012682,2026-06-21 13:00:49.312638
org-tf5i2lw1qz,Sakshi Demo,loc-f9507722-f4c3-45a1-a7a6-6358548bea05,A&w Lab new(Dont take order),catlg-5f49688b-1b0a-4963-9e20-90dba233b023,A&w Lab new(Dont take order) Catalog,itm-6111f62f-7b1f-4085-80f6-a04f71e65d45,Mini Meal - Bacon Single,0,modgrp-49f6b8c4-7d89-420c-9c0d-bacb0d0a372d,Chkn & Seafood Food Modifiers,modfr-f45843a2-62e3-401e-8dcb-8854b7b39b2d,Well Done,0,False,0,99,True,NULL,NULL,False,,NULL,True,False,2025-08-22 06:57:39.01266,2025-08-22 06:57:39.01266,2026-06-21 13:00:49.312638
org-tf5i2lw1qz,Sakshi Demo,loc-f9507722-f4c3-45a1-a7a6-6358548bea05,A&w Lab new(Dont take order),catlg-5f49688b-1b0a-4963-9e20-90dba233b023,A&w Lab new(Dont take order) Catalog,itm-6111f62f-7b1f-4085-80f6-a04f71e65d45,Mini Meal - Bacon Single,0,modgrp-49f6b8c4-7d89-420c-9c0d-bacb0d0a372d,Chkn & Seafood Food Modifiers,modfr-f4e44609-ef74-49a2-a815-27940d966313,Relish,0,False,0,99,True,NULL,NULL,False,,NULL,True,False,2025-08-22 06:57:39.012656,2025-08-22 06:57:39.012656,2026-06-21 13:00:49.312638
org-tf5i2lw1qz,Sakshi Demo,loc-f9507722-f4c3-45a1-a7a6-6358548bea05,A&w Lab new(Dont take order),catlg-5f49688b-1b0a-4963-9e20-90dba233b023,A&w Lab new(Dont take order) Catalog,itm-6111f62f-7b1f-4085-80f6-a04f71e65d45,Mini Meal - Bacon Single,0,modgrp-714a3554-6806-4a29-9e33-7ee10d1b2af6,Sauce,modfr-01116117-d2c5-4ee7-9713-392330d6350c,French,0,False,0,8,True,NULL,NULL,False,,NULL,True,False,2025-08-22 06:57:39.012681,2025-08-22 06:57:39.012681,2026-06-21 13:00:49.312638
org-tf5i2lw1qz,Sakshi Demo,loc-f9507722-f4c3-45a1-a7a6-6358548bea05,A&w Lab new(Dont take order),catlg-5f49688b-1b0a-4963-9e20-90dba233b023,A&w Lab new(Dont take order) Catalog,itm-6111f62f-7b1f-4085-80f6-a04f71e65d45,Mini Meal - Bacon Single,0,modgrp-714a3554-6806-4a29-9e33-7ee10d1b2af6,Sauce,modfr-24ddc0bc-7bc7-4863-9c34-2397f0090b41,Sweet & Sour Sauce,0,False,0,8,True,NULL,NULL,False,,0.5000,True,False,2025-08-22 06:57:39.012659,2025-08-22 06:57:39.012659,2026-06-21 13:00:49.312638
org-tf5i2lw1qz,Sakshi Demo,loc-f9507722-f4c3-45a1-a7a6-6358548bea05,A&w Lab new(Dont take order),catlg-5f49688b-1b0a-4963-9e20-90dba233b023,A&w Lab new(Dont take order) Catalog,itm-6111f62f-7b1f-4085-80f6-a04f71e65d45,Mini Meal - Bacon Single,0,modgrp-714a3554-6806-4a29-9e33-7ee10d1b2af6,Sauce,modfr-26265f60-ae51-410d-aefe-1b0458f94fc9,Chz Sauce,0,False,0,8,True,NULL,NULL,False,,0.5000,True,False,2025-08-22 06:57:39.012651,2025-08-22 06:57:39.012651,2026-06-21 13:00:49.312638
org-tf5i2lw1qz,Sakshi Demo,loc-f9507722-f4c3-45a1-a7a6-6358548bea05,A&w Lab new(Dont take order),catlg-5f49688b-1b0a-4963-9e20-90dba233b023,A&w Lab new(Dont take order) Catalog,itm-6111f62f-7b1f-4085-80f6-a04f71e65d45,Mini Meal - Bacon Single,0,modgrp-714a3554-6806-4a29-9e33-7ee10d1b2af6,Sauce,modfr-275bcc70-d9a8-40c6-b40e-cefece6f1f99,Tartar,0,False,0,8,True,NULL,NULL,False,,0.2500,True,False,2025-08-22 06:57:39.012655,2025-08-22 06:57:39.012655,2026-06-21 13:00:49.312638
org-tf5i2lw1qz,Sakshi Demo,loc-f9507722-f4c3-45a1-a7a6-6358548bea05,A&w Lab new(Dont take order),catlg-5f49688b-1b0a-4963-9e20-90dba233b023,A&w Lab new(Dont take order) Catalog,itm-6111f62f-7b1f-4085-80f6-a04f71e65d45,Mini Meal - Bacon Single,0,modgrp-49f6b8c4-7d89-420c-9c0d-bacb0d0a372d,Chkn & Seafood Food Modifiers,modfr-d718469d-2b34-4725-8067-e43f02e2fdad,Bacon,0,False,0,99,True,NULL,NULL,False,,1.0000,True,False,2025-08-22 06:57:39.012649,2025-08-22 06:57:39.012649,2026-06-21 13:00:44.345107
org-tf5i2lw1qz,Sakshi Demo,loc-f9507722-f4c3-45a1-a7a6-6358548bea05,A&w Lab new(Dont take order),catlg-5f49688b-1b0a-4963-9e20-90dba233b023,A&w Lab new(Dont take order) Catalog,itm-6111f62f-7b1f-4085-80f6-a04f71e65d45,Mini Meal - Bacon Single,0,modgrp-49f6b8c4-7d89-420c-9c0d-bacb0d0a372d,Chkn & Seafood Food Modifiers,modfr-d88041f9-10d3-4a55-a6dc-3adc14488946,American Chz,0,False,0,99,True,NULL,0,False,1 cal,0.5000,True,False,2025-08-22 06:57:39.012648,2025-08-22 06:57:39.012648,2026-06-21 13:00:44.345107
org-tf5i2lw1qz,Sakshi Demo,loc-f9507722-f4c3-45a1-a7a6-6358548bea05,A&w Lab new(Dont take order),catlg-5f49688b-1b0a-4963-9e20-90dba233b023,A&w Lab new(Dont take order) Catalog,itm-6111f62f-7b1f-4085-80f6-a04f71e65d45,Mini Meal - Bacon Single,0,modgrp-49f6b8c4-7d89-420c-9c0d-bacb0d0a372d,Chkn & Seafood Food Modifiers,modfr-dd6d1f38-19d2-4155-8311-a94dcf8ee31e,Mustard,0,False,0,99,True,NULL,NULL,False,,NULL,True,False,2025-08-22 06:57:39.012652,2025-08-22 06:57:39.012652,2026-06-21 13:00:44.345107
org-tf5i2lw1qz,Sakshi Demo,loc-f9507722-f4c3-45a1-a7a6-6358548bea05,A&w Lab new(Dont take order),catlg-5f49688b-1b0a-4963-9e20-90dba233b023,A&w Lab new(Dont take order) Catalog,itm-6111f62f-7b1f-4085-80f6-a04f71e65d45,Mini Meal - Bacon Single,0,modgrp-49f6b8c4-7d89-420c-9c0d-bacb0d0a372d,Chkn & Seafood Food Modifiers,modfr-ddec8a33-674e-41fb-8a19-39d169a176fb,Buffalo Sauce,0,False,0,99,True,NULL,NULL,False,,0.2500,True,False,2025-08-22 06:57:39.012656,2025-08-22 06:57:39.012656,2026-06-21 13:00:44.345107
org-tf5i2lw1qz,Sakshi Demo,loc-f9507722-f4c3-45a1-a7a6-6358548bea05,A&w Lab new(Dont take order),catlg-5f49688b-1b0a-4963-9e20-90dba233b023,A&w Lab new(Dont take order) Catalog,itm-6111f62f-7b1f-4085-80f6-a04f71e65d45,Mini Meal - Bacon Single,0,modgrp-49f6b8c4-7d89-420c-9c0d-bacb0d0a372d,Chkn & Seafood Food Modifiers,modfr-e14b30a1-8ea8-4be3-aadc-405a05d8e1a7,Fish Sandwich,0,False,0,99,True,NULL,NULL,False,,5.9900,True,False,2025-08-22 06:57:39.012682,2025-08-22 06:57:39.012682,2026-06-21 13:00:44.345107
org-tf5i2lw1qz,Sakshi Demo,loc-f9507722-f4c3-45a1-a7a6-6358548bea05,A&w Lab new(Dont take order),catlg-5f49688b-1b0a-4963-9e20-90dba233b023,A&w Lab new(Dont take order) Catalog,itm-6111f62f-7b1f-4085-80f6-a04f71e65d45,Mini Meal - Bacon Single,0,modgrp-49f6b8c4-7d89-420c-9c0d-bacb0d0a372d,Chkn & Seafood Food Modifiers,modfr-e17f370c-e3d2-4932-988f-392c24871efd,Sweet & Sour,0,False,0,99,True,NULL,NULL,False,,NULL,True,False,2025-08-22 06:57:39.012656,2025-08-22 06:57:39.012656,2026-06-21 13:00:44.345107
org-tf5i2lw1qz,Sakshi Demo,loc-f9507722-f4c3-45a1-a7a6-6358548bea05,A&w Lab new(Dont take order),catlg-5f49688b-1b0a-4963-9e20-90dba233b023,A&w Lab new(Dont take order) Catalog,itm-6111f62f-7b1f-4085-80f6-a04f71e65d45,Mini Meal - Bacon Single,0,modgrp-49f6b8c4-7d89-420c-9c0d-bacb0d0a372d,Chkn & Seafood Food Modifiers,modfr-e9f0ed73-caff-416c-b915-9524611da21b,Lite Italian,0,False,0,99,True,NULL,NULL,False,,NULL,True,False,2025-08-22 06:57:39.012683,2025-08-22 06:57:39.012683,2026-06-21 13:00:44.345107
org-tf5i2lw1qz,Sakshi Demo,loc-f9507722-f4c3-45a1-a7a6-6358548bea05,A&w Lab new(Dont take order),catlg-5f49688b-1b0a-4963-9e20-90dba233b023,A&w Lab new(Dont take order) Catalog,itm-6111f62f-7b1f-4085-80f6-a04f71e65d45,Mini Meal - Bacon Single,0,modgrp-49f6b8c4-7d89-420c-9c0d-bacb0d0a372d,Chkn & Seafood Food Modifiers,modfr-ef7dada3-85d5-4173-bc25-17d1956e0bd6,Cut,0,False,0,99,True,NULL,NULL,False,,NULL,True,False,2025-08-22 06:57:39.012657,2025-08-22 06:57:39.012657,2026-06-21 13:00:44.345107
org-tf5i2lw1qz,Sakshi Demo,loc-f9507722-f4c3-45a1-a7a6-6358548bea05,A&w Lab new(Dont take order),catlg-5f49688b-1b0a-4963-9e20-90dba233b023,A&w Lab new(Dont take order) Catalog,itm-6111f62f-7b1f-4085-80f6-a04f71e65d45,Mini Meal - Bacon Single,0,modgrp-49f6b8c4-7d89-420c-9c0d-bacb0d0a372d,Chkn & Seafood Food Modifiers,modfr-f4138fb9-f3f4-4a64-aa63-eb3ffbe5d360,Italian,0,False,0,99,True,NULL,NULL,False,,NULL,True,False,2025-08-22 06:57:39.012682,2025-08-22 06:57:39.012682,2026-06-21 13:00:44.345107
org-tf5i2lw1qz,Sakshi Demo,loc-f9507722-f4c3-45a1-a7a6-6358548bea05,A&w Lab new(Dont take order),catlg-5f49688b-1b0a-4963-9e20-90dba233b023,A&w Lab new(Dont take order) Catalog,itm-6111f62f-7b1f-4085-80f6-a04f71e65d45,Mini Meal - Bacon Single,0,modgrp-49f6b8c4-7d89-420c-9c0d-bacb0d0a372d,Chkn & Seafood Food Modifiers,modfr-f45843a2-62e3-401e-8dcb-8854b7b39b2d,Well Done,0,False,0,99,True,NULL,NULL,False,,NULL,True,False,2025-08-22 06:57:39.01266,2025-08-22 06:57:39.01266,2026-06-21 13:00:44.345107
org-tf5i2lw1qz,Sakshi Demo,loc-f9507722-f4c3-45a1-a7a6-6358548bea05,A&w Lab new(Dont take order),catlg-5f49688b-1b0a-4963-9e20-90dba233b023,A&w Lab new(Dont take order) Catalog,itm-6111f62f-7b1f-4085-80f6-a04f71e65d45,Mini Meal - Bacon Single,0,modgrp-49f6b8c4-7d89-420c-9c0d-bacb0d0a372d,Chkn & Seafood Food Modifiers,modfr-f4e44609-ef74-49a2-a815-27940d966313,Relish,0,False,0,99,True,NULL,NULL,False,,NULL,True,False,2025-08-22 06:57:39.012656,2025-08-22 06:57:39.012656,2026-06-21 13:00:44.345107
org-tf5i2lw1qz,Sakshi Demo,loc-f9507722-f4c3-45a1-a7a6-6358548bea05,A&w Lab new(Dont take order),catlg-5f49688b-1b0a-4963-9e20-90dba233b023,A&w Lab new(Dont take order) Catalog,itm-6111f62f-7b1f-4085-80f6-a04f71e65d45,Mini Meal - Bacon Single,0,modgrp-714a3554-6806-4a29-9e33-7ee10d1b2af6,Sauce,modfr-01116117-d2c5-4ee7-9713-392330d6350c,French,0,False,0,8,True,NULL,NULL,False,,NULL,True,False,2025-08-22 06:57:39.012681,2025-08-22 06:57:39.012681,2026-06-21 13:00:44.345107
org-tf5i2lw1qz,Sakshi Demo,loc-f9507722-f4c3-45a1-a7a6-6358548bea05,A&w Lab new(Dont take order),catlg-5f49688b-1b0a-4963-9e20-90dba233b023,A&w Lab new(Dont take order) Catalog,itm-6111f62f-7b1f-4085-80f6-a04f71e65d45,Mini Meal - Bacon Single,0,modgrp-714a3554-6806-4a29-9e33-7ee10d1b2af6,Sauce,modfr-24ddc0bc-7bc7-4863-9c34-2397f0090b41,Sweet & Sour Sauce,0,False,0,8,True,NULL,NULL,False,,0.5000,True,False,2025-08-22 06:57:39.012659,2025-08-22 06:57:39.012659,2026-06-21 13:00:44.345107
org-tf5i2lw1qz,Sakshi Demo,loc-f9507722-f4c3-45a1-a7a6-6358548bea05,A&w Lab new(Dont take order),catlg-5f49688b-1b0a-4963-9e20-90dba233b023,A&w Lab new(Dont take order) Catalog,itm-6111f62f-7b1f-4085-80f6-a04f71e65d45,Mini Meal - Bacon Single,0,modgrp-714a3554-6806-4a29-9e33-7ee10d1b2af6,Sauce,modfr-26265f60-ae51-410d-aefe-1b0458f94fc9,Chz Sauce,0,False,0,8,True,NULL,NULL,False,,0.5000,True,False,2025-08-22 06:57:39.012651,2025-08-22 06:57:39.012651,2026-06-21 13:00:44.345107
org-tf5i2lw1qz,Sakshi Demo,loc-f9507722-f4c3-45a1-a7a6-6358548bea05,A&w Lab new(Dont take order),catlg-5f49688b-1b0a-4963-9e20-90dba233b023,A&w Lab new(Dont take order) Catalog,itm-6111f62f-7b1f-4085-80f6-a04f71e65d45,Mini Meal - Bacon Single,0,modgrp-714a3554-6806-4a29-9e33-7ee10d1b2af6,Sauce,modfr-275bcc70-d9a8-40c6-b40e-cefece6f1f99,Tartar,0,False,0,8,True,NULL,NULL,False,,0.2500,True,False,2025-08-22 06:57:39.012655,2025-08-22 06:57:39.012655,2026-06-21 13:00:44.345107
org-tf5i2lw1qz,Sakshi Demo,loc-f9507722-f4c3-45a1-a7a6-6358548bea05,A&w Lab new(Dont take order),catlg-5f49688b-1b0a-4963-9e20-90dba233b023,A&w Lab new(Dont take order) Catalog,itm-6111f62f-7b1f-4085-80f6-a04f71e65d45,Mini Meal - Bacon Single,0,modgrp-714a3554-6806-4a29-9e33-7ee10d1b2af6,Sauce,modfr-276ef1cd-4cf7-4224-9fc5-f2d2d7a696f5,BBQ Sauce,0,False,0,8,True,NULL,NULL,False,,0.2500,True,False,2025-08-22 06:57:39.012649,2025-08-22 06:57:39.012649,2026-06-21 13:00:44.345107
org-tf5i2lw1qz,Sakshi Demo,loc-f9507722-f4c3-45a1-a7a6-6358548bea05,A&w Lab new(Dont take order),catlg-5f49688b-1b0a-4963-9e20-90dba233b023,A&w Lab new(Dont take order) Catalog,itm-6111f62f-7b1f-4085-80f6-a04f71e65d45,Mini Meal - Bacon Single,0,modgrp-714a3554-6806-4a29-9e33-7ee10d1b2af6,Sauce,modfr-292ddb3b-7e37-409d-aee3-c24128a31eca,Marinara,0,False,0,8,True,NULL,NULL,False,,0.2500,True,False,2025-08-22 06:57:39.012656,2025-08-22 06:57:39.012656,2026-06-21 13:00:44.345107
org-tf5i2lw1qz,Sakshi Demo,loc-f9507722-f4c3-45a1-a7a6-6358548bea05,A&w Lab new(Dont take order),catlg-5f49688b-1b0a-4963-9e20-90dba233b023,A&w Lab new(Dont take order) Catalog,itm-6111f62f-7b1f-4085-80f6-a04f71e65d45,Mini Meal - Bacon Single,0,modgrp-714a3554-6806-4a29-9e33-7ee10d1b2af6,Sauce,modfr-b22c2ec1-c1e4-49b0-ae25-36f4758af9c7,Ketchup Pkt,0,False,0,8,True,NULL,NULL,False,,0.2500,True,False,2025-08-22 06:57:39.012658,2025-08-22 06:57:39.012658,2026-06-21 13:00:39.983481
org-tf5i2lw1qz,Sakshi Demo,loc-f9507722-f4c3-45a1-a7a6-6358548bea05,A&w Lab new(Dont take order),catlg-5f49688b-1b0a-4963-9e20-90dba233b023,A&w Lab new(Dont take order) Catalog,itm-6111f62f-7b1f-4085-80f6-a04f71e65d45,Mini Meal - Bacon Single,0,modgrp-714a3554-6806-4a29-9e33-7ee10d1b2af6,Sauce,modfr-b286d49a-7dca-411a-824f-016be46ee189,Fry Sauce,0,False,0,8,True,NULL,NULL,False,,0.5000,True,False,2025-08-22 06:57:39.012658,2025-08-22 06:57:39.012658,2026-06-21 13:00:39.983481
org-tf5i2lw1qz,Sakshi Demo,loc-f9507722-f4c3-45a1-a7a6-6358548bea05,A&w Lab new(Dont take order),catlg-5f49688b-1b0a-4963-9e20-90dba233b023,A&w Lab new(Dont take order) Catalog,itm-6111f62f-7b1f-4085-80f6-a04f71e65d45,Mini Meal - Bacon Single,0,modgrp-714a3554-6806-4a29-9e33-7ee10d1b2af6,Sauce,modfr-b758430e-3ccf-437f-b95a-fbac4315d3dc,Mayo Pkt,0,False,0,8,True,NULL,NULL,False,,NULL,True,False,2025-08-22 06:57:39.012656,2025-08-22 06:57:39.012656,2026-06-21 13:00:39.983481
org-tf5i2lw1qz,Sakshi Demo,loc-f9507722-f4c3-45a1-a7a6-6358548bea05,A&w Lab new(Dont take order),catlg-5f49688b-1b0a-4963-9e20-90dba233b023,A&w Lab new(Dont take order) Catalog,itm-6111f62f-7b1f-4085-80f6-a04f71e65d45,Mini Meal - Bacon Single,0,modgrp-714a3554-6806-4a29-9e33-7ee10d1b2af6,Sauce,modfr-c2a93153-69be-4086-a9a3-330b1276b6e8,3 Pepper Fire Sauce,0,False,0,8,True,NULL,NULL,False,,0.2500,True,False,2025-08-22 06:57:39.01266,2025-08-22 06:57:39.01266,2026-06-21 13:00:39.983481
org-tf5i2lw1qz,Sakshi Demo,loc-f9507722-f4c3-45a1-a7a6-6358548bea05,A&w Lab new(Dont take order),catlg-5f49688b-1b0a-4963-9e20-90dba233b023,A&w Lab new(Dont take order) Catalog,itm-6111f62f-7b1f-4085-80f6-a04f71e65d45,Mini Meal - Bacon Single,0,modgrp-714a3554-6806-4a29-9e33-7ee10d1b2af6,Sauce,modfr-ddec8a33-674e-41fb-8a19-39d169a176fb,Buffalo Sauce,0,False,0,8,True,NULL,NULL,False,,0.2500,True,False,2025-08-22 06:57:39.012656,2025-08-22 06:57:39.012656,2026-06-21 13:00:39.983481
org-tf5i2lw1qz,Sakshi Demo,loc-f9507722-f4c3-45a1-a7a6-6358548bea05,A&w Lab new(Dont take order),catlg-5f49688b-1b0a-4963-9e20-90dba233b023,A&w Lab new(Dont take order) Catalog,itm-6111f62f-7b1f-4085-80f6-a04f71e65d45,Mini Meal - Bacon Single,0,modgrp-714a3554-6806-4a29-9e33-7ee10d1b2af6,Sauce,modfr-e17f370c-e3d2-4932-988f-392c24871efd,Sweet & Sour,0,False,0,8,True,NULL,NULL,False,,NULL,True,False,2025-08-22 06:57:39.012656,2025-08-22 06:57:39.012656,2026-06-21 13:00:39.983481
org-tf5i2lw1qz,Sakshi Demo,loc-f9507722-f4c3-45a1-a7a6-6358548bea05,A&w Lab new(Dont take order),catlg-5f49688b-1b0a-4963-9e20-90dba233b023,A&w Lab new(Dont take order) Catalog,itm-6111f62f-7b1f-4085-80f6-a04f71e65d45,Mini Meal - Bacon Single,0,modgrp-714a3554-6806-4a29-9e33-7ee10d1b2af6,Sauce,modfr-f0022724-2c21-4b4d-bf45-88ebcac4c4c7,Cocktail Sauce,0,False,0,8,True,NULL,NULL,False,,0.2500,True,False,2025-08-22 06:57:39.012651,2025-08-22 06:57:39.012651,2026-06-21 13:00:39.983481
org-tf5i2lw1qz,Sakshi Demo,loc-f9507722-f4c3-45a1-a7a6-6358548bea05,A&w Lab new(Dont take order),catlg-5f49688b-1b0a-4963-9e20-90dba233b023,A&w Lab new(Dont take order) Catalog,itm-6111f62f-7b1f-4085-80f6-a04f71e65d45,Mini Meal - Bacon Single,0,modgrp-8fd04014-ad65-4701-88dc-3aa99760bcd5,1pc Ckn Tender Sauce,modfr-01116117-d2c5-4ee7-9713-392330d6350c,French,0,False,0,8,True,NULL,NULL,False,,NULL,True,False,2025-08-22 06:57:39.012681,2025-08-22 06:57:39.012681,2026-06-21 13:00:39.983481
org-tf5i2lw1qz,Sakshi Demo,loc-f9507722-f4c3-45a1-a7a6-6358548bea05,A&w Lab new(Dont take order),catlg-5f49688b-1b0a-4963-9e20-90dba233b023,A&w Lab new(Dont take order) Catalog,itm-6111f62f-7b1f-4085-80f6-a04f71e65d45,Mini Meal - Bacon Single,0,modgrp-8fd04014-ad65-4701-88dc-3aa99760bcd5,1pc Ckn Tender Sauce,modfr-24ddc0bc-7bc7-4863-9c34-2397f0090b41,Sweet & Sour Sauce,0,False,0,8,True,NULL,NULL,False,,0.5000,True,False,2025-08-22 06:57:39.012659,2025-08-22 06:57:39.012659,2026-06-21 13:00:39.983481
org-tf5i2lw1qz,Sakshi Demo,loc-f9507722-f4c3-45a1-a7a6-6358548bea05,A&w Lab new(Dont take order),catlg-5f49688b-1b0a-4963-9e20-90dba233b023,A&w Lab new(Dont take order) Catalog,itm-6111f62f-7b1f-4085-80f6-a04f71e65d45,Mini Meal - Bacon Single,0,modgrp-8fd04014-ad65-4701-88dc-3aa99760bcd5,1pc Ckn Tender Sauce,modfr-26265f60-ae51-410d-aefe-1b0458f94fc9,Chz Sauce,0,False,0,8,True,NULL,NULL,False,,0.5000,True,False,2025-08-22 06:57:39.012651,2025-08-22 06:57:39.012651,2026-06-21 13:00:39.983481
org-tf5i2lw1qz,Sakshi Demo,loc-f9507722-f4c3-45a1-a7a6-6358548bea05,A&w Lab new(Dont take order),catlg-5f49688b-1b0a-4963-9e20-90dba233b023,A&w Lab new(Dont take order) Catalog,itm-6111f62f-7b1f-4085-80f6-a04f71e65d45,Mini Meal - Bacon Single,0,modgrp-8fd04014-ad65-4701-88dc-3aa99760bcd5,1pc Ckn Tender Sauce,modfr-275bcc70-d9a8-40c6-b40e-cefece6f1f99,Tartar,0,False,0,8,True,NULL,NULL,False,,0.2500,True,False,2025-08-22 06:57:39.012655,2025-08-22 06:57:39.012655,2026-06-21 13:00:39.983481
org-tf5i2lw1qz,Sakshi Demo,loc-f9507722-f4c3-45a1-a7a6-6358548bea05,A&w Lab new(Dont take order),catlg-5f49688b-1b0a-4963-9e20-90dba233b023,A&w Lab new(Dont take order) Catalog,itm-6111f62f-7b1f-4085-80f6-a04f71e65d45,Mini Meal - Bacon Single,0,modgrp-8fd04014-ad65-4701-88dc-3aa99760bcd5,1pc Ckn Tender Sauce,modfr-276ef1cd-4cf7-4224-9fc5-f2d2d7a696f5,BBQ Sauce,0,False,0,8,True,NULL,NULL,False,,0.2500,True,False,2025-08-22 06:57:39.012649,2025-08-22 06:57:39.012649,2026-06-21 13:00:39.983481
org-tf5i2lw1qz,Sakshi Demo,loc-f9507722-f4c3-45a1-a7a6-6358548bea05,A&w Lab new(Dont take order),catlg-5f49688b-1b0a-4963-9e20-90dba233b023,A&w Lab new(Dont take order) Catalog,itm-6111f62f-7b1f-4085-80f6-a04f71e65d45,Mini Meal - Bacon Single,0,modgrp-8fd04014-ad65-4701-88dc-3aa99760bcd5,1pc Ckn Tender Sauce,modfr-292ddb3b-7e37-409d-aee3-c24128a31eca,Marinara,0,False,0,8,True,NULL,NULL,False,,0.2500,True,False,2025-08-22 06:57:39.012656,2025-08-22 06:57:39.012656,2026-06-21 13:00:39.983481
org-tf5i2lw1qz,Sakshi Demo,loc-f9507722-f4c3-45a1-a7a6-6358548bea05,A&w Lab new(Dont take order),catlg-5f49688b-1b0a-4963-9e20-90dba233b023,A&w Lab new(Dont take order) Catalog,itm-6111f62f-7b1f-4085-80f6-a04f71e65d45,Mini Meal - Bacon Single,0,modgrp-8fd04014-ad65-4701-88dc-3aa99760bcd5,1pc Ckn Tender Sauce,modfr-2a81febd-94dc-4471-a19b-b81d59dd2734,Spicy Papa Sauce,0,False,0,8,True,NULL,NULL,False,,0.2500,True,False,2025-08-22 06:57:39.012654,2025-08-22 06:57:39.012654,2026-06-21 13:00:39.983481
org-tf5i2lw1qz,Sakshi Demo,loc-f9507722-f4c3-45a1-a7a6-6358548bea05,A&w Lab new(Dont take order),catlg-5f49688b-1b0a-4963-9e20-90dba233b023,A&w Lab new(Dont take order) Catalog,itm-6111f62f-7b1f-4085-80f6-a04f71e65d45,Mini Meal - Bacon Single,0,modgrp-8fd04014-ad65-4701-88dc-3aa99760bcd5,1pc Ckn Tender Sauce,modfr-2b083dd1-5a19-48d5-8c9e-83721369e8ac,Mustard Pkt,0,False,0,8,True,NULL,NULL,False,,0.2500,True,False,2025-08-22 06:57:39.012658,2025-08-22 06:57:39.012658,2026-06-21 13:00:39.983481
org-tf5i2lw1qz,Sakshi Demo,loc-f9507722-f4c3-45a1-a7a6-6358548bea05,A&w Lab new(Dont take order),catlg-5f49688b-1b0a-4963-9e20-90dba233b023,A&w Lab new(Dont take order) Catalog,itm-6111f62f-7b1f-4085-80f6-a04f71e65d45,Mini Meal - Bacon Single,0,modgrp-8fd04014-ad65-4701-88dc-3aa99760bcd5,1pc Ckn Tender Sauce,modfr-2cd9a486-1d14-4d60-a9be-029988a0f9cf,Honey Mustard,0,False,0,8,True,NULL,NULL,False,,0.2500,True,False,2025-08-22 06:57:39.012651,2025-08-22 06:57:39.012651,2026-06-21 13:00:39.983481
org-tf5i2lw1qz,Sakshi Demo,loc-f9507722-f4c3-45a1-a7a6-6358548bea05,A&w Lab new(Dont take order),catlg-5f49688b-1b0a-4963-9e20-90dba233b023,A&w Lab new(Dont take order) Catalog,itm-6111f62f-7b1f-4085-80f6-a04f71e65d45,Mini Meal - Bacon Single,0,modgrp-8fd04014-ad65-4701-88dc-3aa99760bcd5,1pc Ckn Tender Sauce,modfr-2d3af169-267e-4bb9-bb39-bf1bed85e1d0,No Sauce,0,False,0,8,True,NULL,NULL,False,,NULL,True,False,2025-08-22 06:57:39.012655,2025-08-22 06:57:39.012655,2026-06-21 13:00:39.983481
org-tf5i2lw1qz,Sakshi Demo,loc-f9507722-f4c3-45a1-a7a6-6358548bea05,A&w Lab new(Dont take order),catlg-5f49688b-1b0a-4963-9e20-90dba233b023,A&w Lab new(Dont take order) Catalog,itm-6111f62f-7b1f-4085-80f6-a04f71e65d45,Mini Meal - Bacon Single,0,modgrp-8fd04014-ad65-4701-88dc-3aa99760bcd5,1pc Ckn Tender Sauce,modfr-2e44d443-ac25-4153-8f8a-eaa012030aa6,AW Sauce,0,False,0,8,True,NULL,NULL,False,,0.2500,True,False,2025-08-22 06:57:39.01266,2025-08-22 06:57:39.01266,2026-06-21 13:00:39.983481
org-2ad9799e-2df3-4ebb-9563-8772f5638552,Rohan's Org,loc-9dd1eaea-e264-4d51-bffb-1abdc65e3fff,Upsell Testing,catlg-e77cf90f-2b34-4aa0-9eb6-642bef1ac285,Upsell Testing Catalog,itm-c4031adb-3c58-4024-8910-9cd2c6d46718,Large Sriracha Cheese Curds (Combo Upgrade Price),0,modgrp-794dfe86-a9b3-4024-a381-90c6b7601221,Chkn & Seafood Food Modifiers,modfr-18d889d3-a6bb-4815-b337-70ab3fb93386,Crackers,0,False,0,99,True,NULL,NULL,False,,NULL,True,False,2025-10-23 16:17:40.406244,2025-10-23 16:17:40.406244,2026-06-21 13:00:12.612871
org-2ad9799e-2df3-4ebb-9563-8772f5638552,Rohan's Org,loc-9dd1eaea-e264-4d51-bffb-1abdc65e3fff,Upsell Testing,catlg-e77cf90f-2b34-4aa0-9eb6-642bef1ac285,Upsell Testing Catalog,itm-c4031adb-3c58-4024-8910-9cd2c6d46718,Large Sriracha Cheese Curds (Combo Upgrade Price),0,modgrp-794dfe86-a9b3-4024-a381-90c6b7601221,Chkn & Seafood Food Modifiers,modfr-19eaa48e-6063-4f23-9a15-f51f23d09e75,No Seasoning,0,False,0,99,True,NULL,NULL,False,,NULL,True,False,2025-10-23 16:17:40.406244,2025-10-23 16:17:40.406244,2026-06-21 13:00:12.612871
org-2ad9799e-2df3-4ebb-9563-8772f5638552,Rohan's Org,loc-9dd1eaea-e264-4d51-bffb-1abdc65e3fff,Upsell Testing,catlg-e77cf90f-2b34-4aa0-9eb6-642bef1ac285,Upsell Testing Catalog,itm-c4031adb-3c58-4024-8910-9cd2c6d46718,Large Sriracha Cheese Curds (Combo Upgrade Price),0,modgrp-794dfe86-a9b3-4024-a381-90c6b7601221,Chkn & Seafood Food Modifiers,modfr-1a1da687-1152-40e9-9c6e-0588a3f85ecd,Sweet Thai Chili,0,False,0,99,True,NULL,NULL,False,,0.2500,True,False,2025-10-23 16:17:40.406244,2025-10-23 16:17:40.406244,2026-06-21 13:00:12.612871
org-2ad9799e-2df3-4ebb-9563-8772f5638552,Rohan's Org,loc-9dd1eaea-e264-4d51-bffb-1abdc65e3fff,Upsell Testing,catlg-e77cf90f-2b34-4aa0-9eb6-642bef1ac285,Upsell Testing Catalog,itm-c4031adb-3c58-4024-8910-9cd2c6d46718,Large Sriracha Cheese Curds (Combo Upgrade Price),0,modgrp-794dfe86-a9b3-4024-a381-90c6b7601221,Chkn & Seafood Food Modifiers,modfr-1eea5019-2f0f-4ac4-9927-e00f915b3c61,Seasoning,0,False,0,99,True,NULL,NULL,False,,NULL,True,False,2025-10-23 16:17:40.406244,2025-10-23 16:17:40.406244,2026-06-21 13:00:12.612871
org-2ad9799e-2df3-4ebb-9563-8772f5638552,Rohan's Org,loc-9dd1eaea-e264-4d51-bffb-1abdc65e3fff,Upsell Testing,catlg-e77cf90f-2b34-4aa0-9eb6-642bef1ac285,Upsell Testing Catalog,itm-c4031adb-3c58-4024-8910-9cd2c6d46718,Large Sriracha Cheese Curds (Combo Upgrade Price),0,modgrp-794dfe86-a9b3-4024-a381-90c6b7601221,Chkn & Seafood Food Modifiers,modfr-1fc9272c-28bd-4818-bb73-4aa31fed286b,Pickles,0,False,0,99,True,NULL,NULL,False,,0.5000,True,False,2025-10-23 16:17:40.406244,2025-10-23 16:17:40.406244,2026-06-21 13:00:12.612871
org-2ad9799e-2df3-4ebb-9563-8772f5638552,Rohan's Org,loc-9dd1eaea-e264-4d51-bffb-1abdc65e3fff,Upsell Testing,catlg-e77cf90f-2b34-4aa0-9eb6-642bef1ac285,Upsell Testing Catalog,itm-c4031adb-3c58-4024-8910-9cd2c6d46718,Large Sriracha Cheese Curds (Combo Upgrade Price),0,modgrp-794dfe86-a9b3-4024-a381-90c6b7601221,Chkn & Seafood Food Modifiers,modfr-20f0734a-06cb-48fe-a164-08d7dd846e02,**Peanut Allergy**,0,False,0,99,True,NULL,NULL,False,,NULL,True,False,2025-10-23 16:17:40.406244,2025-10-23 16:17:40.406244,2026-06-21 13:00:12.612871
org-2ad9799e-2df3-4ebb-9563-8772f5638552,Rohan's Org,loc-9dd1eaea-e264-4d51-bffb-1abdc65e3fff,Upsell Testing,catlg-e77cf90f-2b34-4aa0-9eb6-642bef1ac285,Upsell Testing Catalog,itm-c4031adb-3c58-4024-8910-9cd2c6d46718,Large Sriracha Cheese Curds (Combo Upgrade Price),0,modgrp-794dfe86-a9b3-4024-a381-90c6b7601221,Chkn & Seafood Food Modifiers,modfr-22cb319e-2d5d-4af1-8d0b-2d666e351b74,Tomato,0,False,0,99,True,NULL,NULL,False,,0.5000,True,False,2025-10-23 16:17:40.406244,2025-10-23 16:17:40.406244,2026-06-21 13:00:12.612871
org-2ad9799e-2df3-4ebb-9563-8772f5638552,Rohan's Org,loc-9dd1eaea-e264-4d51-bffb-1abdc65e3fff,Upsell Testing,catlg-e77cf90f-2b34-4aa0-9eb6-642bef1ac285,Upsell Testing Catalog,itm-c4031adb-3c58-4024-8910-9cd2c6d46718,Large Sriracha Cheese Curds (Combo Upgrade Price),0,modgrp-794dfe86-a9b3-4024-a381-90c6b7601221,Chkn & Seafood Food Modifiers,modfr-2464c2cb-9427-4d03-8914-3d4acb108685,Crispy,0,False,0,99,True,NULL,NULL,False,,NULL,True,False,2025-10-23 16:17:40.406244,2025-10-23 16:17:40.406244,2026-06-21 13:00:12.612871
org-2ad9799e-2df3-4ebb-9563-8772f5638552,Rohan's Org,loc-9dd1eaea-e264-4d51-bffb-1abdc65e3fff,Upsell Testing,catlg-e77cf90f-2b34-4aa0-9eb6-642bef1ac285,Upsell Testing Catalog,itm-c4031adb-3c58-4024-8910-9cd2c6d46718,Large Sriracha Cheese Curds (Combo Upgrade Price),0,modgrp-794dfe86-a9b3-4024-a381-90c6b7601221,Chkn & Seafood Food Modifiers,modfr-2d209fd1-dd87-43d3-af7a-1a847c5ed9de,Burger Patty,0,False,0,99,True,NULL,NULL,False,,2.0000,True,False,2025-10-23 16:17:40.406244,2025-10-23 16:17:40.406244,2026-06-21 13:00:12.612871
org-2ad9799e-2df3-4ebb-9563-8772f5638552,Rohan's Org,loc-9dd1eaea-e264-4d51-bffb-1abdc65e3fff,Upsell Testing,catlg-e77cf90f-2b34-4aa0-9eb6-642bef1ac285,Upsell Testing Catalog,itm-c4031adb-3c58-4024-8910-9cd2c6d46718,Large Sriracha Cheese Curds (Combo Upgrade Price),0,modgrp-794dfe86-a9b3-4024-a381-90c6b7601221,Chkn & Seafood Food Modifiers,modfr-2f3add64-4973-4430-8b50-ef3435481100,Mushrooms,0,False,0,99,True,NULL,NULL,False,,0.5000,True,False,2025-10-23 16:17:40.406244,2025-10-23 16:17:40.406244,2026-06-21 13:00:12.612871
org-2ad9799e-2df3-4ebb-9563-8772f5638552,Rohan's Org,loc-9dd1eaea-e264-4d51-bffb-1abdc65e3fff,Upsell Testing,catlg-e77cf90f-2b34-4aa0-9eb6-642bef1ac285,Upsell Testing Catalog,itm-c4031adb-3c58-4024-8910-9cd2c6d46718,Large Sriracha Cheese Curds (Combo Upgrade Price),0,modgrp-794dfe86-a9b3-4024-a381-90c6b7601221,Chkn & Seafood Food Modifiers,modfr-2fb08a9a-746b-4564-a274-52df5a5065eb,Plain,0,False,0,99,True,NULL,NULL,False,,NULL,True,False,2025-10-23 16:17:40.406244,2025-10-23 16:17:40.406244,2026-06-21 13:00:12.612871
org-2ad9799e-2df3-4ebb-9563-8772f5638552,Rohan's Org,loc-9dd1eaea-e264-4d51-bffb-1abdc65e3fff,Upsell Testing,catlg-e77cf90f-2b34-4aa0-9eb6-642bef1ac285,Upsell Testing Catalog,itm-c4031adb-3c58-4024-8910-9cd2c6d46718,Large Sriracha Cheese Curds (Combo Upgrade Price),0,modgrp-794dfe86-a9b3-4024-a381-90c6b7601221,Chkn & Seafood Food Modifiers,modfr-30864dc9-6241-446c-b02f-807f59492929,Blue Cheese,0,False,0,99,True,NULL,NULL,False,,NULL,True,False,2025-10-23 16:17:40.406244,2025-10-23 16:17:40.406244,2026-06-21 13:00:12.612871
org-2ad9799e-2df3-4ebb-9563-8772f5638552,Rohan's Org,loc-9dd1eaea-e264-4d51-bffb-1abdc65e3fff,Upsell Testing,catlg-e77cf90f-2b34-4aa0-9eb6-642bef1ac285,Upsell Testing Catalog,itm-c4031adb-3c58-4024-8910-9cd2c6d46718,Large Sriracha Cheese Curds (Combo Upgrade Price),0,modgrp-794dfe86-a9b3-4024-a381-90c6b7601221,Chkn & Seafood Food Modifiers,modfr-31284282-ca54-440b-ac68-bdb722ac1566,No Salt,0,False,0,99,True,NULL,NULL,False,,NULL,True,False,2025-10-23 16:17:40.406244,2025-10-23 16:17:40.406244,2026-06-21 13:00:12.612871
org-2ad9799e-2df3-4ebb-9563-8772f5638552,Rohan's Org,loc-9dd1eaea-e264-4d51-bffb-1abdc65e3fff,Upsell Testing,catlg-e77cf90f-2b34-4aa0-9eb6-642bef1ac285,Upsell Testing Catalog,itm-c4031adb-3c58-4024-8910-9cd2c6d46718,Large Sriracha Cheese Curds (Combo Upgrade Price),0,modgrp-794dfe86-a9b3-4024-a381-90c6b7601221,Chkn & Seafood Food Modifiers,modfr-32c220c5-fb9e-4ddd-a9dd-ccef8af65e93,Buffalo Sauce,0,False,0,99,True,NULL,NULL,False,,0.2500,True,False,2025-10-23 16:17:40.406244,2025-10-23 16:17:40.406244,2026-06-21 13:00:12.612871
org-2ad9799e-2df3-4ebb-9563-8772f5638552,Rohan's Org,loc-9dd1eaea-e264-4d51-bffb-1abdc65e3fff,Upsell Testing,catlg-e77cf90f-2b34-4aa0-9eb6-642bef1ac285,Upsell Testing Catalog,itm-c4031adb-3c58-4024-8910-9cd2c6d46718,Large Sriracha Cheese Curds (Combo Upgrade Price),0,modgrp-794dfe86-a9b3-4024-a381-90c6b7601221,Chkn & Seafood Food Modifiers,modfr-354917e8-fd28-4b2e-88c3-80fec1029883,Mayo,0,False,0,99,True,NULL,NULL,False,,NULL,True,False,2025-10-23 16:17:40.406244,2025-10-23 16:17:40.406244,2026-06-21 13:00:12.612871
org-2ad9799e-2df3-4ebb-9563-8772f5638552,Rohan's Org,loc-9dd1eaea-e264-4d51-bffb-1abdc65e3fff,Upsell Testing,catlg-e77cf90f-2b34-4aa0-9eb6-642bef1ac285,Upsell Testing Catalog,itm-c4031adb-3c58-4024-8910-9cd2c6d46718,Large Sriracha Cheese Curds (Combo Upgrade Price),0,modgrp-794dfe86-a9b3-4024-a381-90c6b7601221,Chkn & Seafood Food Modifiers,modfr-41ea5876-f0fb-4962-aaf3-4e005da1aaad,Fish Sandwich,0,False,0,99,True,NULL,NULL,False,,6.3900,True,False,2025-10-23 16:17:40.406244,2025-10-23 16:17:40.406244,2026-06-21 13:00:12.612871
org-2ad9799e-2df3-4ebb-9563-8772f5638552,Rohan's Org,loc-9dd1eaea-e264-4d51-bffb-1abdc65e3fff,Upsell Testing,catlg-e77cf90f-2b34-4aa0-9eb6-642bef1ac285,Upsell Testing Catalog,itm-a61e2278-50e4-4d38-9f0b-4c7bcd8b7f40,Burrito,0,modgrp-4bec82c6-f7a4-4c04-899b-155c47734ce1,Food Modifiers,modfr-4e53b82d-05be-4319-9d55-dfad3af9139f,Crispy Onions,0,False,0,99,True,NULL,NULL,False,,0.5000,True,False,2025-10-23 16:17:40.406244,2025-10-23 16:17:40.406244,2026-06-21 12:59:24.69298
org-2ad9799e-2df3-4ebb-9563-8772f5638552,Rohan's Org,loc-9dd1eaea-e264-4d51-bffb-1abdc65e3fff,Upsell Testing,catlg-e77cf90f-2b34-4aa0-9eb6-642bef1ac285,Upsell Testing Catalog,itm-a61e2278-50e4-4d38-9f0b-4c7bcd8b7f40,Burrito,0,modgrp-4bec82c6-f7a4-4c04-899b-155c47734ce1,Food Modifiers,modfr-529b6e19-e433-4788-bfee-ff26924041a1,Papa Sauce,0,False,0,99,True,NULL,NULL,False,,0.3500,True,False,2025-10-23 16:17:40.406244,2025-10-23 16:17:40.406244,2026-06-21 12:59:24.69298
org-2ad9799e-2df3-4ebb-9563-8772f5638552,Rohan's Org,loc-9dd1eaea-e264-4d51-bffb-1abdc65e3fff,Upsell Testing,catlg-e77cf90f-2b34-4aa0-9eb6-642bef1ac285,Upsell Testing Catalog,itm-a61e2278-50e4-4d38-9f0b-4c7bcd8b7f40,Burrito,0,modgrp-4bec82c6-f7a4-4c04-899b-155c47734ce1,Food Modifiers,modfr-5585842a-8277-40c8-a640-ff1700b02a47,Lettuce,0,False,0,99,True,NULL,NULL,False,,0.5000,True,False,2025-10-23 16:17:40.406244,2025-10-23 16:17:40.406244,2026-06-21 12:59:24.69298
org-2ad9799e-2df3-4ebb-9563-8772f5638552,Rohan's Org,loc-9dd1eaea-e264-4d51-bffb-1abdc65e3fff,Upsell Testing,catlg-e77cf90f-2b34-4aa0-9eb6-642bef1ac285,Upsell Testing Catalog,itm-a61e2278-50e4-4d38-9f0b-4c7bcd8b7f40,Burrito,0,modgrp-4bec82c6-f7a4-4c04-899b-155c47734ce1,Food Modifiers,modfr-58a7adb8-f3e2-4746-811c-744ab3db8595,Sweet & Sour Sauce,0,False,0,99,True,NULL,NULL,False,,0.5000,True,False,2025-10-23 16:17:40.406244,2025-10-23 16:17:40.406244,2026-06-21 12:59:24.69298
org-2ad9799e-2df3-4ebb-9563-8772f5638552,Rohan's Org,loc-9dd1eaea-e264-4d51-bffb-1abdc65e3fff,Upsell Testing,catlg-e77cf90f-2b34-4aa0-9eb6-642bef1ac285,Upsell Testing Catalog,itm-a61e2278-50e4-4d38-9f0b-4c7bcd8b7f40,Burrito,0,modgrp-4bec82c6-f7a4-4c04-899b-155c47734ce1,Food Modifiers,modfr-58aaa2e4-49f4-4732-b1a0-b512589b1ed2,Mustard Pkt,0,False,0,99,True,NULL,NULL,False,,0.2500,True,False,2025-10-23 16:17:40.406244,2025-10-23 16:17:40.406244,2026-06-21 12:59:24.69298
org-2ad9799e-2df3-4ebb-9563-8772f5638552,Rohan's Org,loc-9dd1eaea-e264-4d51-bffb-1abdc65e3fff,Upsell Testing,catlg-e77cf90f-2b34-4aa0-9eb6-642bef1ac285,Upsell Testing Catalog,itm-a61e2278-50e4-4d38-9f0b-4c7bcd8b7f40,Burrito,0,modgrp-4bec82c6-f7a4-4c04-899b-155c47734ce1,Food Modifiers,modfr-5d63f20a-e92c-4df3-a007-9bb238f62f32,Swiss Cheese,0,False,0,99,True,NULL,NULL,False,,0.5000,True,False,2025-10-23 16:17:40.406244,2025-10-23 16:17:40.406244,2026-06-21 12:59:24.69298
org-2ad9799e-2df3-4ebb-9563-8772f5638552,Rohan's Org,loc-9dd1eaea-e264-4d51-bffb-1abdc65e3fff,Upsell Testing,catlg-e77cf90f-2b34-4aa0-9eb6-642bef1ac285,Upsell Testing Catalog,itm-a61e2278-50e4-4d38-9f0b-4c7bcd8b7f40,Burrito,0,modgrp-4bec82c6-f7a4-4c04-899b-155c47734ce1,Food Modifiers,modfr-6338370f-a518-4f5c-b87b-8c2c085ba641,Spicy Papa Sauce Spread,0,False,0,99,True,NULL,NULL,False,,0.2500,True,False,2025-10-23 16:17:40.406244,2025-10-23 16:17:40.406244,2026-06-21 12:59:24.69298
org-2ad9799e-2df3-4ebb-9563-8772f5638552,Rohan's Org,loc-9dd1eaea-e264-4d51-bffb-1abdc65e3fff,Upsell Testing,catlg-e77cf90f-2b34-4aa0-9eb6-642bef1ac285,Upsell Testing Catalog,itm-a61e2278-50e4-4d38-9f0b-4c7bcd8b7f40,Burrito,0,modgrp-4bec82c6-f7a4-4c04-899b-155c47734ce1,Food Modifiers,modfr-63c3fc8d-6460-4022-be70-18dcf037160e,Tartar,0,False,0,99,True,NULL,NULL,False,,0.2500,True,False,2025-10-23 16:17:40.406244,2025-10-23 16:17:40.406244,2026-06-21 12:59:24.69298
org-2ad9799e-2df3-4ebb-9563-8772f5638552,Rohan's Org,loc-9dd1eaea-e264-4d51-bffb-1abdc65e3fff,Upsell Testing,catlg-e77cf90f-2b34-4aa0-9eb6-642bef1ac285,Upsell Testing Catalog,itm-a61e2278-50e4-4d38-9f0b-4c7bcd8b7f40,Burrito,0,modgrp-4bec82c6-f7a4-4c04-899b-155c47734ce1,Food Modifiers,modfr-74f43288-fef5-4216-9b6e-c6f9d321020a,See Server,0,False,0,99,True,NULL,NULL,False,,NULL,True,False,2025-10-23 16:17:40.406244,2025-10-23 16:17:40.406244,2026-06-21 12:59:24.69298
org-2ad9799e-2df3-4ebb-9563-8772f5638552,Rohan's Org,loc-9dd1eaea-e264-4d51-bffb-1abdc65e3fff,Upsell Testing,catlg-e77cf90f-2b34-4aa0-9eb6-642bef1ac285,Upsell Testing Catalog,itm-a61e2278-50e4-4d38-9f0b-4c7bcd8b7f40,Burrito,0,modgrp-4bec82c6-f7a4-4c04-899b-155c47734ce1,Food Modifiers,modfr-762e388f-9574-429f-b5fa-4fdbe7227eb2,Ranch,0,False,0,99,True,NULL,NULL,False,,0.3500,True,False,2025-10-23 16:17:40.406244,2025-10-23 16:17:40.406244,2026-06-21 12:59:24.69298
org-2ad9799e-2df3-4ebb-9563-8772f5638552,Rohan's Org,loc-9dd1eaea-e264-4d51-bffb-1abdc65e3fff,Upsell Testing,catlg-e77cf90f-2b34-4aa0-9eb6-642bef1ac285,Upsell Testing Catalog,itm-a61e2278-50e4-4d38-9f0b-4c7bcd8b7f40,Burrito,0,modgrp-4bec82c6-f7a4-4c04-899b-155c47734ce1,Food Modifiers,modfr-790f0932-d16e-4d50-98eb-1967879c1353,Sport Peppers,0,False,0,99,True,NULL,NULL,False,,0.5000,True,False,2025-10-23 16:17:40.406244,2025-10-23 16:17:40.406244,2026-06-21 12:59:24.69298
org-2ad9799e-2df3-4ebb-9563-8772f5638552,Rohan's Org,loc-9dd1eaea-e264-4d51-bffb-1abdc65e3fff,Upsell Testing,catlg-e77cf90f-2b34-4aa0-9eb6-642bef1ac285,Upsell Testing Catalog,itm-a61e2278-50e4-4d38-9f0b-4c7bcd8b7f40,Burrito,0,modgrp-4bec82c6-f7a4-4c04-899b-155c47734ce1,Food Modifiers,modfr-7bfc3900-d5ab-442c-b072-aa8ea95b4bbf,Celery Salt,0,False,0,99,True,NULL,NULL,False,,NULL,True,False,2025-10-23 16:17:40.406244,2025-10-23 16:17:40.406244,2026-06-21 12:59:24.69298
org-2ad9799e-2df3-4ebb-9563-8772f5638552,Rohan's Org,loc-9dd1eaea-e264-4d51-bffb-1abdc65e3fff,Upsell Testing,catlg-e77cf90f-2b34-4aa0-9eb6-642bef1ac285,Upsell Testing Catalog,itm-a61e2278-50e4-4d38-9f0b-4c7bcd8b7f40,Burrito,0,modgrp-4bec82c6-f7a4-4c04-899b-155c47734ce1,Food Modifiers,modfr-7fcd630d-66c3-4479-9c7c-63970482e2f6,The Works,0,False,0,99,True,NULL,NULL,False,,NULL,True,False,2025-10-23 16:17:40.406244,2025-10-23 16:17:40.406244,2026-06-21 12:59:24.69298
org-2ad9799e-2df3-4ebb-9563-8772f5638552,Rohan's Org,loc-9dd1eaea-e264-4d51-bffb-1abdc65e3fff,Upsell Testing,catlg-e77cf90f-2b34-4aa0-9eb6-642bef1ac285,Upsell Testing Catalog,itm-a61e2278-50e4-4d38-9f0b-4c7bcd8b7f40,Burrito,0,modgrp-4bec82c6-f7a4-4c04-899b-155c47734ce1,Food Modifiers,modfr-81dcc755-025c-4074-a438-c992dfb08f78,Well Done,0,False,0,99,True,NULL,NULL,False,,NULL,True,False,2025-10-23 16:17:40.406244,2025-10-23 16:17:40.406244,2026-06-21 12:59:24.69298
org-2ad9799e-2df3-4ebb-9563-8772f5638552,Rohan's Org,loc-9dd1eaea-e264-4d51-bffb-1abdc65e3fff,Upsell Testing,catlg-e77cf90f-2b34-4aa0-9eb6-642bef1ac285,Upsell Testing Catalog,itm-a61e2278-50e4-4d38-9f0b-4c7bcd8b7f40,Burrito,0,modgrp-4bec82c6-f7a4-4c04-899b-155c47734ce1,Food Modifiers,modfr-82b6b3ec-94ac-4756-ad26-c447ac9f82d9,Bacon,0,False,0,99,True,NULL,NULL,False,,1.0000,True,False,2025-10-23 16:17:40.406244,2025-10-23 16:17:40.406244,2026-06-21 12:59:24.69298
org-2ad9799e-2df3-4ebb-9563-8772f5638552,Rohan's Org,loc-9dd1eaea-e264-4d51-bffb-1abdc65e3fff,Upsell Testing,catlg-e77cf90f-2b34-4aa0-9eb6-642bef1ac285,Upsell Testing Catalog,itm-a61e2278-50e4-4d38-9f0b-4c7bcd8b7f40,Burrito,0,modgrp-4bec82c6-f7a4-4c04-899b-155c47734ce1,Food Modifiers,modfr-86848405-c74f-4ff1-8e28-69ea1812d9fa,American Chz,0,False,0,99,True,NULL,NULL,False,,0.5000,True,False,2025-10-23 16:17:40.406244,2025-10-23 16:17:40.406244,2026-06-21 12:59:24.69298
org-2ad9799e-2df3-4ebb-9563-8772f5638552,Rohan's Org,loc-9dd1eaea-e264-4d51-bffb-1abdc65e3fff,Upsell Testing,catlg-e77cf90f-2b34-4aa0-9eb6-642bef1ac285,Upsell Testing Catalog,itm-a61e2278-50e4-4d38-9f0b-4c7bcd8b7f40,Burrito,0,modgrp-4bec82c6-f7a4-4c04-899b-155c47734ce1,Food Modifiers,modfr-88d9605e-addd-4d3b-b8c8-54993fe8a569,Ketchup Pkt,0,False,0,99,True,NULL,NULL,False,,NULL,True,False,2025-10-23 16:17:40.406244,2025-10-23 16:17:40.406244,2026-06-21 12:59:24.69298
org-2ad9799e-2df3-4ebb-9563-8772f5638552,Rohan's Org,loc-9dd1eaea-e264-4d51-bffb-1abdc65e3fff,Upsell Testing,catlg-e77cf90f-2b34-4aa0-9eb6-642bef1ac285,Upsell Testing Catalog,itm-a61e2278-50e4-4d38-9f0b-4c7bcd8b7f40,Burrito,0,modgrp-4bec82c6-f7a4-4c04-899b-155c47734ce1,Food Modifiers,modfr-8a29c9c8-5a41-4a69-ab35-ea4cc4937986,Cocktail Sauce,0,False,0,99,True,NULL,NULL,False,,0.3500,True,False,2025-10-23 16:17:40.406244,2025-10-23 16:17:40.406244,2026-06-21 12:59:24.69298
org-2ad9799e-2df3-4ebb-9563-8772f5638552,Rohan's Org,loc-9dd1eaea-e264-4d51-bffb-1abdc65e3fff,Upsell Testing,catlg-e77cf90f-2b34-4aa0-9eb6-642bef1ac285,Upsell Testing Catalog,itm-c4031adb-3c58-4024-8910-9cd2c6d46718,Large Sriracha Cheese Curds (Combo Upgrade Price),0,modgrp-794dfe86-a9b3-4024-a381-90c6b7601221,Chkn & Seafood Food Modifiers,modfr-58a7adb8-f3e2-4746-811c-744ab3db8595,Sweet & Sour Sauce,0,False,0,99,True,NULL,NULL,False,,0.5000,True,False,2025-10-23 16:17:40.406244,2025-10-23 16:17:40.406244,2026-06-21 12:59:59.234443
org-2ad9799e-2df3-4ebb-9563-8772f5638552,Rohan's Org,loc-9dd1eaea-e264-4d51-bffb-1abdc65e3fff,Upsell Testing,catlg-e77cf90f-2b34-4aa0-9eb6-642bef1ac285,Upsell Testing Catalog,itm-c4031adb-3c58-4024-8910-9cd2c6d46718,Large Sriracha Cheese Curds (Combo Upgrade Price),0,modgrp-794dfe86-a9b3-4024-a381-90c6b7601221,Chkn & Seafood Food Modifiers,modfr-5d63f20a-e92c-4df3-a007-9bb238f62f32,Swiss Cheese,0,False,0,99,True,NULL,NULL,False,,0.5000,True,False,2025-10-23 16:17:40.406244,2025-10-23 16:17:40.406244,2026-06-21 12:59:59.234443
org-2ad9799e-2df3-4ebb-9563-8772f5638552,Rohan's Org,loc-9dd1eaea-e264-4d51-bffb-1abdc65e3fff,Upsell Testing,catlg-e77cf90f-2b34-4aa0-9eb6-642bef1ac285,Upsell Testing Catalog,itm-c4031adb-3c58-4024-8910-9cd2c6d46718,Large Sriracha Cheese Curds (Combo Upgrade Price),0,modgrp-794dfe86-a9b3-4024-a381-90c6b7601221,Chkn & Seafood Food Modifiers,modfr-6702d5c3-37c2-4292-a938-2882e8f79367,Fat Free Italian,0,False,0,99,True,NULL,NULL,False,,0.3500,True,False,2025-10-23 16:17:40.406244,2025-10-23 16:17:40.406244,2026-06-21 12:59:59.234443
org-2ad9799e-2df3-4ebb-9563-8772f5638552,Rohan's Org,loc-9dd1eaea-e264-4d51-bffb-1abdc65e3fff,Upsell Testing,catlg-e77cf90f-2b34-4aa0-9eb6-642bef1ac285,Upsell Testing Catalog,itm-c4031adb-3c58-4024-8910-9cd2c6d46718,Large Sriracha Cheese Curds (Combo Upgrade Price),0,modgrp-794dfe86-a9b3-4024-a381-90c6b7601221,Chkn & Seafood Food Modifiers,modfr-674ef389-6c08-4a92-973e-f7047ec6be17,Gravy,0,False,0,99,True,NULL,NULL,False,,0.5000,True,False,2025-10-23 16:17:40.406244,2025-10-23 16:17:40.406244,2026-06-21 12:59:59.234443
org-2ad9799e-2df3-4ebb-9563-8772f5638552,Rohan's Org,loc-9dd1eaea-e264-4d51-bffb-1abdc65e3fff,Upsell Testing,catlg-e77cf90f-2b34-4aa0-9eb6-642bef1ac285,Upsell Testing Catalog,itm-c4031adb-3c58-4024-8910-9cd2c6d46718,Large Sriracha Cheese Curds (Combo Upgrade Price),0,modgrp-794dfe86-a9b3-4024-a381-90c6b7601221,Chkn & Seafood Food Modifiers,modfr-74f43288-fef5-4216-9b6e-c6f9d321020a,See Server,0,False,0,99,True,NULL,NULL,False,,NULL,True,False,2025-10-23 16:17:40.406244,2025-10-23 16:17:40.406244,2026-06-21 12:59:59.234443
org-2ad9799e-2df3-4ebb-9563-8772f5638552,Rohan's Org,loc-9dd1eaea-e264-4d51-bffb-1abdc65e3fff,Upsell Testing,catlg-e77cf90f-2b34-4aa0-9eb6-642bef1ac285,Upsell Testing Catalog,itm-c4031adb-3c58-4024-8910-9cd2c6d46718,Large Sriracha Cheese Curds (Combo Upgrade Price),0,modgrp-794dfe86-a9b3-4024-a381-90c6b7601221,Chkn & Seafood Food Modifiers,modfr-762e388f-9574-429f-b5fa-4fdbe7227eb2,Ranch,0,False,0,99,True,NULL,NULL,False,,0.3500,True,False,2025-10-23 16:17:40.406244,2025-10-23 16:17:40.406244,2026-06-21 12:59:59.234443
org-2ad9799e-2df3-4ebb-9563-8772f5638552,Rohan's Org,loc-9dd1eaea-e264-4d51-bffb-1abdc65e3fff,Upsell Testing,catlg-e77cf90f-2b34-4aa0-9eb6-642bef1ac285,Upsell Testing Catalog,itm-c4031adb-3c58-4024-8910-9cd2c6d46718,Large Sriracha Cheese Curds (Combo Upgrade Price),0,modgrp-794dfe86-a9b3-4024-a381-90c6b7601221,Chkn & Seafood Food Modifiers,modfr-7fba0ed4-8377-48e3-960e-aa817dbbc01b,Lite Italian,0,False,0,99,True,NULL,NULL,False,,NULL,True,False,2025-10-23 16:17:40.406244,2025-10-23 16:17:40.406244,2026-06-21 12:59:59.234443
org-2ad9799e-2df3-4ebb-9563-8772f5638552,Rohan's Org,loc-9dd1eaea-e264-4d51-bffb-1abdc65e3fff,Upsell Testing,catlg-e77cf90f-2b34-4aa0-9eb6-642bef1ac285,Upsell Testing Catalog,itm-c4031adb-3c58-4024-8910-9cd2c6d46718,Large Sriracha Cheese Curds (Combo Upgrade Price),0,modgrp-794dfe86-a9b3-4024-a381-90c6b7601221,Chkn & Seafood Food Modifiers,modfr-81dcc755-025c-4074-a438-c992dfb08f78,Well Done,0,False,0,99,True,NULL,NULL,False,,NULL,True,False,2025-10-23 16:17:40.406244,2025-10-23 16:17:40.406244,2026-06-21 12:59:59.234443
org-2ad9799e-2df3-4ebb-9563-8772f5638552,Rohan's Org,loc-9dd1eaea-e264-4d51-bffb-1abdc65e3fff,Upsell Testing,catlg-e77cf90f-2b34-4aa0-9eb6-642bef1ac285,Upsell Testing Catalog,itm-c4031adb-3c58-4024-8910-9cd2c6d46718,Large Sriracha Cheese Curds (Combo Upgrade Price),0,modgrp-794dfe86-a9b3-4024-a381-90c6b7601221,Chkn & Seafood Food Modifiers,modfr-82b6b3ec-94ac-4756-ad26-c447ac9f82d9,Bacon,0,False,0,99,True,NULL,NULL,False,,1.0000,True,False,2025-10-23 16:17:40.406244,2025-10-23 16:17:40.406244,2026-06-21 12:59:59.234443
org-2ad9799e-2df3-4ebb-9563-8772f5638552,Rohan's Org,loc-9dd1eaea-e264-4d51-bffb-1abdc65e3fff,Upsell Testing,catlg-e77cf90f-2b34-4aa0-9eb6-642bef1ac285,Upsell Testing Catalog,itm-c4031adb-3c58-4024-8910-9cd2c6d46718,Large Sriracha Cheese Curds (Combo Upgrade Price),0,modgrp-794dfe86-a9b3-4024-a381-90c6b7601221,Chkn & Seafood Food Modifiers,modfr-86848405-c74f-4ff1-8e28-69ea1812d9fa,American Chz,0,False,0,99,True,NULL,NULL,False,,0.5000,True,False,2025-10-23 16:17:40.406244,2025-10-23 16:17:40.406244,2026-06-21 12:59:59.234443
org-2ad9799e-2df3-4ebb-9563-8772f5638552,Rohan's Org,loc-9dd1eaea-e264-4d51-bffb-1abdc65e3fff,Upsell Testing,catlg-e77cf90f-2b34-4aa0-9eb6-642bef1ac285,Upsell Testing Catalog,itm-c4031adb-3c58-4024-8910-9cd2c6d46718,Large Sriracha Cheese Curds (Combo Upgrade Price),0,modgrp-794dfe86-a9b3-4024-a381-90c6b7601221,Chkn & Seafood Food Modifiers,modfr-9201a668-d5bc-41cf-9f8a-e3ae97f3a5e1,Relish,0,False,0,99,True,NULL,NULL,False,,NULL,True,False,2025-10-23 16:17:40.406244,2025-10-23 16:17:40.406244,2026-06-21 12:59:59.234443
org-2ad9799e-2df3-4ebb-9563-8772f5638552,Rohan's Org,loc-9dd1eaea-e264-4d51-bffb-1abdc65e3fff,Upsell Testing,catlg-e77cf90f-2b34-4aa0-9eb6-642bef1ac285,Upsell Testing Catalog,itm-c4031adb-3c58-4024-8910-9cd2c6d46718,Large Sriracha Cheese Curds (Combo Upgrade Price),0,modgrp-794dfe86-a9b3-4024-a381-90c6b7601221,Chkn & Seafood Food Modifiers,modfr-939ca2a1-c244-4d48-8b59-2d2e03a285f3,Cheese,0,False,0,99,True,NULL,NULL,False,,0.5000,True,False,2025-10-23 16:17:40.406244,2025-10-23 16:17:40.406244,2026-06-21 12:59:59.234443
org-2ad9799e-2df3-4ebb-9563-8772f5638552,Rohan's Org,loc-9dd1eaea-e264-4d51-bffb-1abdc65e3fff,Upsell Testing,catlg-e77cf90f-2b34-4aa0-9eb6-642bef1ac285,Upsell Testing Catalog,itm-c4031adb-3c58-4024-8910-9cd2c6d46718,Large Sriracha Cheese Curds (Combo Upgrade Price),0,modgrp-794dfe86-a9b3-4024-a381-90c6b7601221,Chkn & Seafood Food Modifiers,modfr-9ac481a7-2b43-4e4a-b1bf-d153299d66d3,Sweet Relish ,0,False,0,99,True,NULL,NULL,False,,NULL,True,False,2025-10-23 16:17:40.406244,2025-10-23 16:17:40.406244,2026-06-21 12:59:59.234443
org-2ad9799e-2df3-4ebb-9563-8772f5638552,Rohan's Org,loc-9dd1eaea-e264-4d51-bffb-1abdc65e3fff,Upsell Testing,catlg-e77cf90f-2b34-4aa0-9eb6-642bef1ac285,Upsell Testing Catalog,itm-c4031adb-3c58-4024-8910-9cd2c6d46718,Large Sriracha Cheese Curds (Combo Upgrade Price),0,modgrp-794dfe86-a9b3-4024-a381-90c6b7601221,Chkn & Seafood Food Modifiers,modfr-a23a330b-7bb8-425a-a98f-e153d9a39071,Fat Free Ranch,0,False,0,99,True,NULL,NULL,False,,0.3500,True,False,2025-10-23 16:17:40.406244,2025-10-23 16:17:40.406244,2026-06-21 12:59:59.234443
org-2ad9799e-2df3-4ebb-9563-8772f5638552,Rohan's Org,loc-9dd1eaea-e264-4d51-bffb-1abdc65e3fff,Upsell Testing,catlg-e77cf90f-2b34-4aa0-9eb6-642bef1ac285,Upsell Testing Catalog,itm-c4031adb-3c58-4024-8910-9cd2c6d46718,Large Sriracha Cheese Curds (Combo Upgrade Price),0,modgrp-794dfe86-a9b3-4024-a381-90c6b7601221,Chkn & Seafood Food Modifiers,modfr-a4fba93b-f205-472f-b42a-62b948cf15ef,Grilled Onions,0,False,0,99,True,NULL,NULL,False,,0.5000,True,False,2025-10-23 16:17:40.406244,2025-10-23 16:17:40.406244,2026-06-21 12:59:59.234443
org-2ad9799e-2df3-4ebb-9563-8772f5638552,Rohan's Org,loc-9dd1eaea-e264-4d51-bffb-1abdc65e3fff,Upsell Testing,catlg-e77cf90f-2b34-4aa0-9eb6-642bef1ac285,Upsell Testing Catalog,itm-c4031adb-3c58-4024-8910-9cd2c6d46718,Large Sriracha Cheese Curds (Combo Upgrade Price),0,modgrp-794dfe86-a9b3-4024-a381-90c6b7601221,Chkn & Seafood Food Modifiers,modfr-a588be61-025e-413d-a76f-c31a21b485e2,French,0,False,0,99,True,NULL,NULL,False,,0.2500,True,False,2025-10-23 16:17:40.406244,2025-10-23 16:17:40.406244,2026-06-21 12:59:59.234443
org-2ad9799e-2df3-4ebb-9563-8772f5638552,Rohan's Org,loc-9dd1eaea-e264-4d51-bffb-1abdc65e3fff,Upsell Testing,catlg-e77cf90f-2b34-4aa0-9eb6-642bef1ac285,Upsell Testing Catalog,itm-c4031adb-3c58-4024-8910-9cd2c6d46718,Large Sriracha Cheese Curds (Combo Upgrade Price),0,modgrp-794dfe86-a9b3-4024-a381-90c6b7601221,Chkn & Seafood Food Modifiers,modfr-4b441a94-f74a-4278-a51c-5dd6f8b85607,DO NOT MAKE,0,False,0,99,True,NULL,NULL,False,,NULL,True,False,2025-10-23 16:17:40.406244,2025-10-23 16:17:40.406244,2026-06-21 12:59:32.421258
org-2ad9799e-2df3-4ebb-9563-8772f5638552,Rohan's Org,loc-9dd1eaea-e264-4d51-bffb-1abdc65e3fff,Upsell Testing,catlg-e77cf90f-2b34-4aa0-9eb6-642bef1ac285,Upsell Testing Catalog,itm-c4031adb-3c58-4024-8910-9cd2c6d46718,Large Sriracha Cheese Curds (Combo Upgrade Price),0,modgrp-794dfe86-a9b3-4024-a381-90c6b7601221,Chkn & Seafood Food Modifiers,modfr-4de53b5c-2278-430e-8758-955bcb3ca1f5,Onions,0,False,0,99,True,NULL,NULL,False,,0.5000,True,False,2025-10-23 16:17:40.406244,2025-10-23 16:17:40.406244,2026-06-21 12:59:32.421258
org-2ad9799e-2df3-4ebb-9563-8772f5638552,Rohan's Org,loc-9dd1eaea-e264-4d51-bffb-1abdc65e3fff,Upsell Testing,catlg-e77cf90f-2b34-4aa0-9eb6-642bef1ac285,Upsell Testing Catalog,itm-c4031adb-3c58-4024-8910-9cd2c6d46718,Large Sriracha Cheese Curds (Combo Upgrade Price),0,modgrp-794dfe86-a9b3-4024-a381-90c6b7601221,Chkn & Seafood Food Modifiers,modfr-4e53b82d-05be-4319-9d55-dfad3af9139f,Crispy Onions,0,False,0,99,True,NULL,NULL,False,,0.5000,True,False,2025-10-23 16:17:40.406244,2025-10-23 16:17:40.406244,2026-06-21 12:59:32.421258
org-2ad9799e-2df3-4ebb-9563-8772f5638552,Rohan's Org,loc-9dd1eaea-e264-4d51-bffb-1abdc65e3fff,Upsell Testing,catlg-e77cf90f-2b34-4aa0-9eb6-642bef1ac285,Upsell Testing Catalog,itm-c4031adb-3c58-4024-8910-9cd2c6d46718,Large Sriracha Cheese Curds (Combo Upgrade Price),0,modgrp-794dfe86-a9b3-4024-a381-90c6b7601221,Chkn & Seafood Food Modifiers,modfr-5585842a-8277-40c8-a640-ff1700b02a47,Lettuce,0,False,0,99,True,NULL,NULL,False,,0.5000,True,False,2025-10-23 16:17:40.406244,2025-10-23 16:17:40.406244,2026-06-21 12:59:32.421258
org-2ad9799e-2df3-4ebb-9563-8772f5638552,Rohan's Org,loc-9dd1eaea-e264-4d51-bffb-1abdc65e3fff,Upsell Testing,catlg-e77cf90f-2b34-4aa0-9eb6-642bef1ac285,Upsell Testing Catalog,itm-c4031adb-3c58-4024-8910-9cd2c6d46718,Large Sriracha Cheese Curds (Combo Upgrade Price),0,modgrp-794dfe86-a9b3-4024-a381-90c6b7601221,Chkn & Seafood Food Modifiers,modfr-58a7adb8-f3e2-4746-811c-744ab3db8595,Sweet & Sour Sauce,0,False,0,99,True,NULL,NULL,False,,0.5000,True,False,2025-10-23 16:17:40.406244,2025-10-23 16:17:40.406244,2026-06-21 12:59:32.421258
org-2ad9799e-2df3-4ebb-9563-8772f5638552,Rohan's Org,loc-9dd1eaea-e264-4d51-bffb-1abdc65e3fff,Upsell Testing,catlg-e77cf90f-2b34-4aa0-9eb6-642bef1ac285,Upsell Testing Catalog,itm-c4031adb-3c58-4024-8910-9cd2c6d46718,Large Sriracha Cheese Curds (Combo Upgrade Price),0,modgrp-794dfe86-a9b3-4024-a381-90c6b7601221,Chkn & Seafood Food Modifiers,modfr-5d63f20a-e92c-4df3-a007-9bb238f62f32,Swiss Cheese,0,False,0,99,True,NULL,NULL,False,,0.5000,True,False,2025-10-23 16:17:40.406244,2025-10-23 16:17:40.406244,2026-06-21 12:59:32.421258
org-2ad9799e-2df3-4ebb-9563-8772f5638552,Rohan's Org,loc-9dd1eaea-e264-4d51-bffb-1abdc65e3fff,Upsell Testing,catlg-e77cf90f-2b34-4aa0-9eb6-642bef1ac285,Upsell Testing Catalog,itm-c4031adb-3c58-4024-8910-9cd2c6d46718,Large Sriracha Cheese Curds (Combo Upgrade Price),0,modgrp-794dfe86-a9b3-4024-a381-90c6b7601221,Chkn & Seafood Food Modifiers,modfr-6702d5c3-37c2-4292-a938-2882e8f79367,Fat Free Italian,0,False,0,99,True,NULL,NULL,False,,0.3500,True,False,2025-10-23 16:17:40.406244,2025-10-23 16:17:40.406244,2026-06-21 12:59:32.421258
org-2ad9799e-2df3-4ebb-9563-8772f5638552,Rohan's Org,loc-9dd1eaea-e264-4d51-bffb-1abdc65e3fff,Upsell Testing,catlg-e77cf90f-2b34-4aa0-9eb6-642bef1ac285,Upsell Testing Catalog,itm-c4031adb-3c58-4024-8910-9cd2c6d46718,Large Sriracha Cheese Curds (Combo Upgrade Price),0,modgrp-794dfe86-a9b3-4024-a381-90c6b7601221,Chkn & Seafood Food Modifiers,modfr-674ef389-6c08-4a92-973e-f7047ec6be17,Gravy,0,False,0,99,True,NULL,NULL,False,,0.5000,True,False,2025-10-23 16:17:40.406244,2025-10-23 16:17:40.406244,2026-06-21 12:59:32.421258
org-2ad9799e-2df3-4ebb-9563-8772f5638552,Rohan's Org,loc-9dd1eaea-e264-4d51-bffb-1abdc65e3fff,Upsell Testing,catlg-e77cf90f-2b34-4aa0-9eb6-642bef1ac285,Upsell Testing Catalog,itm-c4031adb-3c58-4024-8910-9cd2c6d46718,Large Sriracha Cheese Curds (Combo Upgrade Price),0,modgrp-794dfe86-a9b3-4024-a381-90c6b7601221,Chkn & Seafood Food Modifiers,modfr-74f43288-fef5-4216-9b6e-c6f9d321020a,See Server,0,False,0,99,True,NULL,NULL,False,,NULL,True,False,2025-10-23 16:17:40.406244,2025-10-23 16:17:40.406244,2026-06-21 12:59:32.421258
org-2ad9799e-2df3-4ebb-9563-8772f5638552,Rohan's Org,loc-9dd1eaea-e264-4d51-bffb-1abdc65e3fff,Upsell Testing,catlg-e77cf90f-2b34-4aa0-9eb6-642bef1ac285,Upsell Testing Catalog,itm-c4031adb-3c58-4024-8910-9cd2c6d46718,Large Sriracha Cheese Curds (Combo Upgrade Price),0,modgrp-794dfe86-a9b3-4024-a381-90c6b7601221,Chkn & Seafood Food Modifiers,modfr-762e388f-9574-429f-b5fa-4fdbe7227eb2,Ranch,0,False,0,99,True,NULL,NULL,False,,0.3500,True,False,2025-10-23 16:17:40.406244,2025-10-23 16:17:40.406244,2026-06-21 12:59:32.421258
org-2ad9799e-2df3-4ebb-9563-8772f5638552,Rohan's Org,loc-9dd1eaea-e264-4d51-bffb-1abdc65e3fff,Upsell Testing,catlg-e77cf90f-2b34-4aa0-9eb6-642bef1ac285,Upsell Testing Catalog,itm-c4031adb-3c58-4024-8910-9cd2c6d46718,Large Sriracha Cheese Curds (Combo Upgrade Price),0,modgrp-794dfe86-a9b3-4024-a381-90c6b7601221,Chkn & Seafood Food Modifiers,modfr-7fba0ed4-8377-48e3-960e-aa817dbbc01b,Lite Italian,0,False,0,99,True,NULL,NULL,False,,NULL,True,False,2025-10-23 16:17:40.406244,2025-10-23 16:17:40.406244,2026-06-21 12:59:32.421258
org-2ad9799e-2df3-4ebb-9563-8772f5638552,Rohan's Org,loc-9dd1eaea-e264-4d51-bffb-1abdc65e3fff,Upsell Testing,catlg-e77cf90f-2b34-4aa0-9eb6-642bef1ac285,Upsell Testing Catalog,itm-c4031adb-3c58-4024-8910-9cd2c6d46718,Large Sriracha Cheese Curds (Combo Upgrade Price),0,modgrp-794dfe86-a9b3-4024-a381-90c6b7601221,Chkn & Seafood Food Modifiers,modfr-81dcc755-025c-4074-a438-c992dfb08f78,Well Done,0,False,0,99,True,NULL,NULL,False,,NULL,True,False,2025-10-23 16:17:40.406244,2025-10-23 16:17:40.406244,2026-06-21 12:59:32.421258
org-2ad9799e-2df3-4ebb-9563-8772f5638552,Rohan's Org,loc-9dd1eaea-e264-4d51-bffb-1abdc65e3fff,Upsell Testing,catlg-e77cf90f-2b34-4aa0-9eb6-642bef1ac285,Upsell Testing Catalog,itm-c4031adb-3c58-4024-8910-9cd2c6d46718,Large Sriracha Cheese Curds (Combo Upgrade Price),0,modgrp-794dfe86-a9b3-4024-a381-90c6b7601221,Chkn & Seafood Food Modifiers,modfr-82b6b3ec-94ac-4756-ad26-c447ac9f82d9,Bacon,0,False,0,99,True,NULL,NULL,False,,1.0000,True,False,2025-10-23 16:17:40.406244,2025-10-23 16:17:40.406244,2026-06-21 12:59:32.421258
org-2ad9799e-2df3-4ebb-9563-8772f5638552,Rohan's Org,loc-9dd1eaea-e264-4d51-bffb-1abdc65e3fff,Upsell Testing,catlg-e77cf90f-2b34-4aa0-9eb6-642bef1ac285,Upsell Testing Catalog,itm-c4031adb-3c58-4024-8910-9cd2c6d46718,Large Sriracha Cheese Curds (Combo Upgrade Price),0,modgrp-794dfe86-a9b3-4024-a381-90c6b7601221,Chkn & Seafood Food Modifiers,modfr-86848405-c74f-4ff1-8e28-69ea1812d9fa,American Chz,0,False,0,99,True,NULL,NULL,False,,0.5000,True,False,2025-10-23 16:17:40.406244,2025-10-23 16:17:40.406244,2026-06-21 12:59:32.421258
org-2ad9799e-2df3-4ebb-9563-8772f5638552,Rohan's Org,loc-9dd1eaea-e264-4d51-bffb-1abdc65e3fff,Upsell Testing,catlg-e77cf90f-2b34-4aa0-9eb6-642bef1ac285,Upsell Testing Catalog,itm-c4031adb-3c58-4024-8910-9cd2c6d46718,Large Sriracha Cheese Curds (Combo Upgrade Price),0,modgrp-794dfe86-a9b3-4024-a381-90c6b7601221,Chkn & Seafood Food Modifiers,modfr-9201a668-d5bc-41cf-9f8a-e3ae97f3a5e1,Relish,0,False,0,99,True,NULL,NULL,False,,NULL,True,False,2025-10-23 16:17:40.406244,2025-10-23 16:17:40.406244,2026-06-21 12:59:32.421258
org-2ad9799e-2df3-4ebb-9563-8772f5638552,Rohan's Org,loc-9dd1eaea-e264-4d51-bffb-1abdc65e3fff,Upsell Testing,catlg-e77cf90f-2b34-4aa0-9eb6-642bef1ac285,Upsell Testing Catalog,itm-c4031adb-3c58-4024-8910-9cd2c6d46718,Large Sriracha Cheese Curds (Combo Upgrade Price),0,modgrp-794dfe86-a9b3-4024-a381-90c6b7601221,Chkn & Seafood Food Modifiers,modfr-939ca2a1-c244-4d48-8b59-2d2e03a285f3,Cheese,0,False,0,99,True,NULL,NULL,False,,0.5000,True,False,2025-10-23 16:17:40.406244,2025-10-23 16:17:40.406244,2026-06-21 12:59:32.421258
org-tf5i2lw1qz,Sakshi Demo,loc-f9507722-f4c3-45a1-a7a6-6358548bea05,A&w Lab new(Dont take order),catlg-5f49688b-1b0a-4963-9e20-90dba233b023,A&w Lab new(Dont take order) Catalog,itm-6111f62f-7b1f-4085-80f6-a04f71e65d45,Mini Meal - Bacon Single,0,modgrp-49f6b8c4-7d89-420c-9c0d-bacb0d0a372d,Chkn & Seafood Food Modifiers,modfr-b46d34e1-792d-4ef3-bd3b-707f99be7fe6,Hot Sauce,0,False,0,99,True,NULL,NULL,False,,0.2500,True,False,2025-08-22 06:57:39.012682,2025-08-22 06:57:39.012682,2026-06-21 12:58:25.94354
org-tf5i2lw1qz,Sakshi Demo,loc-f9507722-f4c3-45a1-a7a6-6358548bea05,A&w Lab new(Dont take order),catlg-5f49688b-1b0a-4963-9e20-90dba233b023,A&w Lab new(Dont take order) Catalog,itm-6111f62f-7b1f-4085-80f6-a04f71e65d45,Mini Meal - Bacon Single,0,modgrp-49f6b8c4-7d89-420c-9c0d-bacb0d0a372d,Chkn & Seafood Food Modifiers,modfr-b5669eac-1683-40bf-bc53-6ebec4b8daf9,**Peanut Allergy**,0,False,0,99,True,NULL,NULL,False,,NULL,True,False,2025-08-22 06:57:39.012643,2025-08-22 06:57:39.012643,2026-06-21 12:58:25.94354
org-tf5i2lw1qz,Sakshi Demo,loc-f9507722-f4c3-45a1-a7a6-6358548bea05,A&w Lab new(Dont take order),catlg-5f49688b-1b0a-4963-9e20-90dba233b023,A&w Lab new(Dont take order) Catalog,itm-6111f62f-7b1f-4085-80f6-a04f71e65d45,Mini Meal - Bacon Single,0,modgrp-49f6b8c4-7d89-420c-9c0d-bacb0d0a372d,Chkn & Seafood Food Modifiers,modfr-b8f629cb-ba8f-4107-9aab-a17fb40b7bbe,Fat Free Italian,0,False,0,99,True,NULL,NULL,False,,0.3500,True,False,2025-08-22 06:57:39.012684,2025-08-22 06:57:39.012684,2026-06-21 12:58:25.94354
org-tf5i2lw1qz,Sakshi Demo,loc-f9507722-f4c3-45a1-a7a6-6358548bea05,A&w Lab new(Dont take order),catlg-5f49688b-1b0a-4963-9e20-90dba233b023,A&w Lab new(Dont take order) Catalog,itm-6111f62f-7b1f-4085-80f6-a04f71e65d45,Mini Meal - Bacon Single,0,modgrp-49f6b8c4-7d89-420c-9c0d-bacb0d0a372d,Chkn & Seafood Food Modifiers,modfr-c2a93153-69be-4086-a9a3-330b1276b6e8,3 Pepper Fire Sauce,0,False,0,99,True,NULL,NULL,False,,0.2500,True,False,2025-08-22 06:57:39.01266,2025-08-22 06:57:39.01266,2026-06-21 12:58:25.94354
org-tf5i2lw1qz,Sakshi Demo,loc-f9507722-f4c3-45a1-a7a6-6358548bea05,A&w Lab new(Dont take order),catlg-5f49688b-1b0a-4963-9e20-90dba233b023,A&w Lab new(Dont take order) Catalog,itm-6111f62f-7b1f-4085-80f6-a04f71e65d45,Mini Meal - Bacon Single,0,modgrp-49f6b8c4-7d89-420c-9c0d-bacb0d0a372d,Chkn & Seafood Food Modifiers,modfr-c88c7b28-fe0d-4f98-a956-f8a4dc9aa853,Blue Cheese,0,False,0,99,True,NULL,NULL,False,,NULL,True,False,2025-08-22 06:57:39.012683,2025-08-22 06:57:39.012683,2026-06-21 12:58:25.94354
org-tf5i2lw1qz,Sakshi Demo,loc-f9507722-f4c3-45a1-a7a6-6358548bea05,A&w Lab new(Dont take order),catlg-5f49688b-1b0a-4963-9e20-90dba233b023,A&w Lab new(Dont take order) Catalog,itm-6111f62f-7b1f-4085-80f6-a04f71e65d45,Mini Meal - Bacon Single,0,modgrp-49f6b8c4-7d89-420c-9c0d-bacb0d0a372d,Chkn & Seafood Food Modifiers,modfr-cb5581a2-b334-4496-b1a3-97e1cc2e7e12,Salad Dressing,0,False,0,99,True,NULL,NULL,False,,NULL,True,False,2025-08-22 06:57:39.012653,2025-08-22 06:57:39.012653,2026-06-21 12:58:25.94354
org-tf5i2lw1qz,Sakshi Demo,loc-f9507722-f4c3-45a1-a7a6-6358548bea05,A&w Lab new(Dont take order),catlg-5f49688b-1b0a-4963-9e20-90dba233b023,A&w Lab new(Dont take order) Catalog,itm-6111f62f-7b1f-4085-80f6-a04f71e65d45,Mini Meal - Bacon Single,0,modgrp-49f6b8c4-7d89-420c-9c0d-bacb0d0a372d,Chkn & Seafood Food Modifiers,modfr-d623fa49-7924-491d-b2b5-c28ee40c82b4,Swiss Cheese,0,False,0,99,True,NULL,NULL,False,,0.5000,True,False,2025-08-22 06:57:39.012654,2025-08-22 06:57:39.012654,2026-06-21 12:58:25.94354
org-tf5i2lw1qz,Sakshi Demo,loc-f9507722-f4c3-45a1-a7a6-6358548bea05,A&w Lab new(Dont take order),catlg-5f49688b-1b0a-4963-9e20-90dba233b023,A&w Lab new(Dont take order) Catalog,itm-6111f62f-7b1f-4085-80f6-a04f71e65d45,Mini Meal - Bacon Single,0,modgrp-49f6b8c4-7d89-420c-9c0d-bacb0d0a372d,Chkn & Seafood Food Modifiers,modfr-d718469d-2b34-4725-8067-e43f02e2fdad,Bacon,0,False,0,99,True,NULL,NULL,False,,1.0000,True,False,2025-08-22 06:57:39.012649,2025-08-22 06:57:39.012649,2026-06-21 12:58:25.94354
org-tf5i2lw1qz,Sakshi Demo,loc-f9507722-f4c3-45a1-a7a6-6358548bea05,A&w Lab new(Dont take order),catlg-5f49688b-1b0a-4963-9e20-90dba233b023,A&w Lab new(Dont take order) Catalog,itm-6111f62f-7b1f-4085-80f6-a04f71e65d45,Mini Meal - Bacon Single,0,modgrp-49f6b8c4-7d89-420c-9c0d-bacb0d0a372d,Chkn & Seafood Food Modifiers,modfr-d88041f9-10d3-4a55-a6dc-3adc14488946,American Chz,0,False,0,99,True,NULL,0,False,1 cal,0.5000,True,False,2025-08-22 06:57:39.012648,2025-08-22 06:57:39.012648,2026-06-21 12:58:25.94354
org-tf5i2lw1qz,Sakshi Demo,loc-f9507722-f4c3-45a1-a7a6-6358548bea05,A&w Lab new(Dont take order),catlg-5f49688b-1b0a-4963-9e20-90dba233b023,A&w Lab new(Dont take order) Catalog,itm-6111f62f-7b1f-4085-80f6-a04f71e65d45,Mini Meal - Bacon Single,0,modgrp-49f6b8c4-7d89-420c-9c0d-bacb0d0a372d,Chkn & Seafood Food Modifiers,modfr-dd6d1f38-19d2-4155-8311-a94dcf8ee31e,Mustard,0,False,0,99,True,NULL,NULL,False,,NULL,True,False,2025-08-22 06:57:39.012652,2025-08-22 06:57:39.012652,2026-06-21 12:58:25.94354
org-tf5i2lw1qz,Sakshi Demo,loc-f9507722-f4c3-45a1-a7a6-6358548bea05,A&w Lab new(Dont take order),catlg-5f49688b-1b0a-4963-9e20-90dba233b023,A&w Lab new(Dont take order) Catalog,itm-6111f62f-7b1f-4085-80f6-a04f71e65d45,Mini Meal - Bacon Single,0,modgrp-49f6b8c4-7d89-420c-9c0d-bacb0d0a372d,Chkn & Seafood Food Modifiers,modfr-ddec8a33-674e-41fb-8a19-39d169a176fb,Buffalo Sauce,0,False,0,99,True,NULL,NULL,False,,0.2500,True,False,2025-08-22 06:57:39.012656,2025-08-22 06:57:39.012656,2026-06-21 12:58:25.94354
org-tf5i2lw1qz,Sakshi Demo,loc-f9507722-f4c3-45a1-a7a6-6358548bea05,A&w Lab new(Dont take order),catlg-5f49688b-1b0a-4963-9e20-90dba233b023,A&w Lab new(Dont take order) Catalog,itm-6111f62f-7b1f-4085-80f6-a04f71e65d45,Mini Meal - Bacon Single,0,modgrp-49f6b8c4-7d89-420c-9c0d-bacb0d0a372d,Chkn & Seafood Food Modifiers,modfr-e14b30a1-8ea8-4be3-aadc-405a05d8e1a7,Fish Sandwich,0,False,0,99,True,NULL,NULL,False,,5.9900,True,False,2025-08-22 06:57:39.012682,2025-08-22 06:57:39.012682,2026-06-21 12:58:25.94354
org-tf5i2lw1qz,Sakshi Demo,loc-f9507722-f4c3-45a1-a7a6-6358548bea05,A&w Lab new(Dont take order),catlg-5f49688b-1b0a-4963-9e20-90dba233b023,A&w Lab new(Dont take order) Catalog,itm-6111f62f-7b1f-4085-80f6-a04f71e65d45,Mini Meal - Bacon Single,0,modgrp-49f6b8c4-7d89-420c-9c0d-bacb0d0a372d,Chkn & Seafood Food Modifiers,modfr-e17f370c-e3d2-4932-988f-392c24871efd,Sweet & Sour,0,False,0,99,True,NULL,NULL,False,,NULL,True,False,2025-08-22 06:57:39.012656,2025-08-22 06:57:39.012656,2026-06-21 12:58:25.94354
org-tf5i2lw1qz,Sakshi Demo,loc-f9507722-f4c3-45a1-a7a6-6358548bea05,A&w Lab new(Dont take order),catlg-5f49688b-1b0a-4963-9e20-90dba233b023,A&w Lab new(Dont take order) Catalog,itm-6111f62f-7b1f-4085-80f6-a04f71e65d45,Mini Meal - Bacon Single,0,modgrp-49f6b8c4-7d89-420c-9c0d-bacb0d0a372d,Chkn & Seafood Food Modifiers,modfr-e9f0ed73-caff-416c-b915-9524611da21b,Lite Italian,0,False,0,99,True,NULL,NULL,False,,NULL,True,False,2025-08-22 06:57:39.012683,2025-08-22 06:57:39.012683,2026-06-21 12:58:25.94354
org-tf5i2lw1qz,Sakshi Demo,loc-f9507722-f4c3-45a1-a7a6-6358548bea05,A&w Lab new(Dont take order),catlg-5f49688b-1b0a-4963-9e20-90dba233b023,A&w Lab new(Dont take order) Catalog,itm-6111f62f-7b1f-4085-80f6-a04f71e65d45,Mini Meal - Bacon Single,0,modgrp-49f6b8c4-7d89-420c-9c0d-bacb0d0a372d,Chkn & Seafood Food Modifiers,modfr-ef7dada3-85d5-4173-bc25-17d1956e0bd6,Cut,0,False,0,99,True,NULL,NULL,False,,NULL,True,False,2025-08-22 06:57:39.012657,2025-08-22 06:57:39.012657,2026-06-21 12:58:25.94354
org-tf5i2lw1qz,Sakshi Demo,loc-f9507722-f4c3-45a1-a7a6-6358548bea05,A&w Lab new(Dont take order),catlg-5f49688b-1b0a-4963-9e20-90dba233b023,A&w Lab new(Dont take order) Catalog,itm-6111f62f-7b1f-4085-80f6-a04f71e65d45,Mini Meal - Bacon Single,0,modgrp-49f6b8c4-7d89-420c-9c0d-bacb0d0a372d,Chkn & Seafood Food Modifiers,modfr-f4138fb9-f3f4-4a64-aa63-eb3ffbe5d360,Italian,0,False,0,99,True,NULL,NULL,False,,NULL,True,False,2025-08-22 06:57:39.012682,2025-08-22 06:57:39.012682,2026-06-21 12:58:25.94354
org-tf5i2lw1qz,Sakshi Demo,loc-f9507722-f4c3-45a1-a7a6-6358548bea05,A&w Lab new(Dont take order),catlg-5f49688b-1b0a-4963-9e20-90dba233b023,A&w Lab new(Dont take order) Catalog,itm-6111f62f-7b1f-4085-80f6-a04f71e65d45,Mini Meal - Bacon Single,0,modgrp-49f6b8c4-7d89-420c-9c0d-bacb0d0a372d,Chkn & Seafood Food Modifiers,modfr-f45843a2-62e3-401e-8dcb-8854b7b39b2d,Well Done,0,False,0,99,True,NULL,NULL,False,,NULL,True,False,2025-08-22 06:57:39.01266,2025-08-22 06:57:39.01266,2026-06-21 12:58:25.94354
org-tf5i2lw1qz,Sakshi Demo,loc-f9507722-f4c3-45a1-a7a6-6358548bea05,A&w Lab new(Dont take order),catlg-5f49688b-1b0a-4963-9e20-90dba233b023,A&w Lab new(Dont take order) Catalog,itm-603d57fc-3747-4353-9993-2de3f5c811bc,Chili Soup Bowl,0,modgrp-b72ffade-4c38-473e-bfc0-101f7fdc4e1f,Food Modifiers,modfr-3a581c46-ac3c-4753-9a5d-3c5277c49aa6,Onions,0,False,0,99,True,NULL,NULL,False,,0.5000,True,False,2025-08-22 06:57:39.012653,2025-08-22 06:57:39.012653,2026-06-21 12:59:36.549658
org-tf5i2lw1qz,Sakshi Demo,loc-f9507722-f4c3-45a1-a7a6-6358548bea05,A&w Lab new(Dont take order),catlg-5f49688b-1b0a-4963-9e20-90dba233b023,A&w Lab new(Dont take order) Catalog,itm-603d57fc-3747-4353-9993-2de3f5c811bc,Chili Soup Bowl,0,modgrp-b72ffade-4c38-473e-bfc0-101f7fdc4e1f,Food Modifiers,modfr-43e04c6d-7c12-4a7b-80c0-a89efd25f7da,Lettuce,0,False,0,99,True,NULL,NULL,False,,0.5000,True,False,2025-08-22 06:57:39.012652,2025-08-22 06:57:39.012652,2026-06-21 12:59:36.549658
org-tf5i2lw1qz,Sakshi Demo,loc-f9507722-f4c3-45a1-a7a6-6358548bea05,A&w Lab new(Dont take order),catlg-5f49688b-1b0a-4963-9e20-90dba233b023,A&w Lab new(Dont take order) Catalog,itm-603d57fc-3747-4353-9993-2de3f5c811bc,Chili Soup Bowl,0,modgrp-b72ffade-4c38-473e-bfc0-101f7fdc4e1f,Food Modifiers,modfr-43e9d07d-5125-49c9-b583-0fc0fbed4819,Burger Patty,0,False,0,99,True,NULL,NULL,False,,1.4000,True,False,2025-08-22 06:57:39.01265,2025-08-22 06:57:39.01265,2026-06-21 12:59:36.549658
org-tf5i2lw1qz,Sakshi Demo,loc-f9507722-f4c3-45a1-a7a6-6358548bea05,A&w Lab new(Dont take order),catlg-5f49688b-1b0a-4963-9e20-90dba233b023,A&w Lab new(Dont take order) Catalog,itm-603d57fc-3747-4353-9993-2de3f5c811bc,Chili Soup Bowl,0,modgrp-b72ffade-4c38-473e-bfc0-101f7fdc4e1f,Food Modifiers,modfr-451c83fd-91fe-4d9c-8541-0b75d1b2c115,Sweet Relish ,0,False,0,99,True,NULL,NULL,False,,NULL,True,False,2025-08-22 06:57:39.012654,2025-08-22 06:57:39.012654,2026-06-21 12:59:36.549658
org-tf5i2lw1qz,Sakshi Demo,loc-f9507722-f4c3-45a1-a7a6-6358548bea05,A&w Lab new(Dont take order),catlg-5f49688b-1b0a-4963-9e20-90dba233b023,A&w Lab new(Dont take order) Catalog,itm-603d57fc-3747-4353-9993-2de3f5c811bc,Chili Soup Bowl,0,modgrp-b72ffade-4c38-473e-bfc0-101f7fdc4e1f,Food Modifiers,modfr-4fef7613-c30c-4100-be5e-33af53bd66e5,Spicy Papa Sauce Spread,0,False,0,99,True,NULL,NULL,False,,NULL,True,False,2025-08-22 06:57:39.012661,2025-08-22 06:57:39.012661,2026-06-21 12:59:36.549658
org-tf5i2lw1qz,Sakshi Demo,loc-f9507722-f4c3-45a1-a7a6-6358548bea05,A&w Lab new(Dont take order),catlg-5f49688b-1b0a-4963-9e20-90dba233b023,A&w Lab new(Dont take order) Catalog,itm-603d57fc-3747-4353-9993-2de3f5c811bc,Chili Soup Bowl,0,modgrp-b72ffade-4c38-473e-bfc0-101f7fdc4e1f,Food Modifiers,modfr-596840a4-1d42-419b-a8d3-e5305259b81d,Bun,0,False,0,99,True,NULL,NULL,False,,0.5000,True,False,2025-08-22 06:57:39.01265,2025-08-22 06:57:39.01265,2026-06-21 12:59:36.549658
org-tf5i2lw1qz,Sakshi Demo,loc-f9507722-f4c3-45a1-a7a6-6358548bea05,A&w Lab new(Dont take order),catlg-5f49688b-1b0a-4963-9e20-90dba233b023,A&w Lab new(Dont take order) Catalog,itm-603d57fc-3747-4353-9993-2de3f5c811bc,Chili Soup Bowl,0,modgrp-b72ffade-4c38-473e-bfc0-101f7fdc4e1f,Food Modifiers,modfr-5dc1baf2-d571-4895-b1ec-1faad0298879,Seasoning,0,False,0,99,True,NULL,NULL,False,,NULL,True,False,2025-08-22 06:57:39.012654,2025-08-22 06:57:39.012654,2026-06-21 12:59:36.549658
org-tf5i2lw1qz,Sakshi Demo,loc-f9507722-f4c3-45a1-a7a6-6358548bea05,A&w Lab new(Dont take order),catlg-5f49688b-1b0a-4963-9e20-90dba233b023,A&w Lab new(Dont take order) Catalog,itm-603d57fc-3747-4353-9993-2de3f5c811bc,Chili Soup Bowl,0,modgrp-b72ffade-4c38-473e-bfc0-101f7fdc4e1f,Food Modifiers,modfr-5fe0cbae-a971-44cf-9201-99ca2623024f,Olives,0,False,0,99,True,NULL,NULL,False,,0.5000,True,False,2025-08-22 06:57:39.012661,2025-08-22 06:57:39.012661,2026-06-21 12:59:36.549658
org-tf5i2lw1qz,Sakshi Demo,loc-f9507722-f4c3-45a1-a7a6-6358548bea05,A&w Lab new(Dont take order),catlg-5f49688b-1b0a-4963-9e20-90dba233b023,A&w Lab new(Dont take order) Catalog,itm-603d57fc-3747-4353-9993-2de3f5c811bc,Chili Soup Bowl,0,modgrp-b72ffade-4c38-473e-bfc0-101f7fdc4e1f,Food Modifiers,modfr-600274b1-dd7a-411e-b457-ae171b9f21cb,Pickles,0,False,0,99,True,NULL,NULL,False,,0.5000,True,False,2025-08-22 06:57:39.012653,2025-08-22 06:57:39.012653,2026-06-21 12:59:36.549658
org-tf5i2lw1qz,Sakshi Demo,loc-f9507722-f4c3-45a1-a7a6-6358548bea05,A&w Lab new(Dont take order),catlg-5f49688b-1b0a-4963-9e20-90dba233b023,A&w Lab new(Dont take order) Catalog,itm-603d57fc-3747-4353-9993-2de3f5c811bc,Chili Soup Bowl,0,modgrp-b72ffade-4c38-473e-bfc0-101f7fdc4e1f,Food Modifiers,modfr-60eab4a7-5c2f-4049-8e50-3342b2bc6671,No Seasoning,0,False,0,99,True,NULL,NULL,False,,NULL,True,False,2025-08-22 06:57:39.012657,2025-08-22 06:57:39.012657,2026-06-21 12:59:36.549658
org-tf5i2lw1qz,Sakshi Demo,loc-f9507722-f4c3-45a1-a7a6-6358548bea05,A&w Lab new(Dont take order),catlg-5f49688b-1b0a-4963-9e20-90dba233b023,A&w Lab new(Dont take order) Catalog,itm-603d57fc-3747-4353-9993-2de3f5c811bc,Chili Soup Bowl,0,modgrp-b72ffade-4c38-473e-bfc0-101f7fdc4e1f,Food Modifiers,modfr-636c1335-a52a-407c-8a4f-4949811b26de,Mushroom Onion Mix,0,False,0,99,True,NULL,NULL,False,,0.5000,True,False,2025-08-22 06:57:39.01266,2025-08-22 06:57:39.01266,2026-06-21 12:59:36.549658
org-tf5i2lw1qz,Sakshi Demo,loc-f9507722-f4c3-45a1-a7a6-6358548bea05,A&w Lab new(Dont take order),catlg-5f49688b-1b0a-4963-9e20-90dba233b023,A&w Lab new(Dont take order) Catalog,itm-603d57fc-3747-4353-9993-2de3f5c811bc,Chili Soup Bowl,0,modgrp-b72ffade-4c38-473e-bfc0-101f7fdc4e1f,Food Modifiers,modfr-63cdc41a-51c3-4db0-850c-adcf28442577,Papa Sauce,0,False,0,99,True,NULL,NULL,False,,0.2500,True,False,2025-08-22 06:57:39.012653,2025-08-22 06:57:39.012653,2026-06-21 12:59:36.549658
org-tf5i2lw1qz,Sakshi Demo,loc-f9507722-f4c3-45a1-a7a6-6358548bea05,A&w Lab new(Dont take order),catlg-5f49688b-1b0a-4963-9e20-90dba233b023,A&w Lab new(Dont take order) Catalog,itm-603d57fc-3747-4353-9993-2de3f5c811bc,Chili Soup Bowl,0,modgrp-b72ffade-4c38-473e-bfc0-101f7fdc4e1f,Food Modifiers,modfr-69dda00b-eeb0-4cbe-b96b-2b404ef6e312,Ranch,0,False,0,99,True,NULL,NULL,False,,0.2500,True,False,2025-08-22 06:57:39.012653,2025-08-22 06:57:39.012653,2026-06-21 12:59:36.549658
org-tf5i2lw1qz,Sakshi Demo,loc-f9507722-f4c3-45a1-a7a6-6358548bea05,A&w Lab new(Dont take order),catlg-5f49688b-1b0a-4963-9e20-90dba233b023,A&w Lab new(Dont take order) Catalog,itm-603d57fc-3747-4353-9993-2de3f5c811bc,Chili Soup Bowl,0,modgrp-b72ffade-4c38-473e-bfc0-101f7fdc4e1f,Food Modifiers,modfr-8720529a-b7df-4609-b58c-040642d13093,Mozzarella Chz,0,False,0,99,True,NULL,NULL,False,,0.6000,True,False,2025-08-22 06:57:39.012662,2025-08-22 06:57:39.012662,2026-06-21 12:59:36.549658
org-tf5i2lw1qz,Sakshi Demo,loc-f9507722-f4c3-45a1-a7a6-6358548bea05,A&w Lab new(Dont take order),catlg-5f49688b-1b0a-4963-9e20-90dba233b023,A&w Lab new(Dont take order) Catalog,itm-603d57fc-3747-4353-9993-2de3f5c811bc,Chili Soup Bowl,0,modgrp-b72ffade-4c38-473e-bfc0-101f7fdc4e1f,Food Modifiers,modfr-9f3f04e5-4a97-4b29-982d-a463fcb73294,Note To Kitchen,0,False,0,99,True,NULL,NULL,False,,NULL,True,False,2025-08-22 06:57:39.012655,2025-08-22 06:57:39.012655,2026-06-21 12:59:36.549658
org-tf5i2lw1qz,Sakshi Demo,loc-f9507722-f4c3-45a1-a7a6-6358548bea05,A&w Lab new(Dont take order),catlg-5f49688b-1b0a-4963-9e20-90dba233b023,A&w Lab new(Dont take order) Catalog,itm-603d57fc-3747-4353-9993-2de3f5c811bc,Chili Soup Bowl,0,modgrp-b72ffade-4c38-473e-bfc0-101f7fdc4e1f,Food Modifiers,modfr-a303b140-9347-41c1-b406-9cabade32e91,See Server,0,False,0,99,True,NULL,NULL,False,,NULL,True,False,2025-08-22 06:57:39.012646,2025-08-22 06:57:39.012646,2026-06-21 12:59:36.549658
org-tf5i2lw1qz,Sakshi Demo,loc-f9507722-f4c3-45a1-a7a6-6358548bea05,A&w Lab new(Dont take order),catlg-5f49688b-1b0a-4963-9e20-90dba233b023,A&w Lab new(Dont take order) Catalog,itm-603d57fc-3747-4353-9993-2de3f5c811bc,Chili Soup Bowl,0,modgrp-b72ffade-4c38-473e-bfc0-101f7fdc4e1f,Food Modifiers,modfr-a6b7a778-e5b5-432f-af9d-13f05ef0647d,Tomato,0,False,0,99,True,NULL,NULL,False,,0.5000,True,False,2025-08-22 06:57:39.012655,2025-08-22 06:57:39.012655,2026-06-21 12:59:36.549658
org-tf5i2lw1qz,Sakshi Demo,loc-f9507722-f4c3-45a1-a7a6-6358548bea05,A&w Lab new(Dont take order),catlg-5f49688b-1b0a-4963-9e20-90dba233b023,A&w Lab new(Dont take order) Catalog,itm-603d57fc-3747-4353-9993-2de3f5c811bc,Chili Soup Bowl,0,modgrp-b72ffade-4c38-473e-bfc0-101f7fdc4e1f,Food Modifiers,modfr-a9fbc7f2-c0a8-4b08-a885-2396099d20a7,Crispy,0,False,0,99,True,NULL,NULL,False,,NULL,True,False,2025-08-22 06:57:39.012657,2025-08-22 06:57:39.012657,2026-06-21 12:59:36.549658
org-tf5i2lw1qz,Sakshi Demo,loc-f9507722-f4c3-45a1-a7a6-6358548bea05,A&w Lab new(Dont take order),catlg-5f49688b-1b0a-4963-9e20-90dba233b023,A&w Lab new(Dont take order) Catalog,itm-603d57fc-3747-4353-9993-2de3f5c811bc,Chili Soup Bowl,0,modgrp-b72ffade-4c38-473e-bfc0-101f7fdc4e1f,Food Modifiers,modfr-b286d49a-7dca-411a-824f-016be46ee189,Fry Sauce,0,False,0,99,True,NULL,NULL,False,,0.5000,True,False,2025-08-22 06:57:39.012658,2025-08-22 06:57:39.012658,2026-06-21 12:59:55.315563
org-tf5i2lw1qz,Sakshi Demo,loc-f9507722-f4c3-45a1-a7a6-6358548bea05,A&w Lab new(Dont take order),catlg-5f49688b-1b0a-4963-9e20-90dba233b023,A&w Lab new(Dont take order) Catalog,itm-603d57fc-3747-4353-9993-2de3f5c811bc,Chili Soup Bowl,0,modgrp-b72ffade-4c38-473e-bfc0-101f7fdc4e1f,Food Modifiers,modfr-b3b90b5d-dca0-4d7f-8d36-a4912ea1dd6f,Plain,0,False,0,99,True,NULL,NULL,False,,NULL,True,False,2025-08-22 06:57:39.012645,2025-08-22 06:57:39.012645,2026-06-21 12:59:55.315563
org-tf5i2lw1qz,Sakshi Demo,loc-f9507722-f4c3-45a1-a7a6-6358548bea05,A&w Lab new(Dont take order),catlg-5f49688b-1b0a-4963-9e20-90dba233b023,A&w Lab new(Dont take order) Catalog,itm-603d57fc-3747-4353-9993-2de3f5c811bc,Chili Soup Bowl,0,modgrp-b72ffade-4c38-473e-bfc0-101f7fdc4e1f,Food Modifiers,modfr-b5669eac-1683-40bf-bc53-6ebec4b8daf9,**Peanut Allergy**,0,False,0,99,True,NULL,NULL,False,,NULL,True,False,2025-08-22 06:57:39.012643,2025-08-22 06:57:39.012643,2026-06-21 12:59:55.315563
org-tf5i2lw1qz,Sakshi Demo,loc-f9507722-f4c3-45a1-a7a6-6358548bea05,A&w Lab new(Dont take order),catlg-5f49688b-1b0a-4963-9e20-90dba233b023,A&w Lab new(Dont take order) Catalog,itm-603d57fc-3747-4353-9993-2de3f5c811bc,Chili Soup Bowl,0,modgrp-b72ffade-4c38-473e-bfc0-101f7fdc4e1f,Food Modifiers,modfr-b758430e-3ccf-437f-b95a-fbac4315d3dc,Mayo Pkt,0,False,0,99,True,NULL,NULL,False,,NULL,True,False,2025-08-22 06:57:39.012656,2025-08-22 06:57:39.012656,2026-06-21 12:59:55.315563
org-tf5i2lw1qz,Sakshi Demo,loc-f9507722-f4c3-45a1-a7a6-6358548bea05,A&w Lab new(Dont take order),catlg-5f49688b-1b0a-4963-9e20-90dba233b023,A&w Lab new(Dont take order) Catalog,itm-603d57fc-3747-4353-9993-2de3f5c811bc,Chili Soup Bowl,0,modgrp-b72ffade-4c38-473e-bfc0-101f7fdc4e1f,Food Modifiers,modfr-ba1cbea0-c3c8-44f0-9926-1313f7491646,Sour Cream,0,False,0,99,True,NULL,NULL,False,,0.6000,True,False,2025-08-22 06:57:39.01266,2025-08-22 06:57:39.01266,2026-06-21 12:59:55.315563
org-tf5i2lw1qz,Sakshi Demo,loc-f9507722-f4c3-45a1-a7a6-6358548bea05,A&w Lab new(Dont take order),catlg-5f49688b-1b0a-4963-9e20-90dba233b023,A&w Lab new(Dont take order) Catalog,itm-603d57fc-3747-4353-9993-2de3f5c811bc,Chili Soup Bowl,0,modgrp-b72ffade-4c38-473e-bfc0-101f7fdc4e1f,Food Modifiers,modfr-bab3cf08-7dff-4be8-a6f4-75fa3c78a520,Garlic/Herb Spread,0,False,0,99,True,NULL,NULL,False,,0.5000,True,False,2025-08-22 06:57:39.012661,2025-08-22 06:57:39.012661,2026-06-21 12:59:55.315563
org-tf5i2lw1qz,Sakshi Demo,loc-f9507722-f4c3-45a1-a7a6-6358548bea05,A&w Lab new(Dont take order),catlg-5f49688b-1b0a-4963-9e20-90dba233b023,A&w Lab new(Dont take order) Catalog,itm-603d57fc-3747-4353-9993-2de3f5c811bc,Chili Soup Bowl,0,modgrp-b72ffade-4c38-473e-bfc0-101f7fdc4e1f,Food Modifiers,modfr-bbb68806-cb3a-4050-af41-1e5de53f01ca,Fish Patty,0,False,0,99,True,NULL,NULL,False,,2.1900,True,False,2025-08-22 06:57:39.012659,2025-08-22 06:57:39.012659,2026-06-21 12:59:55.315563
org-tf5i2lw1qz,Sakshi Demo,loc-f9507722-f4c3-45a1-a7a6-6358548bea05,A&w Lab new(Dont take order),catlg-5f49688b-1b0a-4963-9e20-90dba233b023,A&w Lab new(Dont take order) Catalog,itm-603d57fc-3747-4353-9993-2de3f5c811bc,Chili Soup Bowl,0,modgrp-b72ffade-4c38-473e-bfc0-101f7fdc4e1f,Food Modifiers,modfr-c1093d26-5dad-4b1f-bd38-9613a5f98a8c,No Burger Patty,0,False,0,99,True,NULL,NULL,False,,NULL,True,False,2025-08-22 06:57:39.012658,2025-08-22 06:57:39.012658,2026-06-21 12:59:55.315563
org-tf5i2lw1qz,Sakshi Demo,loc-f9507722-f4c3-45a1-a7a6-6358548bea05,A&w Lab new(Dont take order),catlg-5f49688b-1b0a-4963-9e20-90dba233b023,A&w Lab new(Dont take order) Catalog,itm-603d57fc-3747-4353-9993-2de3f5c811bc,Chili Soup Bowl,0,modgrp-b72ffade-4c38-473e-bfc0-101f7fdc4e1f,Food Modifiers,modfr-c2a93153-69be-4086-a9a3-330b1276b6e8,3 Pepper Fire Sauce,0,False,0,99,True,NULL,NULL,False,,0.2500,True,False,2025-08-22 06:57:39.01266,2025-08-22 06:57:39.01266,2026-06-21 12:59:55.315563
org-tf5i2lw1qz,Sakshi Demo,loc-f9507722-f4c3-45a1-a7a6-6358548bea05,A&w Lab new(Dont take order),catlg-5f49688b-1b0a-4963-9e20-90dba233b023,A&w Lab new(Dont take order) Catalog,itm-603d57fc-3747-4353-9993-2de3f5c811bc,Chili Soup Bowl,0,modgrp-b72ffade-4c38-473e-bfc0-101f7fdc4e1f,Food Modifiers,modfr-c4b2e696-3555-4b1e-a310-8f78c111a31d,Celery Salt,0,False,0,99,True,NULL,NULL,False,,NULL,True,False,2025-08-22 06:57:39.012661,2025-08-22 06:57:39.012661,2026-06-21 12:59:55.315563
org-tf5i2lw1qz,Sakshi Demo,loc-f9507722-f4c3-45a1-a7a6-6358548bea05,A&w Lab new(Dont take order),catlg-5f49688b-1b0a-4963-9e20-90dba233b023,A&w Lab new(Dont take order) Catalog,itm-603d57fc-3747-4353-9993-2de3f5c811bc,Chili Soup Bowl,0,modgrp-b72ffade-4c38-473e-bfc0-101f7fdc4e1f,Food Modifiers,modfr-cb5581a2-b334-4496-b1a3-97e1cc2e7e12,Salad Dressing,0,False,0,99,True,NULL,NULL,False,,NULL,True,False,2025-08-22 06:57:39.012653,2025-08-22 06:57:39.012653,2026-06-21 12:59:55.315563
org-tf5i2lw1qz,Sakshi Demo,loc-f9507722-f4c3-45a1-a7a6-6358548bea05,A&w Lab new(Dont take order),catlg-5f49688b-1b0a-4963-9e20-90dba233b023,A&w Lab new(Dont take order) Catalog,itm-603d57fc-3747-4353-9993-2de3f5c811bc,Chili Soup Bowl,0,modgrp-b72ffade-4c38-473e-bfc0-101f7fdc4e1f,Food Modifiers,modfr-d623fa49-7924-491d-b2b5-c28ee40c82b4,Swiss Cheese,0,False,0,99,True,NULL,NULL,False,,0.5000,True,False,2025-08-22 06:57:39.012654,2025-08-22 06:57:39.012654,2026-06-21 12:59:55.315563
org-tf5i2lw1qz,Sakshi Demo,loc-f9507722-f4c3-45a1-a7a6-6358548bea05,A&w Lab new(Dont take order),catlg-5f49688b-1b0a-4963-9e20-90dba233b023,A&w Lab new(Dont take order) Catalog,itm-603d57fc-3747-4353-9993-2de3f5c811bc,Chili Soup Bowl,0,modgrp-b72ffade-4c38-473e-bfc0-101f7fdc4e1f,Food Modifiers,modfr-d718469d-2b34-4725-8067-e43f02e2fdad,Bacon,0,False,0,99,True,NULL,NULL,False,,1.0000,True,False,2025-08-22 06:57:39.012649,2025-08-22 06:57:39.012649,2026-06-21 12:59:55.315563
org-tf5i2lw1qz,Sakshi Demo,loc-f9507722-f4c3-45a1-a7a6-6358548bea05,A&w Lab new(Dont take order),catlg-5f49688b-1b0a-4963-9e20-90dba233b023,A&w Lab new(Dont take order) Catalog,itm-603d57fc-3747-4353-9993-2de3f5c811bc,Chili Soup Bowl,0,modgrp-b72ffade-4c38-473e-bfc0-101f7fdc4e1f,Food Modifiers,modfr-d88041f9-10d3-4a55-a6dc-3adc14488946,American Chz,0,False,0,99,True,NULL,0,False,1 cal,0.5000,True,False,2025-08-22 06:57:39.012648,2025-08-22 06:57:39.012648,2026-06-21 12:59:55.315563
org-tf5i2lw1qz,Sakshi Demo,loc-f9507722-f4c3-45a1-a7a6-6358548bea05,A&w Lab new(Dont take order),catlg-5f49688b-1b0a-4963-9e20-90dba233b023,A&w Lab new(Dont take order) Catalog,itm-603d57fc-3747-4353-9993-2de3f5c811bc,Chili Soup Bowl,0,modgrp-b72ffade-4c38-473e-bfc0-101f7fdc4e1f,Food Modifiers,modfr-da5dae94-d754-40ee-9964-592fefcb622b,No Bun,0,False,0,99,True,NULL,NULL,False,,NULL,True,False,2025-08-22 06:57:39.012658,2025-08-22 06:57:39.012658,2026-06-21 12:59:55.315563
org-tf5i2lw1qz,Sakshi Demo,loc-f9507722-f4c3-45a1-a7a6-6358548bea05,A&w Lab new(Dont take order),catlg-5f49688b-1b0a-4963-9e20-90dba233b023,A&w Lab new(Dont take order) Catalog,itm-603d57fc-3747-4353-9993-2de3f5c811bc,Chili Soup Bowl,0,modgrp-b72ffade-4c38-473e-bfc0-101f7fdc4e1f,Food Modifiers,modfr-dd6d1f38-19d2-4155-8311-a94dcf8ee31e,Mustard,0,False,0,99,True,NULL,NULL,False,,NULL,True,False,2025-08-22 06:57:39.012652,2025-08-22 06:57:39.012652,2026-06-21 12:59:55.315563
org-tf5i2lw1qz,Sakshi Demo,loc-f9507722-f4c3-45a1-a7a6-6358548bea05,A&w Lab new(Dont take order),catlg-5f49688b-1b0a-4963-9e20-90dba233b023,A&w Lab new(Dont take order) Catalog,itm-603d57fc-3747-4353-9993-2de3f5c811bc,Chili Soup Bowl,0,modgrp-b72ffade-4c38-473e-bfc0-101f7fdc4e1f,Food Modifiers,modfr-ddec8a33-674e-41fb-8a19-39d169a176fb,Buffalo Sauce,0,False,0,99,True,NULL,NULL,False,,0.2500,True,False,2025-08-22 06:57:39.012656,2025-08-22 06:57:39.012656,2026-06-21 12:59:55.315563
org-tf5i2lw1qz,Sakshi Demo,loc-f9507722-f4c3-45a1-a7a6-6358548bea05,A&w Lab new(Dont take order),catlg-5f49688b-1b0a-4963-9e20-90dba233b023,A&w Lab new(Dont take order) Catalog,itm-603d57fc-3747-4353-9993-2de3f5c811bc,Chili Soup Bowl,0,modgrp-b72ffade-4c38-473e-bfc0-101f7fdc4e1f,Food Modifiers,modfr-e17f370c-e3d2-4932-988f-392c24871efd,Sweet & Sour,0,False,0,99,True,NULL,NULL,False,,NULL,True,False,2025-08-22 06:57:39.012656,2025-08-22 06:57:39.012656,2026-06-21 12:59:55.315563
org-2ad9799e-2df3-4ebb-9563-8772f5638552,Rohan's Org,loc-9dd1eaea-e264-4d51-bffb-1abdc65e3fff,Upsell Testing,catlg-e77cf90f-2b34-4aa0-9eb6-642bef1ac285,Upsell Testing Catalog,itm-c4031adb-3c58-4024-8910-9cd2c6d46718,Large Sriracha Cheese Curds (Combo Upgrade Price),0,modgrp-794dfe86-a9b3-4024-a381-90c6b7601221,Chkn & Seafood Food Modifiers,modfr-939ca2a1-c244-4d48-8b59-2d2e03a285f3,Cheese,0,False,0,99,True,NULL,NULL,False,,0.5000,True,False,2025-10-23 16:17:40.406244,2025-10-23 16:17:40.406244,2026-06-21 12:58:30.885352
org-2ad9799e-2df3-4ebb-9563-8772f5638552,Rohan's Org,loc-9dd1eaea-e264-4d51-bffb-1abdc65e3fff,Upsell Testing,catlg-e77cf90f-2b34-4aa0-9eb6-642bef1ac285,Upsell Testing Catalog,itm-c4031adb-3c58-4024-8910-9cd2c6d46718,Large Sriracha Cheese Curds (Combo Upgrade Price),0,modgrp-794dfe86-a9b3-4024-a381-90c6b7601221,Chkn & Seafood Food Modifiers,modfr-9ac481a7-2b43-4e4a-b1bf-d153299d66d3,Sweet Relish ,0,False,0,99,True,NULL,NULL,False,,NULL,True,False,2025-10-23 16:17:40.406244,2025-10-23 16:17:40.406244,2026-06-21 12:58:30.885352
org-2ad9799e-2df3-4ebb-9563-8772f5638552,Rohan's Org,loc-9dd1eaea-e264-4d51-bffb-1abdc65e3fff,Upsell Testing,catlg-e77cf90f-2b34-4aa0-9eb6-642bef1ac285,Upsell Testing Catalog,itm-c4031adb-3c58-4024-8910-9cd2c6d46718,Large Sriracha Cheese Curds (Combo Upgrade Price),0,modgrp-794dfe86-a9b3-4024-a381-90c6b7601221,Chkn & Seafood Food Modifiers,modfr-a23a330b-7bb8-425a-a98f-e153d9a39071,Fat Free Ranch,0,False,0,99,True,NULL,NULL,False,,0.3500,True,False,2025-10-23 16:17:40.406244,2025-10-23 16:17:40.406244,2026-06-21 12:58:30.885352
org-2ad9799e-2df3-4ebb-9563-8772f5638552,Rohan's Org,loc-9dd1eaea-e264-4d51-bffb-1abdc65e3fff,Upsell Testing,catlg-e77cf90f-2b34-4aa0-9eb6-642bef1ac285,Upsell Testing Catalog,itm-c4031adb-3c58-4024-8910-9cd2c6d46718,Large Sriracha Cheese Curds (Combo Upgrade Price),0,modgrp-794dfe86-a9b3-4024-a381-90c6b7601221,Chkn & Seafood Food Modifiers,modfr-a4fba93b-f205-472f-b42a-62b948cf15ef,Grilled Onions,0,False,0,99,True,NULL,NULL,False,,0.5000,True,False,2025-10-23 16:17:40.406244,2025-10-23 16:17:40.406244,2026-06-21 12:58:30.885352
org-2ad9799e-2df3-4ebb-9563-8772f5638552,Rohan's Org,loc-9dd1eaea-e264-4d51-bffb-1abdc65e3fff,Upsell Testing,catlg-e77cf90f-2b34-4aa0-9eb6-642bef1ac285,Upsell Testing Catalog,itm-c4031adb-3c58-4024-8910-9cd2c6d46718,Large Sriracha Cheese Curds (Combo Upgrade Price),0,modgrp-794dfe86-a9b3-4024-a381-90c6b7601221,Chkn & Seafood Food Modifiers,modfr-a588be61-025e-413d-a76f-c31a21b485e2,French,0,False,0,99,True,NULL,NULL,False,,0.2500,True,False,2025-10-23 16:17:40.406244,2025-10-23 16:17:40.406244,2026-06-21 12:58:30.885352
org-2ad9799e-2df3-4ebb-9563-8772f5638552,Rohan's Org,loc-9dd1eaea-e264-4d51-bffb-1abdc65e3fff,Upsell Testing,catlg-e77cf90f-2b34-4aa0-9eb6-642bef1ac285,Upsell Testing Catalog,itm-c4031adb-3c58-4024-8910-9cd2c6d46718,Large Sriracha Cheese Curds (Combo Upgrade Price),0,modgrp-794dfe86-a9b3-4024-a381-90c6b7601221,Chkn & Seafood Food Modifiers,modfr-a5a69a53-3c54-43a5-a372-0db442fc51da,No Sauce,0,False,0,99,True,NULL,NULL,False,,NULL,True,False,2025-10-23 16:17:40.406244,2025-10-23 16:17:40.406244,2026-06-21 12:58:30.885352
org-2ad9799e-2df3-4ebb-9563-8772f5638552,Rohan's Org,loc-9dd1eaea-e264-4d51-bffb-1abdc65e3fff,Upsell Testing,catlg-e77cf90f-2b34-4aa0-9eb6-642bef1ac285,Upsell Testing Catalog,itm-c4031adb-3c58-4024-8910-9cd2c6d46718,Large Sriracha Cheese Curds (Combo Upgrade Price),0,modgrp-794dfe86-a9b3-4024-a381-90c6b7601221,Chkn & Seafood Food Modifiers,modfr-a7713ede-57b8-419c-a02f-539b12606c28,Italian,0,False,0,99,True,NULL,NULL,False,,NULL,True,False,2025-10-23 16:17:40.406244,2025-10-23 16:17:40.406244,2026-06-21 12:58:30.885352
org-2ad9799e-2df3-4ebb-9563-8772f5638552,Rohan's Org,loc-9dd1eaea-e264-4d51-bffb-1abdc65e3fff,Upsell Testing,catlg-e77cf90f-2b34-4aa0-9eb6-642bef1ac285,Upsell Testing Catalog,itm-c4031adb-3c58-4024-8910-9cd2c6d46718,Large Sriracha Cheese Curds (Combo Upgrade Price),0,modgrp-794dfe86-a9b3-4024-a381-90c6b7601221,Chkn & Seafood Food Modifiers,modfr-a8b1be21-2214-4e68-bfee-6b332fa10798,Salt,0,False,0,99,True,NULL,NULL,False,,NULL,True,False,2025-10-23 16:17:40.406244,2025-10-23 16:17:40.406244,2026-06-21 12:58:30.885352
org-2ad9799e-2df3-4ebb-9563-8772f5638552,Rohan's Org,loc-9dd1eaea-e264-4d51-bffb-1abdc65e3fff,Upsell Testing,catlg-e77cf90f-2b34-4aa0-9eb6-642bef1ac285,Upsell Testing Catalog,itm-c4031adb-3c58-4024-8910-9cd2c6d46718,Large Sriracha Cheese Curds (Combo Upgrade Price),0,modgrp-794dfe86-a9b3-4024-a381-90c6b7601221,Chkn & Seafood Food Modifiers,modfr-b44082df-c316-4c95-8360-0a1954861e3c,Jalapenos,0,False,0,99,True,NULL,NULL,False,,0.5000,True,False,2025-10-23 16:17:40.406244,2025-10-23 16:17:40.406244,2026-06-21 12:58:30.885352
org-2ad9799e-2df3-4ebb-9563-8772f5638552,Rohan's Org,loc-9dd1eaea-e264-4d51-bffb-1abdc65e3fff,Upsell Testing,catlg-e77cf90f-2b34-4aa0-9eb6-642bef1ac285,Upsell Testing Catalog,itm-c4031adb-3c58-4024-8910-9cd2c6d46718,Large Sriracha Cheese Curds (Combo Upgrade Price),0,modgrp-794dfe86-a9b3-4024-a381-90c6b7601221,Chkn & Seafood Food Modifiers,modfr-b496d8f2-6ca2-4b08-b75c-4714f453ba09,Lite Ranch,0,False,0,99,True,NULL,NULL,False,,0.3500,True,False,2025-10-23 16:17:40.406244,2025-10-23 16:17:40.406244,2026-06-21 12:58:30.885352
org-2ad9799e-2df3-4ebb-9563-8772f5638552,Rohan's Org,loc-9dd1eaea-e264-4d51-bffb-1abdc65e3fff,Upsell Testing,catlg-e77cf90f-2b34-4aa0-9eb6-642bef1ac285,Upsell Testing Catalog,itm-c4031adb-3c58-4024-8910-9cd2c6d46718,Large Sriracha Cheese Curds (Combo Upgrade Price),0,modgrp-794dfe86-a9b3-4024-a381-90c6b7601221,Chkn & Seafood Food Modifiers,modfr-b49769f2-6301-41d4-8333-73e4c734ceba,Cut,0,False,0,99,True,NULL,NULL,False,,NULL,True,False,2025-10-23 16:17:40.406244,2025-10-23 16:17:40.406244,2026-06-21 12:58:30.885352
org-2ad9799e-2df3-4ebb-9563-8772f5638552,Rohan's Org,loc-9dd1eaea-e264-4d51-bffb-1abdc65e3fff,Upsell Testing,catlg-e77cf90f-2b34-4aa0-9eb6-642bef1ac285,Upsell Testing Catalog,itm-c4031adb-3c58-4024-8910-9cd2c6d46718,Large Sriracha Cheese Curds (Combo Upgrade Price),0,modgrp-794dfe86-a9b3-4024-a381-90c6b7601221,Chkn & Seafood Food Modifiers,modfr-b72a2657-6336-4911-ae2f-8baeee454ee3,AW Sauce,0,False,0,99,True,NULL,NULL,False,,0.2500,True,False,2025-10-23 16:17:40.406244,2025-10-23 16:17:40.406244,2026-06-21 12:58:30.885352
org-2ad9799e-2df3-4ebb-9563-8772f5638552,Rohan's Org,loc-9dd1eaea-e264-4d51-bffb-1abdc65e3fff,Upsell Testing,catlg-e77cf90f-2b34-4aa0-9eb6-642bef1ac285,Upsell Testing Catalog,itm-c4031adb-3c58-4024-8910-9cd2c6d46718,Large Sriracha Cheese Curds (Combo Upgrade Price),0,modgrp-794dfe86-a9b3-4024-a381-90c6b7601221,Chkn & Seafood Food Modifiers,modfr-b981632d-b297-474f-8131-6add4f39757a,3 Pepper Fire Sauce,0,False,0,99,True,NULL,NULL,False,,0.2500,True,False,2025-10-23 16:17:40.406244,2025-10-23 16:17:40.406244,2026-06-21 12:58:30.885352
org-2ad9799e-2df3-4ebb-9563-8772f5638552,Rohan's Org,loc-9dd1eaea-e264-4d51-bffb-1abdc65e3fff,Upsell Testing,catlg-e77cf90f-2b34-4aa0-9eb6-642bef1ac285,Upsell Testing Catalog,itm-c4031adb-3c58-4024-8910-9cd2c6d46718,Large Sriracha Cheese Curds (Combo Upgrade Price),0,modgrp-794dfe86-a9b3-4024-a381-90c6b7601221,Chkn & Seafood Food Modifiers,modfr-cf388f28-b554-486c-883d-44b53cd7a153,Coney Sauce,0,False,0,99,True,NULL,NULL,False,,0.5000,True,False,2025-10-23 16:17:40.406244,2025-10-23 16:17:40.406244,2026-06-21 12:58:30.885352
org-2ad9799e-2df3-4ebb-9563-8772f5638552,Rohan's Org,loc-9dd1eaea-e264-4d51-bffb-1abdc65e3fff,Upsell Testing,catlg-e77cf90f-2b34-4aa0-9eb6-642bef1ac285,Upsell Testing Catalog,itm-c4031adb-3c58-4024-8910-9cd2c6d46718,Large Sriracha Cheese Curds (Combo Upgrade Price),0,modgrp-794dfe86-a9b3-4024-a381-90c6b7601221,Chkn & Seafood Food Modifiers,modfr-e5515ea2-afe4-4526-bb77-5dfa7987cded,**Allergy Alert***,0,False,0,99,True,NULL,NULL,False,,NULL,True,False,2025-10-23 16:17:40.406244,2025-10-23 16:17:40.406244,2026-06-21 12:58:30.885352
org-2ad9799e-2df3-4ebb-9563-8772f5638552,Rohan's Org,loc-9dd1eaea-e264-4d51-bffb-1abdc65e3fff,Upsell Testing,catlg-e77cf90f-2b34-4aa0-9eb6-642bef1ac285,Upsell Testing Catalog,itm-c4031adb-3c58-4024-8910-9cd2c6d46718,Large Sriracha Cheese Curds (Combo Upgrade Price),0,modgrp-794dfe86-a9b3-4024-a381-90c6b7601221,Chkn & Seafood Food Modifiers,modfr-e6834cd7-cc7c-4ecc-a759-b42ce3c86bd5,Mustard,0,False,0,99,True,NULL,NULL,False,,NULL,True,False,2025-10-23 16:17:40.406244,2025-10-23 16:17:40.406244,2026-06-21 12:58:30.885352
org-tf5i2lw1qz,Sakshi Demo,loc-f9507722-f4c3-45a1-a7a6-6358548bea05,A&w Lab new(Dont take order),catlg-5f49688b-1b0a-4963-9e20-90dba233b023,A&w Lab new(Dont take order) Catalog,itm-59548cb0-dd19-470a-afb7-f5f43bee1979,30pc Corn Dog Nuggets,0,modgrp-714a3554-6806-4a29-9e33-7ee10d1b2af6,Sauce,modfr-b22c2ec1-c1e4-49b0-ae25-36f4758af9c7,Ketchup Pkt,0,False,0,8,True,NULL,NULL,False,,0.2500,True,False,2025-08-22 06:57:39.012658,2025-08-22 06:57:39.012658,2026-06-21 13:00:05.236981
org-tf5i2lw1qz,Sakshi Demo,loc-f9507722-f4c3-45a1-a7a6-6358548bea05,A&w Lab new(Dont take order),catlg-5f49688b-1b0a-4963-9e20-90dba233b023,A&w Lab new(Dont take order) Catalog,itm-59548cb0-dd19-470a-afb7-f5f43bee1979,30pc Corn Dog Nuggets,0,modgrp-714a3554-6806-4a29-9e33-7ee10d1b2af6,Sauce,modfr-b286d49a-7dca-411a-824f-016be46ee189,Fry Sauce,0,False,0,8,True,NULL,NULL,False,,0.5000,True,False,2025-08-22 06:57:39.012658,2025-08-22 06:57:39.012658,2026-06-21 13:00:05.236981
org-tf5i2lw1qz,Sakshi Demo,loc-f9507722-f4c3-45a1-a7a6-6358548bea05,A&w Lab new(Dont take order),catlg-5f49688b-1b0a-4963-9e20-90dba233b023,A&w Lab new(Dont take order) Catalog,itm-59548cb0-dd19-470a-afb7-f5f43bee1979,30pc Corn Dog Nuggets,0,modgrp-714a3554-6806-4a29-9e33-7ee10d1b2af6,Sauce,modfr-b758430e-3ccf-437f-b95a-fbac4315d3dc,Mayo Pkt,0,False,0,8,True,NULL,NULL,False,,NULL,True,False,2025-08-22 06:57:39.012656,2025-08-22 06:57:39.012656,2026-06-21 13:00:05.236981
org-tf5i2lw1qz,Sakshi Demo,loc-f9507722-f4c3-45a1-a7a6-6358548bea05,A&w Lab new(Dont take order),catlg-5f49688b-1b0a-4963-9e20-90dba233b023,A&w Lab new(Dont take order) Catalog,itm-59548cb0-dd19-470a-afb7-f5f43bee1979,30pc Corn Dog Nuggets,0,modgrp-714a3554-6806-4a29-9e33-7ee10d1b2af6,Sauce,modfr-c2a93153-69be-4086-a9a3-330b1276b6e8,3 Pepper Fire Sauce,0,False,0,8,True,NULL,NULL,False,,0.2500,True,False,2025-08-22 06:57:39.01266,2025-08-22 06:57:39.01266,2026-06-21 13:00:05.236981
org-tf5i2lw1qz,Sakshi Demo,loc-f9507722-f4c3-45a1-a7a6-6358548bea05,A&w Lab new(Dont take order),catlg-5f49688b-1b0a-4963-9e20-90dba233b023,A&w Lab new(Dont take order) Catalog,itm-59548cb0-dd19-470a-afb7-f5f43bee1979,30pc Corn Dog Nuggets,0,modgrp-714a3554-6806-4a29-9e33-7ee10d1b2af6,Sauce,modfr-ddec8a33-674e-41fb-8a19-39d169a176fb,Buffalo Sauce,0,False,0,8,True,NULL,NULL,False,,0.2500,True,False,2025-08-22 06:57:39.012656,2025-08-22 06:57:39.012656,2026-06-21 13:00:05.236981
org-tf5i2lw1qz,Sakshi Demo,loc-f9507722-f4c3-45a1-a7a6-6358548bea05,A&w Lab new(Dont take order),catlg-5f49688b-1b0a-4963-9e20-90dba233b023,A&w Lab new(Dont take order) Catalog,itm-59548cb0-dd19-470a-afb7-f5f43bee1979,30pc Corn Dog Nuggets,0,modgrp-714a3554-6806-4a29-9e33-7ee10d1b2af6,Sauce,modfr-e17f370c-e3d2-4932-988f-392c24871efd,Sweet & Sour,0,False,0,8,True,NULL,NULL,False,,NULL,True,False,2025-08-22 06:57:39.012656,2025-08-22 06:57:39.012656,2026-06-21 13:00:05.236981
org-tf5i2lw1qz,Sakshi Demo,loc-f9507722-f4c3-45a1-a7a6-6358548bea05,A&w Lab new(Dont take order),catlg-5f49688b-1b0a-4963-9e20-90dba233b023,A&w Lab new(Dont take order) Catalog,itm-59548cb0-dd19-470a-afb7-f5f43bee1979,30pc Corn Dog Nuggets,0,modgrp-714a3554-6806-4a29-9e33-7ee10d1b2af6,Sauce,modfr-f0022724-2c21-4b4d-bf45-88ebcac4c4c7,Cocktail Sauce,0,False,0,8,True,NULL,NULL,False,,0.2500,True,False,2025-08-22 06:57:39.012651,2025-08-22 06:57:39.012651,2026-06-21 13:00:05.236981
org-tf5i2lw1qz,Sakshi Demo,loc-f9507722-f4c3-45a1-a7a6-6358548bea05,A&w Lab new(Dont take order),catlg-5f49688b-1b0a-4963-9e20-90dba233b023,A&w Lab new(Dont take order) Catalog,itm-59548cb0-dd19-470a-afb7-f5f43bee1979,30pc Corn Dog Nuggets,0,modgrp-cecb37b7-c8bd-47ba-92f3-d543cafcebe7,*Pick 2 Side Sauce,modfr-01116117-d2c5-4ee7-9713-392330d6350c,French,0,False,0,7,True,NULL,NULL,False,,NULL,True,False,2025-08-22 06:57:39.012681,2025-08-22 06:57:39.012681,2026-06-21 13:00:05.236981
org-tf5i2lw1qz,Sakshi Demo,loc-f9507722-f4c3-45a1-a7a6-6358548bea05,A&w Lab new(Dont take order),catlg-5f49688b-1b0a-4963-9e20-90dba233b023,A&w Lab new(Dont take order) Catalog,itm-59548cb0-dd19-470a-afb7-f5f43bee1979,30pc Corn Dog Nuggets,0,modgrp-cecb37b7-c8bd-47ba-92f3-d543cafcebe7,*Pick 2 Side Sauce,modfr-24ddc0bc-7bc7-4863-9c34-2397f0090b41,Sweet & Sour Sauce,0,False,0,7,True,NULL,NULL,False,,0.5000,True,False,2025-08-22 06:57:39.012659,2025-08-22 06:57:39.012659,2026-06-21 13:00:05.236981
org-tf5i2lw1qz,Sakshi Demo,loc-f9507722-f4c3-45a1-a7a6-6358548bea05,A&w Lab new(Dont take order),catlg-5f49688b-1b0a-4963-9e20-90dba233b023,A&w Lab new(Dont take order) Catalog,itm-59548cb0-dd19-470a-afb7-f5f43bee1979,30pc Corn Dog Nuggets,0,modgrp-cecb37b7-c8bd-47ba-92f3-d543cafcebe7,*Pick 2 Side Sauce,modfr-26265f60-ae51-410d-aefe-1b0458f94fc9,Chz Sauce,0,False,0,7,True,NULL,NULL,False,,0.5000,True,False,2025-08-22 06:57:39.012651,2025-08-22 06:57:39.012651,2026-06-21 13:00:05.236981
org-tf5i2lw1qz,Sakshi Demo,loc-f9507722-f4c3-45a1-a7a6-6358548bea05,A&w Lab new(Dont take order),catlg-5f49688b-1b0a-4963-9e20-90dba233b023,A&w Lab new(Dont take order) Catalog,itm-59548cb0-dd19-470a-afb7-f5f43bee1979,30pc Corn Dog Nuggets,0,modgrp-cecb37b7-c8bd-47ba-92f3-d543cafcebe7,*Pick 2 Side Sauce,modfr-275bcc70-d9a8-40c6-b40e-cefece6f1f99,Tartar,0,False,0,7,True,NULL,NULL,False,,0.2500,True,False,2025-08-22 06:57:39.012655,2025-08-22 06:57:39.012655,2026-06-21 13:00:05.236981
org-tf5i2lw1qz,Sakshi Demo,loc-f9507722-f4c3-45a1-a7a6-6358548bea05,A&w Lab new(Dont take order),catlg-5f49688b-1b0a-4963-9e20-90dba233b023,A&w Lab new(Dont take order) Catalog,itm-59548cb0-dd19-470a-afb7-f5f43bee1979,30pc Corn Dog Nuggets,0,modgrp-cecb37b7-c8bd-47ba-92f3-d543cafcebe7,*Pick 2 Side Sauce,modfr-276ef1cd-4cf7-4224-9fc5-f2d2d7a696f5,BBQ Sauce,0,False,0,7,True,NULL,NULL,False,,0.2500,True,False,2025-08-22 06:57:39.012649,2025-08-22 06:57:39.012649,2026-06-21 13:00:05.236981
org-tf5i2lw1qz,Sakshi Demo,loc-f9507722-f4c3-45a1-a7a6-6358548bea05,A&w Lab new(Dont take order),catlg-5f49688b-1b0a-4963-9e20-90dba233b023,A&w Lab new(Dont take order) Catalog,itm-59548cb0-dd19-470a-afb7-f5f43bee1979,30pc Corn Dog Nuggets,0,modgrp-cecb37b7-c8bd-47ba-92f3-d543cafcebe7,*Pick 2 Side Sauce,modfr-292ddb3b-7e37-409d-aee3-c24128a31eca,Marinara,0,False,0,7,True,NULL,NULL,False,,0.2500,True,False,2025-08-22 06:57:39.012656,2025-08-22 06:57:39.012656,2026-06-21 13:00:05.236981
org-tf5i2lw1qz,Sakshi Demo,loc-f9507722-f4c3-45a1-a7a6-6358548bea05,A&w Lab new(Dont take order),catlg-5f49688b-1b0a-4963-9e20-90dba233b023,A&w Lab new(Dont take order) Catalog,itm-59548cb0-dd19-470a-afb7-f5f43bee1979,30pc Corn Dog Nuggets,0,modgrp-cecb37b7-c8bd-47ba-92f3-d543cafcebe7,*Pick 2 Side Sauce,modfr-2a81febd-94dc-4471-a19b-b81d59dd2734,Spicy Papa Sauce,0,False,0,7,True,NULL,NULL,False,,0.2500,True,False,2025-08-22 06:57:39.012654,2025-08-22 06:57:39.012654,2026-06-21 13:00:05.236981
org-tf5i2lw1qz,Sakshi Demo,loc-f9507722-f4c3-45a1-a7a6-6358548bea05,A&w Lab new(Dont take order),catlg-5f49688b-1b0a-4963-9e20-90dba233b023,A&w Lab new(Dont take order) Catalog,itm-59548cb0-dd19-470a-afb7-f5f43bee1979,30pc Corn Dog Nuggets,0,modgrp-cecb37b7-c8bd-47ba-92f3-d543cafcebe7,*Pick 2 Side Sauce,modfr-2b083dd1-5a19-48d5-8c9e-83721369e8ac,Mustard Pkt,0,False,0,7,True,NULL,NULL,False,,0.2500,True,False,2025-08-22 06:57:39.012658,2025-08-22 06:57:39.012658,2026-06-21 13:00:05.236981
org-tf5i2lw1qz,Sakshi Demo,loc-f9507722-f4c3-45a1-a7a6-6358548bea05,A&w Lab new(Dont take order),catlg-5f49688b-1b0a-4963-9e20-90dba233b023,A&w Lab new(Dont take order) Catalog,itm-59548cb0-dd19-470a-afb7-f5f43bee1979,30pc Corn Dog Nuggets,0,modgrp-cecb37b7-c8bd-47ba-92f3-d543cafcebe7,*Pick 2 Side Sauce,modfr-2cd9a486-1d14-4d60-a9be-029988a0f9cf,Honey Mustard,0,False,0,7,True,NULL,NULL,False,,0.2500,True,False,2025-08-22 06:57:39.012651,2025-08-22 06:57:39.012651,2026-06-21 13:00:05.236981
org-tf5i2lw1qz,Sakshi Demo,loc-f9507722-f4c3-45a1-a7a6-6358548bea05,A&w Lab new(Dont take order),catlg-5f49688b-1b0a-4963-9e20-90dba233b023,A&w Lab new(Dont take order) Catalog,itm-59548cb0-dd19-470a-afb7-f5f43bee1979,30pc Corn Dog Nuggets,0,modgrp-cecb37b7-c8bd-47ba-92f3-d543cafcebe7,*Pick 2 Side Sauce,modfr-2d3af169-267e-4bb9-bb39-bf1bed85e1d0,No Sauce,0,False,0,7,True,NULL,NULL,False,,NULL,True,False,2025-08-22 06:57:39.012655,2025-08-22 06:57:39.012655,2026-06-21 13:00:05.236981
org-tf5i2lw1qz,Sakshi Demo,loc-f9507722-f4c3-45a1-a7a6-6358548bea05,A&w Lab new(Dont take order),catlg-5f49688b-1b0a-4963-9e20-90dba233b023,A&w Lab new(Dont take order) Catalog,itm-59548cb0-dd19-470a-afb7-f5f43bee1979,30pc Corn Dog Nuggets,0,modgrp-cecb37b7-c8bd-47ba-92f3-d543cafcebe7,*Pick 2 Side Sauce,modfr-2e44d443-ac25-4153-8f8a-eaa012030aa6,AW Sauce,0,False,0,7,True,NULL,NULL,False,,0.2500,True,False,2025-08-22 06:57:39.01266,2025-08-22 06:57:39.01266,2026-06-21 13:00:05.236981
org-tf5i2lw1qz,Sakshi Demo,loc-f9507722-f4c3-45a1-a7a6-6358548bea05,A&w Lab new(Dont take order),catlg-5f49688b-1b0a-4963-9e20-90dba233b023,A&w Lab new(Dont take order) Catalog,itm-59548cb0-dd19-470a-afb7-f5f43bee1979,30pc Corn Dog Nuggets,0,modgrp-cecb37b7-c8bd-47ba-92f3-d543cafcebe7,*Pick 2 Side Sauce,modfr-275bcc70-d9a8-40c6-b40e-cefece6f1f99,Tartar,0,False,0,7,True,NULL,NULL,False,,0.2500,True,False,2025-08-22 06:57:39.012655,2025-08-22 06:57:39.012655,2026-06-21 12:58:50.66649
org-tf5i2lw1qz,Sakshi Demo,loc-f9507722-f4c3-45a1-a7a6-6358548bea05,A&w Lab new(Dont take order),catlg-5f49688b-1b0a-4963-9e20-90dba233b023,A&w Lab new(Dont take order) Catalog,itm-59548cb0-dd19-470a-afb7-f5f43bee1979,30pc Corn Dog Nuggets,0,modgrp-cecb37b7-c8bd-47ba-92f3-d543cafcebe7,*Pick 2 Side Sauce,modfr-276ef1cd-4cf7-4224-9fc5-f2d2d7a696f5,BBQ Sauce,0,False,0,7,True,NULL,NULL,False,,0.2500,True,False,2025-08-22 06:57:39.012649,2025-08-22 06:57:39.012649,2026-06-21 12:58:50.66649
org-tf5i2lw1qz,Sakshi Demo,loc-f9507722-f4c3-45a1-a7a6-6358548bea05,A&w Lab new(Dont take order),catlg-5f49688b-1b0a-4963-9e20-90dba233b023,A&w Lab new(Dont take order) Catalog,itm-59548cb0-dd19-470a-afb7-f5f43bee1979,30pc Corn Dog Nuggets,0,modgrp-cecb37b7-c8bd-47ba-92f3-d543cafcebe7,*Pick 2 Side Sauce,modfr-292ddb3b-7e37-409d-aee3-c24128a31eca,Marinara,0,False,0,7,True,NULL,NULL,False,,0.2500,True,False,2025-08-22 06:57:39.012656,2025-08-22 06:57:39.012656,2026-06-21 12:58:50.66649
org-tf5i2lw1qz,Sakshi Demo,loc-f9507722-f4c3-45a1-a7a6-6358548bea05,A&w Lab new(Dont take order),catlg-5f49688b-1b0a-4963-9e20-90dba233b023,A&w Lab new(Dont take order) Catalog,itm-59548cb0-dd19-470a-afb7-f5f43bee1979,30pc Corn Dog Nuggets,0,modgrp-cecb37b7-c8bd-47ba-92f3-d543cafcebe7,*Pick 2 Side Sauce,modfr-2a81febd-94dc-4471-a19b-b81d59dd2734,Spicy Papa Sauce,0,False,0,7,True,NULL,NULL,False,,0.2500,True,False,2025-08-22 06:57:39.012654,2025-08-22 06:57:39.012654,2026-06-21 12:58:50.66649
org-tf5i2lw1qz,Sakshi Demo,loc-f9507722-f4c3-45a1-a7a6-6358548bea05,A&w Lab new(Dont take order),catlg-5f49688b-1b0a-4963-9e20-90dba233b023,A&w Lab new(Dont take order) Catalog,itm-59548cb0-dd19-470a-afb7-f5f43bee1979,30pc Corn Dog Nuggets,0,modgrp-cecb37b7-c8bd-47ba-92f3-d543cafcebe7,*Pick 2 Side Sauce,modfr-2b083dd1-5a19-48d5-8c9e-83721369e8ac,Mustard Pkt,0,False,0,7,True,NULL,NULL,False,,0.2500,True,False,2025-08-22 06:57:39.012658,2025-08-22 06:57:39.012658,2026-06-21 12:58:50.66649
org-tf5i2lw1qz,Sakshi Demo,loc-f9507722-f4c3-45a1-a7a6-6358548bea05,A&w Lab new(Dont take order),catlg-5f49688b-1b0a-4963-9e20-90dba233b023,A&w Lab new(Dont take order) Catalog,itm-59548cb0-dd19-470a-afb7-f5f43bee1979,30pc Corn Dog Nuggets,0,modgrp-cecb37b7-c8bd-47ba-92f3-d543cafcebe7,*Pick 2 Side Sauce,modfr-2cd9a486-1d14-4d60-a9be-029988a0f9cf,Honey Mustard,0,False,0,7,True,NULL,NULL,False,,0.2500,True,False,2025-08-22 06:57:39.012651,2025-08-22 06:57:39.012651,2026-06-21 12:58:50.66649
org-tf5i2lw1qz,Sakshi Demo,loc-f9507722-f4c3-45a1-a7a6-6358548bea05,A&w Lab new(Dont take order),catlg-5f49688b-1b0a-4963-9e20-90dba233b023,A&w Lab new(Dont take order) Catalog,itm-59548cb0-dd19-470a-afb7-f5f43bee1979,30pc Corn Dog Nuggets,0,modgrp-cecb37b7-c8bd-47ba-92f3-d543cafcebe7,*Pick 2 Side Sauce,modfr-2d3af169-267e-4bb9-bb39-bf1bed85e1d0,No Sauce,0,False,0,7,True,NULL,NULL,False,,NULL,True,False,2025-08-22 06:57:39.012655,2025-08-22 06:57:39.012655,2026-06-21 12:58:50.66649
org-tf5i2lw1qz,Sakshi Demo,loc-f9507722-f4c3-45a1-a7a6-6358548bea05,A&w Lab new(Dont take order),catlg-5f49688b-1b0a-4963-9e20-90dba233b023,A&w Lab new(Dont take order) Catalog,itm-59548cb0-dd19-470a-afb7-f5f43bee1979,30pc Corn Dog Nuggets,0,modgrp-cecb37b7-c8bd-47ba-92f3-d543cafcebe7,*Pick 2 Side Sauce,modfr-2e44d443-ac25-4153-8f8a-eaa012030aa6,AW Sauce,0,False,0,7,True,NULL,NULL,False,,0.2500,True,False,2025-08-22 06:57:39.01266,2025-08-22 06:57:39.01266,2026-06-21 12:58:50.66649
org-tf5i2lw1qz,Sakshi Demo,loc-f9507722-f4c3-45a1-a7a6-6358548bea05,A&w Lab new(Dont take order),catlg-5f49688b-1b0a-4963-9e20-90dba233b023,A&w Lab new(Dont take order) Catalog,itm-59548cb0-dd19-470a-afb7-f5f43bee1979,30pc Corn Dog Nuggets,0,modgrp-cecb37b7-c8bd-47ba-92f3-d543cafcebe7,*Pick 2 Side Sauce,modfr-36d60814-bf93-42aa-a157-63f7ab6546cf,Ketchup,0,False,0,7,True,NULL,NULL,False,,NULL,True,False,2025-08-22 06:57:39.012652,2025-08-22 06:57:39.012652,2026-06-21 12:58:50.66649
org-tf5i2lw1qz,Sakshi Demo,loc-f9507722-f4c3-45a1-a7a6-6358548bea05,A&w Lab new(Dont take order),catlg-5f49688b-1b0a-4963-9e20-90dba233b023,A&w Lab new(Dont take order) Catalog,itm-59548cb0-dd19-470a-afb7-f5f43bee1979,30pc Corn Dog Nuggets,0,modgrp-cecb37b7-c8bd-47ba-92f3-d543cafcebe7,*Pick 2 Side Sauce,modfr-451c83fd-91fe-4d9c-8541-0b75d1b2c115,Sweet Relish ,0,False,0,7,True,NULL,NULL,False,,NULL,True,False,2025-08-22 06:57:39.012654,2025-08-22 06:57:39.012654,2026-06-21 12:58:50.66649
org-tf5i2lw1qz,Sakshi Demo,loc-f9507722-f4c3-45a1-a7a6-6358548bea05,A&w Lab new(Dont take order),catlg-5f49688b-1b0a-4963-9e20-90dba233b023,A&w Lab new(Dont take order) Catalog,itm-59548cb0-dd19-470a-afb7-f5f43bee1979,30pc Corn Dog Nuggets,0,modgrp-cecb37b7-c8bd-47ba-92f3-d543cafcebe7,*Pick 2 Side Sauce,modfr-63cdc41a-51c3-4db0-850c-adcf28442577,Papa Sauce,0,False,0,7,True,NULL,NULL,False,,0.2500,True,False,2025-08-22 06:57:39.012653,2025-08-22 06:57:39.012653,2026-06-21 12:58:50.66649
org-tf5i2lw1qz,Sakshi Demo,loc-f9507722-f4c3-45a1-a7a6-6358548bea05,A&w Lab new(Dont take order),catlg-5f49688b-1b0a-4963-9e20-90dba233b023,A&w Lab new(Dont take order) Catalog,itm-59548cb0-dd19-470a-afb7-f5f43bee1979,30pc Corn Dog Nuggets,0,modgrp-cecb37b7-c8bd-47ba-92f3-d543cafcebe7,*Pick 2 Side Sauce,modfr-69dda00b-eeb0-4cbe-b96b-2b404ef6e312,Ranch,0,False,0,7,True,NULL,NULL,False,,0.2500,True,False,2025-08-22 06:57:39.012653,2025-08-22 06:57:39.012653,2026-06-21 12:58:50.66649
org-tf5i2lw1qz,Sakshi Demo,loc-f9507722-f4c3-45a1-a7a6-6358548bea05,A&w Lab new(Dont take order),catlg-5f49688b-1b0a-4963-9e20-90dba233b023,A&w Lab new(Dont take order) Catalog,itm-59548cb0-dd19-470a-afb7-f5f43bee1979,30pc Corn Dog Nuggets,0,modgrp-cecb37b7-c8bd-47ba-92f3-d543cafcebe7,*Pick 2 Side Sauce,modfr-aa8af7cb-ebbf-4050-9632-96407604b57e,Syrup,0,False,0,7,True,NULL,NULL,False,,0.3500,True,False,2025-08-22 06:57:39.004957,2025-08-22 06:57:36.185409,2026-06-21 12:58:50.66649
org-tf5i2lw1qz,Sakshi Demo,loc-f9507722-f4c3-45a1-a7a6-6358548bea05,A&w Lab new(Dont take order),catlg-5f49688b-1b0a-4963-9e20-90dba233b023,A&w Lab new(Dont take order) Catalog,itm-59548cb0-dd19-470a-afb7-f5f43bee1979,30pc Corn Dog Nuggets,0,modgrp-cecb37b7-c8bd-47ba-92f3-d543cafcebe7,*Pick 2 Side Sauce,modfr-b20c0605-f799-4d08-a072-f7f7f4986398,Sweet Thai Chili,0,False,0,7,True,NULL,NULL,False,,0.2500,True,False,2025-08-22 06:57:39.012657,2025-08-22 06:57:39.012657,2026-06-21 12:58:50.66649
org-tf5i2lw1qz,Sakshi Demo,loc-f9507722-f4c3-45a1-a7a6-6358548bea05,A&w Lab new(Dont take order),catlg-5f49688b-1b0a-4963-9e20-90dba233b023,A&w Lab new(Dont take order) Catalog,itm-59548cb0-dd19-470a-afb7-f5f43bee1979,30pc Corn Dog Nuggets,0,modgrp-cecb37b7-c8bd-47ba-92f3-d543cafcebe7,*Pick 2 Side Sauce,modfr-b22c2ec1-c1e4-49b0-ae25-36f4758af9c7,Ketchup Pkt,0,False,0,7,True,NULL,NULL,False,,0.2500,True,False,2025-08-22 06:57:39.012658,2025-08-22 06:57:39.012658,2026-06-21 12:58:50.66649
org-tf5i2lw1qz,Sakshi Demo,loc-f9507722-f4c3-45a1-a7a6-6358548bea05,A&w Lab new(Dont take order),catlg-5f49688b-1b0a-4963-9e20-90dba233b023,A&w Lab new(Dont take order) Catalog,itm-59548cb0-dd19-470a-afb7-f5f43bee1979,30pc Corn Dog Nuggets,0,modgrp-cecb37b7-c8bd-47ba-92f3-d543cafcebe7,*Pick 2 Side Sauce,modfr-b286d49a-7dca-411a-824f-016be46ee189,Fry Sauce,0,False,0,7,True,NULL,NULL,False,,0.5000,True,False,2025-08-22 06:57:39.012658,2025-08-22 06:57:39.012658,2026-06-21 12:58:50.66649
org-tf5i2lw1qz,Sakshi Demo,loc-f9507722-f4c3-45a1-a7a6-6358548bea05,A&w Lab new(Dont take order),catlg-5f49688b-1b0a-4963-9e20-90dba233b023,A&w Lab new(Dont take order) Catalog,itm-59548cb0-dd19-470a-afb7-f5f43bee1979,30pc Corn Dog Nuggets,0,modgrp-cecb37b7-c8bd-47ba-92f3-d543cafcebe7,*Pick 2 Side Sauce,modfr-b758430e-3ccf-437f-b95a-fbac4315d3dc,Mayo Pkt,0,False,0,7,True,NULL,NULL,False,,NULL,True,False,2025-08-22 06:57:39.012656,2025-08-22 06:57:39.012656,2026-06-21 12:58:50.66649
org-tf5i2lw1qz,Sakshi Demo,loc-f9507722-f4c3-45a1-a7a6-6358548bea05,A&w Lab new(Dont take order),catlg-5f49688b-1b0a-4963-9e20-90dba233b023,A&w Lab new(Dont take order) Catalog,itm-59548cb0-dd19-470a-afb7-f5f43bee1979,30pc Corn Dog Nuggets,0,modgrp-cecb37b7-c8bd-47ba-92f3-d543cafcebe7,*Pick 2 Side Sauce,modfr-c2a93153-69be-4086-a9a3-330b1276b6e8,3 Pepper Fire Sauce,0,False,0,7,True,NULL,NULL,False,,0.2500,True,False,2025-08-22 06:57:39.01266,2025-08-22 06:57:39.01266,2026-06-21 12:58:50.66649
org-2ad9799e-2df3-4ebb-9563-8772f5638552,Rohan's Org,loc-9dd1eaea-e264-4d51-bffb-1abdc65e3fff,Upsell Testing,catlg-e77cf90f-2b34-4aa0-9eb6-642bef1ac285,Upsell Testing Catalog,itm-c4031adb-3c58-4024-8910-9cd2c6d46718,Large Sriracha Cheese Curds (Combo Upgrade Price),0,modgrp-794dfe86-a9b3-4024-a381-90c6b7601221,Chkn & Seafood Food Modifiers,modfr-82b6b3ec-94ac-4756-ad26-c447ac9f82d9,Bacon,0,False,0,99,True,NULL,NULL,False,,1.0000,True,False,2025-10-23 16:17:40.406244,2025-10-23 16:17:40.406244,2026-06-21 12:57:39.586627
org-2ad9799e-2df3-4ebb-9563-8772f5638552,Rohan's Org,loc-9dd1eaea-e264-4d51-bffb-1abdc65e3fff,Upsell Testing,catlg-e77cf90f-2b34-4aa0-9eb6-642bef1ac285,Upsell Testing Catalog,itm-c4031adb-3c58-4024-8910-9cd2c6d46718,Large Sriracha Cheese Curds (Combo Upgrade Price),0,modgrp-794dfe86-a9b3-4024-a381-90c6b7601221,Chkn & Seafood Food Modifiers,modfr-86848405-c74f-4ff1-8e28-69ea1812d9fa,American Chz,0,False,0,99,True,NULL,NULL,False,,0.5000,True,False,2025-10-23 16:17:40.406244,2025-10-23 16:17:40.406244,2026-06-21 12:57:39.586627
org-2ad9799e-2df3-4ebb-9563-8772f5638552,Rohan's Org,loc-9dd1eaea-e264-4d51-bffb-1abdc65e3fff,Upsell Testing,catlg-e77cf90f-2b34-4aa0-9eb6-642bef1ac285,Upsell Testing Catalog,itm-c4031adb-3c58-4024-8910-9cd2c6d46718,Large Sriracha Cheese Curds (Combo Upgrade Price),0,modgrp-794dfe86-a9b3-4024-a381-90c6b7601221,Chkn & Seafood Food Modifiers,modfr-9201a668-d5bc-41cf-9f8a-e3ae97f3a5e1,Relish,0,False,0,99,True,NULL,NULL,False,,NULL,True,False,2025-10-23 16:17:40.406244,2025-10-23 16:17:40.406244,2026-06-21 12:57:39.586627
org-2ad9799e-2df3-4ebb-9563-8772f5638552,Rohan's Org,loc-9dd1eaea-e264-4d51-bffb-1abdc65e3fff,Upsell Testing,catlg-e77cf90f-2b34-4aa0-9eb6-642bef1ac285,Upsell Testing Catalog,itm-c4031adb-3c58-4024-8910-9cd2c6d46718,Large Sriracha Cheese Curds (Combo Upgrade Price),0,modgrp-794dfe86-a9b3-4024-a381-90c6b7601221,Chkn & Seafood Food Modifiers,modfr-939ca2a1-c244-4d48-8b59-2d2e03a285f3,Cheese,0,False,0,99,True,NULL,NULL,False,,0.5000,True,False,2025-10-23 16:17:40.406244,2025-10-23 16:17:40.406244,2026-06-21 12:57:39.586627
org-2ad9799e-2df3-4ebb-9563-8772f5638552,Rohan's Org,loc-9dd1eaea-e264-4d51-bffb-1abdc65e3fff,Upsell Testing,catlg-e77cf90f-2b34-4aa0-9eb6-642bef1ac285,Upsell Testing Catalog,itm-c4031adb-3c58-4024-8910-9cd2c6d46718,Large Sriracha Cheese Curds (Combo Upgrade Price),0,modgrp-794dfe86-a9b3-4024-a381-90c6b7601221,Chkn & Seafood Food Modifiers,modfr-9ac481a7-2b43-4e4a-b1bf-d153299d66d3,Sweet Relish ,0,False,0,99,True,NULL,NULL,False,,NULL,True,False,2025-10-23 16:17:40.406244,2025-10-23 16:17:40.406244,2026-06-21 12:57:39.586627
org-2ad9799e-2df3-4ebb-9563-8772f5638552,Rohan's Org,loc-9dd1eaea-e264-4d51-bffb-1abdc65e3fff,Upsell Testing,catlg-e77cf90f-2b34-4aa0-9eb6-642bef1ac285,Upsell Testing Catalog,itm-c4031adb-3c58-4024-8910-9cd2c6d46718,Large Sriracha Cheese Curds (Combo Upgrade Price),0,modgrp-794dfe86-a9b3-4024-a381-90c6b7601221,Chkn & Seafood Food Modifiers,modfr-a23a330b-7bb8-425a-a98f-e153d9a39071,Fat Free Ranch,0,False,0,99,True,NULL,NULL,False,,0.3500,True,False,2025-10-23 16:17:40.406244,2025-10-23 16:17:40.406244,2026-06-21 12:57:39.586627
org-2ad9799e-2df3-4ebb-9563-8772f5638552,Rohan's Org,loc-9dd1eaea-e264-4d51-bffb-1abdc65e3fff,Upsell Testing,catlg-e77cf90f-2b34-4aa0-9eb6-642bef1ac285,Upsell Testing Catalog,itm-c4031adb-3c58-4024-8910-9cd2c6d46718,Large Sriracha Cheese Curds (Combo Upgrade Price),0,modgrp-794dfe86-a9b3-4024-a381-90c6b7601221,Chkn & Seafood Food Modifiers,modfr-a4fba93b-f205-472f-b42a-62b948cf15ef,Grilled Onions,0,False,0,99,True,NULL,NULL,False,,0.5000,True,False,2025-10-23 16:17:40.406244,2025-10-23 16:17:40.406244,2026-06-21 12:57:39.586627
org-2ad9799e-2df3-4ebb-9563-8772f5638552,Rohan's Org,loc-9dd1eaea-e264-4d51-bffb-1abdc65e3fff,Upsell Testing,catlg-e77cf90f-2b34-4aa0-9eb6-642bef1ac285,Upsell Testing Catalog,itm-c4031adb-3c58-4024-8910-9cd2c6d46718,Large Sriracha Cheese Curds (Combo Upgrade Price),0,modgrp-794dfe86-a9b3-4024-a381-90c6b7601221,Chkn & Seafood Food Modifiers,modfr-a588be61-025e-413d-a76f-c31a21b485e2,French,0,False,0,99,True,NULL,NULL,False,,0.2500,True,False,2025-10-23 16:17:40.406244,2025-10-23 16:17:40.406244,2026-06-21 12:57:39.586627
org-2ad9799e-2df3-4ebb-9563-8772f5638552,Rohan's Org,loc-9dd1eaea-e264-4d51-bffb-1abdc65e3fff,Upsell Testing,catlg-e77cf90f-2b34-4aa0-9eb6-642bef1ac285,Upsell Testing Catalog,itm-c4031adb-3c58-4024-8910-9cd2c6d46718,Large Sriracha Cheese Curds (Combo Upgrade Price),0,modgrp-794dfe86-a9b3-4024-a381-90c6b7601221,Chkn & Seafood Food Modifiers,modfr-a5a69a53-3c54-43a5-a372-0db442fc51da,No Sauce,0,False,0,99,True,NULL,NULL,False,,NULL,True,False,2025-10-23 16:17:40.406244,2025-10-23 16:17:40.406244,2026-06-21 12:57:39.586627
org-2ad9799e-2df3-4ebb-9563-8772f5638552,Rohan's Org,loc-9dd1eaea-e264-4d51-bffb-1abdc65e3fff,Upsell Testing,catlg-e77cf90f-2b34-4aa0-9eb6-642bef1ac285,Upsell Testing Catalog,itm-c4031adb-3c58-4024-8910-9cd2c6d46718,Large Sriracha Cheese Curds (Combo Upgrade Price),0,modgrp-794dfe86-a9b3-4024-a381-90c6b7601221,Chkn & Seafood Food Modifiers,modfr-a7713ede-57b8-419c-a02f-539b12606c28,Italian,0,False,0,99,True,NULL,NULL,False,,NULL,True,False,2025-10-23 16:17:40.406244,2025-10-23 16:17:40.406244,2026-06-21 12:57:39.586627
org-2ad9799e-2df3-4ebb-9563-8772f5638552,Rohan's Org,loc-9dd1eaea-e264-4d51-bffb-1abdc65e3fff,Upsell Testing,catlg-e77cf90f-2b34-4aa0-9eb6-642bef1ac285,Upsell Testing Catalog,itm-c4031adb-3c58-4024-8910-9cd2c6d46718,Large Sriracha Cheese Curds (Combo Upgrade Price),0,modgrp-794dfe86-a9b3-4024-a381-90c6b7601221,Chkn & Seafood Food Modifiers,modfr-a8b1be21-2214-4e68-bfee-6b332fa10798,Salt,0,False,0,99,True,NULL,NULL,False,,NULL,True,False,2025-10-23 16:17:40.406244,2025-10-23 16:17:40.406244,2026-06-21 12:57:39.586627
org-2ad9799e-2df3-4ebb-9563-8772f5638552,Rohan's Org,loc-9dd1eaea-e264-4d51-bffb-1abdc65e3fff,Upsell Testing,catlg-e77cf90f-2b34-4aa0-9eb6-642bef1ac285,Upsell Testing Catalog,itm-c4031adb-3c58-4024-8910-9cd2c6d46718,Large Sriracha Cheese Curds (Combo Upgrade Price),0,modgrp-794dfe86-a9b3-4024-a381-90c6b7601221,Chkn & Seafood Food Modifiers,modfr-b44082df-c316-4c95-8360-0a1954861e3c,Jalapenos,0,False,0,99,True,NULL,NULL,False,,0.5000,True,False,2025-10-23 16:17:40.406244,2025-10-23 16:17:40.406244,2026-06-21 12:57:39.586627
org-2ad9799e-2df3-4ebb-9563-8772f5638552,Rohan's Org,loc-9dd1eaea-e264-4d51-bffb-1abdc65e3fff,Upsell Testing,catlg-e77cf90f-2b34-4aa0-9eb6-642bef1ac285,Upsell Testing Catalog,itm-c4031adb-3c58-4024-8910-9cd2c6d46718,Large Sriracha Cheese Curds (Combo Upgrade Price),0,modgrp-794dfe86-a9b3-4024-a381-90c6b7601221,Chkn & Seafood Food Modifiers,modfr-b496d8f2-6ca2-4b08-b75c-4714f453ba09,Lite Ranch,0,False,0,99,True,NULL,NULL,False,,0.3500,True,False,2025-10-23 16:17:40.406244,2025-10-23 16:17:40.406244,2026-06-21 12:57:39.586627
org-2ad9799e-2df3-4ebb-9563-8772f5638552,Rohan's Org,loc-9dd1eaea-e264-4d51-bffb-1abdc65e3fff,Upsell Testing,catlg-e77cf90f-2b34-4aa0-9eb6-642bef1ac285,Upsell Testing Catalog,itm-c4031adb-3c58-4024-8910-9cd2c6d46718,Large Sriracha Cheese Curds (Combo Upgrade Price),0,modgrp-794dfe86-a9b3-4024-a381-90c6b7601221,Chkn & Seafood Food Modifiers,modfr-b49769f2-6301-41d4-8333-73e4c734ceba,Cut,0,False,0,99,True,NULL,NULL,False,,NULL,True,False,2025-10-23 16:17:40.406244,2025-10-23 16:17:40.406244,2026-06-21 12:57:39.586627
org-2ad9799e-2df3-4ebb-9563-8772f5638552,Rohan's Org,loc-9dd1eaea-e264-4d51-bffb-1abdc65e3fff,Upsell Testing,catlg-e77cf90f-2b34-4aa0-9eb6-642bef1ac285,Upsell Testing Catalog,itm-c4031adb-3c58-4024-8910-9cd2c6d46718,Large Sriracha Cheese Curds (Combo Upgrade Price),0,modgrp-794dfe86-a9b3-4024-a381-90c6b7601221,Chkn & Seafood Food Modifiers,modfr-b72a2657-6336-4911-ae2f-8baeee454ee3,AW Sauce,0,False,0,99,True,NULL,NULL,False,,0.2500,True,False,2025-10-23 16:17:40.406244,2025-10-23 16:17:40.406244,2026-06-21 12:57:39.586627
org-2ad9799e-2df3-4ebb-9563-8772f5638552,Rohan's Org,loc-9dd1eaea-e264-4d51-bffb-1abdc65e3fff,Upsell Testing,catlg-e77cf90f-2b34-4aa0-9eb6-642bef1ac285,Upsell Testing Catalog,itm-c4031adb-3c58-4024-8910-9cd2c6d46718,Large Sriracha Cheese Curds (Combo Upgrade Price),0,modgrp-794dfe86-a9b3-4024-a381-90c6b7601221,Chkn & Seafood Food Modifiers,modfr-b981632d-b297-474f-8131-6add4f39757a,3 Pepper Fire Sauce,0,False,0,99,True,NULL,NULL,False,,0.2500,True,False,2025-10-23 16:17:40.406244,2025-10-23 16:17:40.406244,2026-06-21 12:57:39.586627
org-tf5i2lw1qz,Sakshi Demo,loc-f9507722-f4c3-45a1-a7a6-6358548bea05,A&w Lab new(Dont take order),catlg-5f49688b-1b0a-4963-9e20-90dba233b023,A&w Lab new(Dont take order) Catalog,itm-6907ee0a-62a0-4ffa-a257-8cebe09332f1,Side Sampler (LG Curd),0,modgrp-49f6b8c4-7d89-420c-9c0d-bacb0d0a372d,Chkn & Seafood Food Modifiers,modfr-a9fbc7f2-c0a8-4b08-a885-2396099d20a7,Crispy,0,False,0,99,True,NULL,NULL,False,,NULL,True,False,2025-08-22 06:57:39.012657,2025-08-22 06:57:39.012657,2026-06-21 12:59:32.553003
org-tf5i2lw1qz,Sakshi Demo,loc-f9507722-f4c3-45a1-a7a6-6358548bea05,A&w Lab new(Dont take order),catlg-5f49688b-1b0a-4963-9e20-90dba233b023,A&w Lab new(Dont take order) Catalog,itm-6907ee0a-62a0-4ffa-a257-8cebe09332f1,Side Sampler (LG Curd),0,modgrp-49f6b8c4-7d89-420c-9c0d-bacb0d0a372d,Chkn & Seafood Food Modifiers,modfr-ab32817c-f837-4805-836f-7be8ddf09b83,Grilled Onions,0,False,0,99,True,NULL,NULL,False,,0.5000,True,False,2025-08-22 06:57:39.012651,2025-08-22 06:57:39.012651,2026-06-21 12:59:32.553003
org-tf5i2lw1qz,Sakshi Demo,loc-f9507722-f4c3-45a1-a7a6-6358548bea05,A&w Lab new(Dont take order),catlg-5f49688b-1b0a-4963-9e20-90dba233b023,A&w Lab new(Dont take order) Catalog,itm-6907ee0a-62a0-4ffa-a257-8cebe09332f1,Side Sampler (LG Curd),0,modgrp-49f6b8c4-7d89-420c-9c0d-bacb0d0a372d,Chkn & Seafood Food Modifiers,modfr-ae57378e-5cf5-4b7a-ac2d-5792d81252d7,Salt,0,False,0,99,True,NULL,NULL,False,,NULL,True,False,2025-08-22 06:57:39.012654,2025-08-22 06:57:39.012654,2026-06-21 12:59:32.553003
org-tf5i2lw1qz,Sakshi Demo,loc-f9507722-f4c3-45a1-a7a6-6358548bea05,A&w Lab new(Dont take order),catlg-5f49688b-1b0a-4963-9e20-90dba233b023,A&w Lab new(Dont take order) Catalog,itm-6907ee0a-62a0-4ffa-a257-8cebe09332f1,Side Sampler (LG Curd),0,modgrp-49f6b8c4-7d89-420c-9c0d-bacb0d0a372d,Chkn & Seafood Food Modifiers,modfr-b20c0605-f799-4d08-a072-f7f7f4986398,Sweet Thai Chili,0,False,0,99,True,NULL,NULL,False,,0.2500,True,False,2025-08-22 06:57:39.012657,2025-08-22 06:57:39.012657,2026-06-21 12:59:32.553003
org-tf5i2lw1qz,Sakshi Demo,loc-f9507722-f4c3-45a1-a7a6-6358548bea05,A&w Lab new(Dont take order),catlg-5f49688b-1b0a-4963-9e20-90dba233b023,A&w Lab new(Dont take order) Catalog,itm-6907ee0a-62a0-4ffa-a257-8cebe09332f1,Side Sampler (LG Curd),0,modgrp-49f6b8c4-7d89-420c-9c0d-bacb0d0a372d,Chkn & Seafood Food Modifiers,modfr-b286d49a-7dca-411a-824f-016be46ee189,Fry Sauce,0,False,0,99,True,NULL,NULL,False,,0.5000,True,False,2025-08-22 06:57:39.012658,2025-08-22 06:57:39.012658,2026-06-21 12:59:32.553003
org-tf5i2lw1qz,Sakshi Demo,loc-f9507722-f4c3-45a1-a7a6-6358548bea05,A&w Lab new(Dont take order),catlg-5f49688b-1b0a-4963-9e20-90dba233b023,A&w Lab new(Dont take order) Catalog,itm-6907ee0a-62a0-4ffa-a257-8cebe09332f1,Side Sampler (LG Curd),0,modgrp-49f6b8c4-7d89-420c-9c0d-bacb0d0a372d,Chkn & Seafood Food Modifiers,modfr-b3b90b5d-dca0-4d7f-8d36-a4912ea1dd6f,Plain,0,False,0,99,True,NULL,NULL,False,,NULL,True,False,2025-08-22 06:57:39.012645,2025-08-22 06:57:39.012645,2026-06-21 12:59:32.553003
org-tf5i2lw1qz,Sakshi Demo,loc-f9507722-f4c3-45a1-a7a6-6358548bea05,A&w Lab new(Dont take order),catlg-5f49688b-1b0a-4963-9e20-90dba233b023,A&w Lab new(Dont take order) Catalog,itm-6907ee0a-62a0-4ffa-a257-8cebe09332f1,Side Sampler (LG Curd),0,modgrp-49f6b8c4-7d89-420c-9c0d-bacb0d0a372d,Chkn & Seafood Food Modifiers,modfr-b46d34e1-792d-4ef3-bd3b-707f99be7fe6,Hot Sauce,0,False,0,99,True,NULL,NULL,False,,0.2500,True,False,2025-08-22 06:57:39.012682,2025-08-22 06:57:39.012682,2026-06-21 12:59:32.553003
org-tf5i2lw1qz,Sakshi Demo,loc-f9507722-f4c3-45a1-a7a6-6358548bea05,A&w Lab new(Dont take order),catlg-5f49688b-1b0a-4963-9e20-90dba233b023,A&w Lab new(Dont take order) Catalog,itm-6907ee0a-62a0-4ffa-a257-8cebe09332f1,Side Sampler (LG Curd),0,modgrp-49f6b8c4-7d89-420c-9c0d-bacb0d0a372d,Chkn & Seafood Food Modifiers,modfr-b5669eac-1683-40bf-bc53-6ebec4b8daf9,**Peanut Allergy**,0,False,0,99,True,NULL,NULL,False,,NULL,True,False,2025-08-22 06:57:39.012643,2025-08-22 06:57:39.012643,2026-06-21 12:59:32.553003
org-tf5i2lw1qz,Sakshi Demo,loc-f9507722-f4c3-45a1-a7a6-6358548bea05,A&w Lab new(Dont take order),catlg-5f49688b-1b0a-4963-9e20-90dba233b023,A&w Lab new(Dont take order) Catalog,itm-6907ee0a-62a0-4ffa-a257-8cebe09332f1,Side Sampler (LG Curd),0,modgrp-49f6b8c4-7d89-420c-9c0d-bacb0d0a372d,Chkn & Seafood Food Modifiers,modfr-b8f629cb-ba8f-4107-9aab-a17fb40b7bbe,Fat Free Italian,0,False,0,99,True,NULL,NULL,False,,0.3500,True,False,2025-08-22 06:57:39.012684,2025-08-22 06:57:39.012684,2026-06-21 12:59:32.553003
org-tf5i2lw1qz,Sakshi Demo,loc-f9507722-f4c3-45a1-a7a6-6358548bea05,A&w Lab new(Dont take order),catlg-5f49688b-1b0a-4963-9e20-90dba233b023,A&w Lab new(Dont take order) Catalog,itm-6907ee0a-62a0-4ffa-a257-8cebe09332f1,Side Sampler (LG Curd),0,modgrp-49f6b8c4-7d89-420c-9c0d-bacb0d0a372d,Chkn & Seafood Food Modifiers,modfr-c2a93153-69be-4086-a9a3-330b1276b6e8,3 Pepper Fire Sauce,0,False,0,99,True,NULL,NULL,False,,0.2500,True,False,2025-08-22 06:57:39.01266,2025-08-22 06:57:39.01266,2026-06-21 12:59:32.553003
org-tf5i2lw1qz,Sakshi Demo,loc-f9507722-f4c3-45a1-a7a6-6358548bea05,A&w Lab new(Dont take order),catlg-5f49688b-1b0a-4963-9e20-90dba233b023,A&w Lab new(Dont take order) Catalog,itm-6907ee0a-62a0-4ffa-a257-8cebe09332f1,Side Sampler (LG Curd),0,modgrp-49f6b8c4-7d89-420c-9c0d-bacb0d0a372d,Chkn & Seafood Food Modifiers,modfr-c88c7b28-fe0d-4f98-a956-f8a4dc9aa853,Blue Cheese,0,False,0,99,True,NULL,NULL,False,,NULL,True,False,2025-08-22 06:57:39.012683,2025-08-22 06:57:39.012683,2026-06-21 12:59:32.553003
org-tf5i2lw1qz,Sakshi Demo,loc-f9507722-f4c3-45a1-a7a6-6358548bea05,A&w Lab new(Dont take order),catlg-5f49688b-1b0a-4963-9e20-90dba233b023,A&w Lab new(Dont take order) Catalog,itm-6907ee0a-62a0-4ffa-a257-8cebe09332f1,Side Sampler (LG Curd),0,modgrp-49f6b8c4-7d89-420c-9c0d-bacb0d0a372d,Chkn & Seafood Food Modifiers,modfr-cb5581a2-b334-4496-b1a3-97e1cc2e7e12,Salad Dressing,0,False,0,99,True,NULL,NULL,False,,NULL,True,False,2025-08-22 06:57:39.012653,2025-08-22 06:57:39.012653,2026-06-21 12:59:32.553003
org-tf5i2lw1qz,Sakshi Demo,loc-f9507722-f4c3-45a1-a7a6-6358548bea05,A&w Lab new(Dont take order),catlg-5f49688b-1b0a-4963-9e20-90dba233b023,A&w Lab new(Dont take order) Catalog,itm-6907ee0a-62a0-4ffa-a257-8cebe09332f1,Side Sampler (LG Curd),0,modgrp-49f6b8c4-7d89-420c-9c0d-bacb0d0a372d,Chkn & Seafood Food Modifiers,modfr-d623fa49-7924-491d-b2b5-c28ee40c82b4,Swiss Cheese,0,False,0,99,True,NULL,NULL,False,,0.5000,True,False,2025-08-22 06:57:39.012654,2025-08-22 06:57:39.012654,2026-06-21 12:59:32.553003
org-tf5i2lw1qz,Sakshi Demo,loc-f9507722-f4c3-45a1-a7a6-6358548bea05,A&w Lab new(Dont take order),catlg-5f49688b-1b0a-4963-9e20-90dba233b023,A&w Lab new(Dont take order) Catalog,itm-6907ee0a-62a0-4ffa-a257-8cebe09332f1,Side Sampler (LG Curd),0,modgrp-49f6b8c4-7d89-420c-9c0d-bacb0d0a372d,Chkn & Seafood Food Modifiers,modfr-d718469d-2b34-4725-8067-e43f02e2fdad,Bacon,0,False,0,99,True,NULL,NULL,False,,1.0000,True,False,2025-08-22 06:57:39.012649,2025-08-22 06:57:39.012649,2026-06-21 12:59:32.553003
org-tf5i2lw1qz,Sakshi Demo,loc-f9507722-f4c3-45a1-a7a6-6358548bea05,A&w Lab new(Dont take order),catlg-5f49688b-1b0a-4963-9e20-90dba233b023,A&w Lab new(Dont take order) Catalog,itm-6907ee0a-62a0-4ffa-a257-8cebe09332f1,Side Sampler (LG Curd),0,modgrp-49f6b8c4-7d89-420c-9c0d-bacb0d0a372d,Chkn & Seafood Food Modifiers,modfr-d88041f9-10d3-4a55-a6dc-3adc14488946,American Chz,0,False,0,99,True,NULL,0,False,1 cal,0.5000,True,False,2025-08-22 06:57:39.012648,2025-08-22 06:57:39.012648,2026-06-21 12:59:32.553003
org-tf5i2lw1qz,Sakshi Demo,loc-f9507722-f4c3-45a1-a7a6-6358548bea05,A&w Lab new(Dont take order),catlg-5f49688b-1b0a-4963-9e20-90dba233b023,A&w Lab new(Dont take order) Catalog,itm-6907ee0a-62a0-4ffa-a257-8cebe09332f1,Side Sampler (LG Curd),0,modgrp-49f6b8c4-7d89-420c-9c0d-bacb0d0a372d,Chkn & Seafood Food Modifiers,modfr-dd6d1f38-19d2-4155-8311-a94dcf8ee31e,Mustard,0,False,0,99,True,NULL,NULL,False,,NULL,True,False,2025-08-22 06:57:39.012652,2025-08-22 06:57:39.012652,2026-06-21 12:59:32.553003
org-tf5i2lw1qz,Sakshi Demo,loc-f9507722-f4c3-45a1-a7a6-6358548bea05,A&w Lab new(Dont take order),catlg-5f49688b-1b0a-4963-9e20-90dba233b023,A&w Lab new(Dont take order) Catalog,itm-6907ee0a-62a0-4ffa-a257-8cebe09332f1,Side Sampler (LG Curd),0,modgrp-49f6b8c4-7d89-420c-9c0d-bacb0d0a372d,Chkn & Seafood Food Modifiers,modfr-ddec8a33-674e-41fb-8a19-39d169a176fb,Buffalo Sauce,0,False,0,99,True,NULL,NULL,False,,0.2500,True,False,2025-08-22 06:57:39.012656,2025-08-22 06:57:39.012656,2026-06-21 12:59:32.553003
org-2ad9799e-2df3-4ebb-9563-8772f5638552,Rohan's Org,loc-9dd1eaea-e264-4d51-bffb-1abdc65e3fff,Upsell Testing,catlg-e77cf90f-2b34-4aa0-9eb6-642bef1ac285,Upsell Testing Catalog,itm-c4031adb-3c58-4024-8910-9cd2c6d46718,Large Sriracha Cheese Curds (Combo Upgrade Price),0,modgrp-794dfe86-a9b3-4024-a381-90c6b7601221,Chkn & Seafood Food Modifiers,modfr-cf388f28-b554-486c-883d-44b53cd7a153,Coney Sauce,0,False,0,99,True,NULL,NULL,False,,0.5000,True,False,2025-10-23 16:17:40.406244,2025-10-23 16:17:40.406244,2026-06-21 12:57:39.586627
org-2ad9799e-2df3-4ebb-9563-8772f5638552,Rohan's Org,loc-9dd1eaea-e264-4d51-bffb-1abdc65e3fff,Upsell Testing,catlg-e77cf90f-2b34-4aa0-9eb6-642bef1ac285,Upsell Testing Catalog,itm-c4031adb-3c58-4024-8910-9cd2c6d46718,Large Sriracha Cheese Curds (Combo Upgrade Price),0,modgrp-794dfe86-a9b3-4024-a381-90c6b7601221,Chkn & Seafood Food Modifiers,modfr-e5515ea2-afe4-4526-bb77-5dfa7987cded,**Allergy Alert***,0,False,0,99,True,NULL,NULL,False,,NULL,True,False,2025-10-23 16:17:40.406244,2025-10-23 16:17:40.406244,2026-06-21 12:57:39.586627
org-2ad9799e-2df3-4ebb-9563-8772f5638552,Rohan's Org,loc-9dd1eaea-e264-4d51-bffb-1abdc65e3fff,Upsell Testing,catlg-e77cf90f-2b34-4aa0-9eb6-642bef1ac285,Upsell Testing Catalog,itm-c4031adb-3c58-4024-8910-9cd2c6d46718,Large Sriracha Cheese Curds (Combo Upgrade Price),0,modgrp-794dfe86-a9b3-4024-a381-90c6b7601221,Chkn & Seafood Food Modifiers,modfr-e6834cd7-cc7c-4ecc-a759-b42ce3c86bd5,Mustard,0,False,0,99,True,NULL,NULL,False,,NULL,True,False,2025-10-23 16:17:40.406244,2025-10-23 16:17:40.406244,2026-06-21 12:57:39.586627
org-2ad9799e-2df3-4ebb-9563-8772f5638552,Rohan's Org,loc-9dd1eaea-e264-4d51-bffb-1abdc65e3fff,Upsell Testing,catlg-e77cf90f-2b34-4aa0-9eb6-642bef1ac285,Upsell Testing Catalog,itm-c4031adb-3c58-4024-8910-9cd2c6d46718,Large Sriracha Cheese Curds (Combo Upgrade Price),0,modgrp-794dfe86-a9b3-4024-a381-90c6b7601221,Chkn & Seafood Food Modifiers,modfr-e9bad9d3-c400-4afc-9c22-8bc0a7d4e760,Sweet & Sour,0,False,0,99,True,NULL,NULL,False,,0.3500,True,False,2025-10-23 16:17:40.406244,2025-10-23 16:17:40.406244,2026-06-21 12:57:39.586627
org-2ad9799e-2df3-4ebb-9563-8772f5638552,Rohan's Org,loc-9dd1eaea-e264-4d51-bffb-1abdc65e3fff,Upsell Testing,catlg-e77cf90f-2b34-4aa0-9eb6-642bef1ac285,Upsell Testing Catalog,itm-c4031adb-3c58-4024-8910-9cd2c6d46718,Large Sriracha Cheese Curds (Combo Upgrade Price),0,modgrp-794dfe86-a9b3-4024-a381-90c6b7601221,Chkn & Seafood Food Modifiers,modfr-f4eebc7b-3321-4339-a5f9-042f454645f6,Lemon,0,False,0,99,True,NULL,NULL,False,,NULL,True,False,2025-10-23 16:17:40.406244,2025-10-23 16:17:40.406244,2026-06-21 12:57:39.586627
org-2ad9799e-2df3-4ebb-9563-8772f5638552,Rohan's Org,loc-9dd1eaea-e264-4d51-bffb-1abdc65e3fff,Upsell Testing,catlg-e77cf90f-2b34-4aa0-9eb6-642bef1ac285,Upsell Testing Catalog,itm-c4031adb-3c58-4024-8910-9cd2c6d46718,Large Sriracha Cheese Curds (Combo Upgrade Price),0,modgrp-ce8894d8-6019-475c-b6ef-992e4283db2c,Sauce,modfr-0116a279-a1e3-4058-b254-6d9f5d5b657a,Fry Sauce,0,False,0,8,True,NULL,NULL,False,,0.5000,True,False,2025-10-23 16:17:40.406244,2025-10-23 16:17:40.406244,2026-06-21 12:57:39.586627
org-2ad9799e-2df3-4ebb-9563-8772f5638552,Rohan's Org,loc-9dd1eaea-e264-4d51-bffb-1abdc65e3fff,Upsell Testing,catlg-e77cf90f-2b34-4aa0-9eb6-642bef1ac285,Upsell Testing Catalog,itm-c4031adb-3c58-4024-8910-9cd2c6d46718,Large Sriracha Cheese Curds (Combo Upgrade Price),0,modgrp-ce8894d8-6019-475c-b6ef-992e4283db2c,Sauce,modfr-1a1da687-1152-40e9-9c6e-0588a3f85ecd,Sweet Thai Chili,0,False,0,8,True,NULL,NULL,False,,0.2500,True,False,2025-10-23 16:17:40.406244,2025-10-23 16:17:40.406244,2026-06-21 12:57:39.586627
org-2ad9799e-2df3-4ebb-9563-8772f5638552,Rohan's Org,loc-9dd1eaea-e264-4d51-bffb-1abdc65e3fff,Upsell Testing,catlg-e77cf90f-2b34-4aa0-9eb6-642bef1ac285,Upsell Testing Catalog,itm-c4031adb-3c58-4024-8910-9cd2c6d46718,Large Sriracha Cheese Curds (Combo Upgrade Price),0,modgrp-ce8894d8-6019-475c-b6ef-992e4283db2c,Sauce,modfr-32c220c5-fb9e-4ddd-a9dd-ccef8af65e93,Buffalo Sauce,0,False,0,8,True,NULL,NULL,False,,0.2500,True,False,2025-10-23 16:17:40.406244,2025-10-23 16:17:40.406244,2026-06-21 12:57:39.586627
org-2ad9799e-2df3-4ebb-9563-8772f5638552,Rohan's Org,loc-9dd1eaea-e264-4d51-bffb-1abdc65e3fff,Upsell Testing,catlg-e77cf90f-2b34-4aa0-9eb6-642bef1ac285,Upsell Testing Catalog,itm-c4031adb-3c58-4024-8910-9cd2c6d46718,Large Sriracha Cheese Curds (Combo Upgrade Price),0,modgrp-ce8894d8-6019-475c-b6ef-992e4283db2c,Sauce,modfr-4808dcd6-ceae-4003-8625-44bb8b40d7bb,Ketchup,0,False,0,8,True,NULL,NULL,False,,NULL,True,False,2025-10-23 16:17:40.406244,2025-10-23 16:17:40.406244,2026-06-21 12:57:39.586627
org-2ad9799e-2df3-4ebb-9563-8772f5638552,Rohan's Org,loc-9dd1eaea-e264-4d51-bffb-1abdc65e3fff,Upsell Testing,catlg-e77cf90f-2b34-4aa0-9eb6-642bef1ac285,Upsell Testing Catalog,itm-c4031adb-3c58-4024-8910-9cd2c6d46718,Large Sriracha Cheese Curds (Combo Upgrade Price),0,modgrp-ce8894d8-6019-475c-b6ef-992e4283db2c,Sauce,modfr-48801d22-ad7b-41ee-93a6-f7fa6c6b224e,Mayo Pkt,0,False,0,8,True,NULL,NULL,False,,NULL,True,False,2025-10-23 16:17:40.406244,2025-10-23 16:17:40.406244,2026-06-21 12:57:39.586627
org-2ad9799e-2df3-4ebb-9563-8772f5638552,Rohan's Org,loc-9dd1eaea-e264-4d51-bffb-1abdc65e3fff,Upsell Testing,catlg-e77cf90f-2b34-4aa0-9eb6-642bef1ac285,Upsell Testing Catalog,itm-c4031adb-3c58-4024-8910-9cd2c6d46718,Large Sriracha Cheese Curds (Combo Upgrade Price),0,modgrp-ce8894d8-6019-475c-b6ef-992e4283db2c,Sauce,modfr-529b6e19-e433-4788-bfee-ff26924041a1,Papa Sauce,0,False,0,8,True,NULL,NULL,False,,0.3500,True,False,2025-10-23 16:17:40.406244,2025-10-23 16:17:40.406244,2026-06-21 12:57:39.586627
org-2ad9799e-2df3-4ebb-9563-8772f5638552,Rohan's Org,loc-9dd1eaea-e264-4d51-bffb-1abdc65e3fff,Upsell Testing,catlg-e77cf90f-2b34-4aa0-9eb6-642bef1ac285,Upsell Testing Catalog,itm-c4031adb-3c58-4024-8910-9cd2c6d46718,Large Sriracha Cheese Curds (Combo Upgrade Price),0,modgrp-ce8894d8-6019-475c-b6ef-992e4283db2c,Sauce,modfr-58a7adb8-f3e2-4746-811c-744ab3db8595,Sweet & Sour Sauce,0,False,0,8,True,NULL,NULL,False,,0.5000,True,False,2025-10-23 16:17:40.406244,2025-10-23 16:17:40.406244,2026-06-21 12:57:39.586627
org-2ad9799e-2df3-4ebb-9563-8772f5638552,Rohan's Org,loc-9dd1eaea-e264-4d51-bffb-1abdc65e3fff,Upsell Testing,catlg-e77cf90f-2b34-4aa0-9eb6-642bef1ac285,Upsell Testing Catalog,itm-c4031adb-3c58-4024-8910-9cd2c6d46718,Large Sriracha Cheese Curds (Combo Upgrade Price),0,modgrp-ce8894d8-6019-475c-b6ef-992e4283db2c,Sauce,modfr-58aaa2e4-49f4-4732-b1a0-b512589b1ed2,Mustard Pkt,0,False,0,8,True,NULL,NULL,False,,0.2500,True,False,2025-10-23 16:17:40.406244,2025-10-23 16:17:40.406244,2026-06-21 12:57:39.586627
org-2ad9799e-2df3-4ebb-9563-8772f5638552,Rohan's Org,loc-9dd1eaea-e264-4d51-bffb-1abdc65e3fff,Upsell Testing,catlg-e77cf90f-2b34-4aa0-9eb6-642bef1ac285,Upsell Testing Catalog,itm-c4031adb-3c58-4024-8910-9cd2c6d46718,Large Sriracha Cheese Curds (Combo Upgrade Price),0,modgrp-ce8894d8-6019-475c-b6ef-992e4283db2c,Sauce,modfr-63c3fc8d-6460-4022-be70-18dcf037160e,Tartar,0,False,0,8,True,NULL,NULL,False,,0.2500,True,False,2025-10-23 16:17:40.406244,2025-10-23 16:17:40.406244,2026-06-21 12:57:39.586627
org-2ad9799e-2df3-4ebb-9563-8772f5638552,Rohan's Org,loc-9dd1eaea-e264-4d51-bffb-1abdc65e3fff,Upsell Testing,catlg-e77cf90f-2b34-4aa0-9eb6-642bef1ac285,Upsell Testing Catalog,itm-c4031adb-3c58-4024-8910-9cd2c6d46718,Large Sriracha Cheese Curds (Combo Upgrade Price),0,modgrp-ce8894d8-6019-475c-b6ef-992e4283db2c,Sauce,modfr-6dea59f7-fe9d-44a6-b53a-cd9e43378a5f,Syrup,0,False,0,8,True,NULL,NULL,False,,0.3500,True,False,2025-10-23 16:17:40.406244,2025-10-23 16:17:40.406244,2026-06-21 12:57:39.586627
org-2ad9799e-2df3-4ebb-9563-8772f5638552,Rohan's Org,loc-9dd1eaea-e264-4d51-bffb-1abdc65e3fff,Upsell Testing,catlg-e77cf90f-2b34-4aa0-9eb6-642bef1ac285,Upsell Testing Catalog,itm-c4031adb-3c58-4024-8910-9cd2c6d46718,Large Sriracha Cheese Curds (Combo Upgrade Price),0,modgrp-ce8894d8-6019-475c-b6ef-992e4283db2c,Sauce,modfr-762e388f-9574-429f-b5fa-4fdbe7227eb2,Ranch,0,False,0,8,True,NULL,NULL,False,,0.3500,True,False,2025-10-23 16:17:40.406244,2025-10-23 16:17:40.406244,2026-06-21 12:57:39.586627
org-2ad9799e-2df3-4ebb-9563-8772f5638552,Rohan's Org,loc-9dd1eaea-e264-4d51-bffb-1abdc65e3fff,Upsell Testing,catlg-e77cf90f-2b34-4aa0-9eb6-642bef1ac285,Upsell Testing Catalog,itm-c4031adb-3c58-4024-8910-9cd2c6d46718,Large Sriracha Cheese Curds (Combo Upgrade Price),0,modgrp-ce8894d8-6019-475c-b6ef-992e4283db2c,Sauce,modfr-88d9605e-addd-4d3b-b8c8-54993fe8a569,Ketchup Pkt,0,False,0,8,True,NULL,NULL,False,,NULL,True,False,2025-10-23 16:17:40.406244,2025-10-23 16:17:40.406244,2026-06-21 12:57:39.586627
org-tf5i2lw1qz,Sakshi Demo,loc-f9507722-f4c3-45a1-a7a6-6358548bea05,A&w Lab new(Dont take order),catlg-5f49688b-1b0a-4963-9e20-90dba233b023,A&w Lab new(Dont take order) Catalog,itm-59548cb0-dd19-470a-afb7-f5f43bee1979,30pc Corn Dog Nuggets,0,modgrp-49f6b8c4-7d89-420c-9c0d-bacb0d0a372d,Chkn & Seafood Food Modifiers,modfr-f4e44609-ef74-49a2-a815-27940d966313,Relish,0,False,0,99,True,NULL,NULL,False,,NULL,True,False,2025-08-22 06:57:39.012656,2025-08-22 06:57:39.012656,2026-06-21 12:59:47.419368
org-tf5i2lw1qz,Sakshi Demo,loc-f9507722-f4c3-45a1-a7a6-6358548bea05,A&w Lab new(Dont take order),catlg-5f49688b-1b0a-4963-9e20-90dba233b023,A&w Lab new(Dont take order) Catalog,itm-59548cb0-dd19-470a-afb7-f5f43bee1979,30pc Corn Dog Nuggets,0,modgrp-714a3554-6806-4a29-9e33-7ee10d1b2af6,Sauce,modfr-01116117-d2c5-4ee7-9713-392330d6350c,French,0,False,0,8,True,NULL,NULL,False,,NULL,True,False,2025-08-22 06:57:39.012681,2025-08-22 06:57:39.012681,2026-06-21 12:59:47.419368
org-tf5i2lw1qz,Sakshi Demo,loc-f9507722-f4c3-45a1-a7a6-6358548bea05,A&w Lab new(Dont take order),catlg-5f49688b-1b0a-4963-9e20-90dba233b023,A&w Lab new(Dont take order) Catalog,itm-59548cb0-dd19-470a-afb7-f5f43bee1979,30pc Corn Dog Nuggets,0,modgrp-714a3554-6806-4a29-9e33-7ee10d1b2af6,Sauce,modfr-24ddc0bc-7bc7-4863-9c34-2397f0090b41,Sweet & Sour Sauce,0,False,0,8,True,NULL,NULL,False,,0.5000,True,False,2025-08-22 06:57:39.012659,2025-08-22 06:57:39.012659,2026-06-21 12:59:47.419368
org-tf5i2lw1qz,Sakshi Demo,loc-f9507722-f4c3-45a1-a7a6-6358548bea05,A&w Lab new(Dont take order),catlg-5f49688b-1b0a-4963-9e20-90dba233b023,A&w Lab new(Dont take order) Catalog,itm-59548cb0-dd19-470a-afb7-f5f43bee1979,30pc Corn Dog Nuggets,0,modgrp-714a3554-6806-4a29-9e33-7ee10d1b2af6,Sauce,modfr-26265f60-ae51-410d-aefe-1b0458f94fc9,Chz Sauce,0,False,0,8,True,NULL,NULL,False,,0.5000,True,False,2025-08-22 06:57:39.012651,2025-08-22 06:57:39.012651,2026-06-21 12:59:47.419368
org-tf5i2lw1qz,Sakshi Demo,loc-f9507722-f4c3-45a1-a7a6-6358548bea05,A&w Lab new(Dont take order),catlg-5f49688b-1b0a-4963-9e20-90dba233b023,A&w Lab new(Dont take order) Catalog,itm-59548cb0-dd19-470a-afb7-f5f43bee1979,30pc Corn Dog Nuggets,0,modgrp-714a3554-6806-4a29-9e33-7ee10d1b2af6,Sauce,modfr-275bcc70-d9a8-40c6-b40e-cefece6f1f99,Tartar,0,False,0,8,True,NULL,NULL,False,,0.2500,True,False,2025-08-22 06:57:39.012655,2025-08-22 06:57:39.012655,2026-06-21 12:59:47.419368
org-tf5i2lw1qz,Sakshi Demo,loc-f9507722-f4c3-45a1-a7a6-6358548bea05,A&w Lab new(Dont take order),catlg-5f49688b-1b0a-4963-9e20-90dba233b023,A&w Lab new(Dont take order) Catalog,itm-59548cb0-dd19-470a-afb7-f5f43bee1979,30pc Corn Dog Nuggets,0,modgrp-714a3554-6806-4a29-9e33-7ee10d1b2af6,Sauce,modfr-276ef1cd-4cf7-4224-9fc5-f2d2d7a696f5,BBQ Sauce,0,False,0,8,True,NULL,NULL,False,,0.2500,True,False,2025-08-22 06:57:39.012649,2025-08-22 06:57:39.012649,2026-06-21 12:59:47.419368
org-tf5i2lw1qz,Sakshi Demo,loc-f9507722-f4c3-45a1-a7a6-6358548bea05,A&w Lab new(Dont take order),catlg-5f49688b-1b0a-4963-9e20-90dba233b023,A&w Lab new(Dont take order) Catalog,itm-59548cb0-dd19-470a-afb7-f5f43bee1979,30pc Corn Dog Nuggets,0,modgrp-714a3554-6806-4a29-9e33-7ee10d1b2af6,Sauce,modfr-292ddb3b-7e37-409d-aee3-c24128a31eca,Marinara,0,False,0,8,True,NULL,NULL,False,,0.2500,True,False,2025-08-22 06:57:39.012656,2025-08-22 06:57:39.012656,2026-06-21 12:59:47.419368
org-tf5i2lw1qz,Sakshi Demo,loc-f9507722-f4c3-45a1-a7a6-6358548bea05,A&w Lab new(Dont take order),catlg-5f49688b-1b0a-4963-9e20-90dba233b023,A&w Lab new(Dont take order) Catalog,itm-59548cb0-dd19-470a-afb7-f5f43bee1979,30pc Corn Dog Nuggets,0,modgrp-714a3554-6806-4a29-9e33-7ee10d1b2af6,Sauce,modfr-2a81febd-94dc-4471-a19b-b81d59dd2734,Spicy Papa Sauce,0,False,0,8,True,NULL,NULL,False,,0.2500,True,False,2025-08-22 06:57:39.012654,2025-08-22 06:57:39.012654,2026-06-21 12:59:47.419368
org-tf5i2lw1qz,Sakshi Demo,loc-f9507722-f4c3-45a1-a7a6-6358548bea05,A&w Lab new(Dont take order),catlg-5f49688b-1b0a-4963-9e20-90dba233b023,A&w Lab new(Dont take order) Catalog,itm-59548cb0-dd19-470a-afb7-f5f43bee1979,30pc Corn Dog Nuggets,0,modgrp-714a3554-6806-4a29-9e33-7ee10d1b2af6,Sauce,modfr-2b083dd1-5a19-48d5-8c9e-83721369e8ac,Mustard Pkt,0,False,0,8,True,NULL,NULL,False,,0.2500,True,False,2025-08-22 06:57:39.012658,2025-08-22 06:57:39.012658,2026-06-21 12:59:47.419368
org-tf5i2lw1qz,Sakshi Demo,loc-f9507722-f4c3-45a1-a7a6-6358548bea05,A&w Lab new(Dont take order),catlg-5f49688b-1b0a-4963-9e20-90dba233b023,A&w Lab new(Dont take order) Catalog,itm-59548cb0-dd19-470a-afb7-f5f43bee1979,30pc Corn Dog Nuggets,0,modgrp-714a3554-6806-4a29-9e33-7ee10d1b2af6,Sauce,modfr-2cd9a486-1d14-4d60-a9be-029988a0f9cf,Honey Mustard,0,False,0,8,True,NULL,NULL,False,,0.2500,True,False,2025-08-22 06:57:39.012651,2025-08-22 06:57:39.012651,2026-06-21 12:59:47.419368
org-tf5i2lw1qz,Sakshi Demo,loc-f9507722-f4c3-45a1-a7a6-6358548bea05,A&w Lab new(Dont take order),catlg-5f49688b-1b0a-4963-9e20-90dba233b023,A&w Lab new(Dont take order) Catalog,itm-59548cb0-dd19-470a-afb7-f5f43bee1979,30pc Corn Dog Nuggets,0,modgrp-714a3554-6806-4a29-9e33-7ee10d1b2af6,Sauce,modfr-2d3af169-267e-4bb9-bb39-bf1bed85e1d0,No Sauce,0,False,0,8,True,NULL,NULL,False,,NULL,True,False,2025-08-22 06:57:39.012655,2025-08-22 06:57:39.012655,2026-06-21 12:59:47.419368
org-tf5i2lw1qz,Sakshi Demo,loc-f9507722-f4c3-45a1-a7a6-6358548bea05,A&w Lab new(Dont take order),catlg-5f49688b-1b0a-4963-9e20-90dba233b023,A&w Lab new(Dont take order) Catalog,itm-59548cb0-dd19-470a-afb7-f5f43bee1979,30pc Corn Dog Nuggets,0,modgrp-714a3554-6806-4a29-9e33-7ee10d1b2af6,Sauce,modfr-2e44d443-ac25-4153-8f8a-eaa012030aa6,AW Sauce,0,False,0,8,True,NULL,NULL,False,,0.2500,True,False,2025-08-22 06:57:39.01266,2025-08-22 06:57:39.01266,2026-06-21 12:59:47.419368
org-tf5i2lw1qz,Sakshi Demo,loc-f9507722-f4c3-45a1-a7a6-6358548bea05,A&w Lab new(Dont take order),catlg-5f49688b-1b0a-4963-9e20-90dba233b023,A&w Lab new(Dont take order) Catalog,itm-59548cb0-dd19-470a-afb7-f5f43bee1979,30pc Corn Dog Nuggets,0,modgrp-714a3554-6806-4a29-9e33-7ee10d1b2af6,Sauce,modfr-36d60814-bf93-42aa-a157-63f7ab6546cf,Ketchup,0,False,0,8,True,NULL,NULL,False,,NULL,True,False,2025-08-22 06:57:39.012652,2025-08-22 06:57:39.012652,2026-06-21 12:59:47.419368
org-tf5i2lw1qz,Sakshi Demo,loc-f9507722-f4c3-45a1-a7a6-6358548bea05,A&w Lab new(Dont take order),catlg-5f49688b-1b0a-4963-9e20-90dba233b023,A&w Lab new(Dont take order) Catalog,itm-59548cb0-dd19-470a-afb7-f5f43bee1979,30pc Corn Dog Nuggets,0,modgrp-714a3554-6806-4a29-9e33-7ee10d1b2af6,Sauce,modfr-451c83fd-91fe-4d9c-8541-0b75d1b2c115,Sweet Relish ,0,False,0,8,True,NULL,NULL,False,,NULL,True,False,2025-08-22 06:57:39.012654,2025-08-22 06:57:39.012654,2026-06-21 12:59:47.419368
org-tf5i2lw1qz,Sakshi Demo,loc-f9507722-f4c3-45a1-a7a6-6358548bea05,A&w Lab new(Dont take order),catlg-5f49688b-1b0a-4963-9e20-90dba233b023,A&w Lab new(Dont take order) Catalog,itm-59548cb0-dd19-470a-afb7-f5f43bee1979,30pc Corn Dog Nuggets,0,modgrp-714a3554-6806-4a29-9e33-7ee10d1b2af6,Sauce,modfr-63cdc41a-51c3-4db0-850c-adcf28442577,Papa Sauce,0,False,0,8,True,NULL,NULL,False,,0.2500,True,False,2025-08-22 06:57:39.012653,2025-08-22 06:57:39.012653,2026-06-21 12:59:47.419368
org-tf5i2lw1qz,Sakshi Demo,loc-f9507722-f4c3-45a1-a7a6-6358548bea05,A&w Lab new(Dont take order),catlg-5f49688b-1b0a-4963-9e20-90dba233b023,A&w Lab new(Dont take order) Catalog,itm-59548cb0-dd19-470a-afb7-f5f43bee1979,30pc Corn Dog Nuggets,0,modgrp-714a3554-6806-4a29-9e33-7ee10d1b2af6,Sauce,modfr-69dda00b-eeb0-4cbe-b96b-2b404ef6e312,Ranch,0,False,0,8,True,NULL,NULL,False,,0.2500,True,False,2025-08-22 06:57:39.012653,2025-08-22 06:57:39.012653,2026-06-21 12:59:47.419368
org-tf5i2lw1qz,Sakshi Demo,loc-f9507722-f4c3-45a1-a7a6-6358548bea05,A&w Lab new(Dont take order),catlg-5f49688b-1b0a-4963-9e20-90dba233b023,A&w Lab new(Dont take order) Catalog,itm-59548cb0-dd19-470a-afb7-f5f43bee1979,30pc Corn Dog Nuggets,0,modgrp-714a3554-6806-4a29-9e33-7ee10d1b2af6,Sauce,modfr-b20c0605-f799-4d08-a072-f7f7f4986398,Sweet Thai Chili,0,False,0,8,True,NULL,NULL,False,,0.2500,True,False,2025-08-22 06:57:39.012657,2025-08-22 06:57:39.012657,2026-06-21 12:59:47.419368
org-tf5i2lw1qz,Sakshi Demo,loc-f9507722-f4c3-45a1-a7a6-6358548bea05,A&w Lab new(Dont take order),catlg-5f49688b-1b0a-4963-9e20-90dba233b023,A&w Lab new(Dont take order) Catalog,itm-59548cb0-dd19-470a-afb7-f5f43bee1979,30pc Corn Dog Nuggets,0,modgrp-714a3554-6806-4a29-9e33-7ee10d1b2af6,Sauce,modfr-b22c2ec1-c1e4-49b0-ae25-36f4758af9c7,Ketchup Pkt,0,False,0,8,True,NULL,NULL,False,,0.2500,True,False,2025-08-22 06:57:39.012658,2025-08-22 06:57:39.012658,2026-06-21 12:59:47.419368
org-tf5i2lw1qz,Sakshi Demo,loc-f9507722-f4c3-45a1-a7a6-6358548bea05,A&w Lab new(Dont take order),catlg-5f49688b-1b0a-4963-9e20-90dba233b023,A&w Lab new(Dont take order) Catalog,itm-6907ee0a-62a0-4ffa-a257-8cebe09332f1,Side Sampler (LG Curd),0,modgrp-49f6b8c4-7d89-420c-9c0d-bacb0d0a372d,Chkn & Seafood Food Modifiers,modfr-e14b30a1-8ea8-4be3-aadc-405a05d8e1a7,Fish Sandwich,0,False,0,99,True,NULL,NULL,False,,5.9900,True,False,2025-08-22 06:57:39.012682,2025-08-22 06:57:39.012682,2026-06-21 12:59:32.553003
org-tf5i2lw1qz,Sakshi Demo,loc-f9507722-f4c3-45a1-a7a6-6358548bea05,A&w Lab new(Dont take order),catlg-5f49688b-1b0a-4963-9e20-90dba233b023,A&w Lab new(Dont take order) Catalog,itm-6907ee0a-62a0-4ffa-a257-8cebe09332f1,Side Sampler (LG Curd),0,modgrp-49f6b8c4-7d89-420c-9c0d-bacb0d0a372d,Chkn & Seafood Food Modifiers,modfr-e17f370c-e3d2-4932-988f-392c24871efd,Sweet & Sour,0,False,0,99,True,NULL,NULL,False,,NULL,True,False,2025-08-22 06:57:39.012656,2025-08-22 06:57:39.012656,2026-06-21 12:59:32.553003
org-tf5i2lw1qz,Sakshi Demo,loc-f9507722-f4c3-45a1-a7a6-6358548bea05,A&w Lab new(Dont take order),catlg-5f49688b-1b0a-4963-9e20-90dba233b023,A&w Lab new(Dont take order) Catalog,itm-6907ee0a-62a0-4ffa-a257-8cebe09332f1,Side Sampler (LG Curd),0,modgrp-49f6b8c4-7d89-420c-9c0d-bacb0d0a372d,Chkn & Seafood Food Modifiers,modfr-e9f0ed73-caff-416c-b915-9524611da21b,Lite Italian,0,False,0,99,True,NULL,NULL,False,,NULL,True,False,2025-08-22 06:57:39.012683,2025-08-22 06:57:39.012683,2026-06-21 12:59:32.553003
org-tf5i2lw1qz,Sakshi Demo,loc-f9507722-f4c3-45a1-a7a6-6358548bea05,A&w Lab new(Dont take order),catlg-5f49688b-1b0a-4963-9e20-90dba233b023,A&w Lab new(Dont take order) Catalog,itm-6907ee0a-62a0-4ffa-a257-8cebe09332f1,Side Sampler (LG Curd),0,modgrp-49f6b8c4-7d89-420c-9c0d-bacb0d0a372d,Chkn & Seafood Food Modifiers,modfr-ef7dada3-85d5-4173-bc25-17d1956e0bd6,Cut,0,False,0,99,True,NULL,NULL,False,,NULL,True,False,2025-08-22 06:57:39.012657,2025-08-22 06:57:39.012657,2026-06-21 12:59:32.553003
org-tf5i2lw1qz,Sakshi Demo,loc-f9507722-f4c3-45a1-a7a6-6358548bea05,A&w Lab new(Dont take order),catlg-5f49688b-1b0a-4963-9e20-90dba233b023,A&w Lab new(Dont take order) Catalog,itm-6907ee0a-62a0-4ffa-a257-8cebe09332f1,Side Sampler (LG Curd),0,modgrp-49f6b8c4-7d89-420c-9c0d-bacb0d0a372d,Chkn & Seafood Food Modifiers,modfr-f4138fb9-f3f4-4a64-aa63-eb3ffbe5d360,Italian,0,False,0,99,True,NULL,NULL,False,,NULL,True,False,2025-08-22 06:57:39.012682,2025-08-22 06:57:39.012682,2026-06-21 12:59:32.553003
org-tf5i2lw1qz,Sakshi Demo,loc-f9507722-f4c3-45a1-a7a6-6358548bea05,A&w Lab new(Dont take order),catlg-5f49688b-1b0a-4963-9e20-90dba233b023,A&w Lab new(Dont take order) Catalog,itm-6907ee0a-62a0-4ffa-a257-8cebe09332f1,Side Sampler (LG Curd),0,modgrp-49f6b8c4-7d89-420c-9c0d-bacb0d0a372d,Chkn & Seafood Food Modifiers,modfr-f45843a2-62e3-401e-8dcb-8854b7b39b2d,Well Done,0,False,0,99,True,NULL,NULL,False,,NULL,True,False,2025-08-22 06:57:39.01266,2025-08-22 06:57:39.01266,2026-06-21 12:59:32.553003
org-tf5i2lw1qz,Sakshi Demo,loc-f9507722-f4c3-45a1-a7a6-6358548bea05,A&w Lab new(Dont take order),catlg-5f49688b-1b0a-4963-9e20-90dba233b023,A&w Lab new(Dont take order) Catalog,itm-6907ee0a-62a0-4ffa-a257-8cebe09332f1,Side Sampler (LG Curd),0,modgrp-49f6b8c4-7d89-420c-9c0d-bacb0d0a372d,Chkn & Seafood Food Modifiers,modfr-f4e44609-ef74-49a2-a815-27940d966313,Relish,0,False,0,99,True,NULL,NULL,False,,NULL,True,False,2025-08-22 06:57:39.012656,2025-08-22 06:57:39.012656,2026-06-21 12:59:32.553003
org-tf5i2lw1qz,Sakshi Demo,loc-f9507722-f4c3-45a1-a7a6-6358548bea05,A&w Lab new(Dont take order),catlg-5f49688b-1b0a-4963-9e20-90dba233b023,A&w Lab new(Dont take order) Catalog,itm-6907ee0a-62a0-4ffa-a257-8cebe09332f1,Side Sampler (LG Curd),0,modgrp-aecb61ca-3a3e-45c5-80aa-af4875dce63e,5pc Ckn Tender Sauce,modfr-01116117-d2c5-4ee7-9713-392330d6350c,French,0,False,0,8,True,NULL,NULL,False,,NULL,True,False,2025-08-22 06:57:39.012681,2025-08-22 06:57:39.012681,2026-06-21 12:59:32.553003
org-tf5i2lw1qz,Sakshi Demo,loc-f9507722-f4c3-45a1-a7a6-6358548bea05,A&w Lab new(Dont take order),catlg-5f49688b-1b0a-4963-9e20-90dba233b023,A&w Lab new(Dont take order) Catalog,itm-6907ee0a-62a0-4ffa-a257-8cebe09332f1,Side Sampler (LG Curd),0,modgrp-aecb61ca-3a3e-45c5-80aa-af4875dce63e,5pc Ckn Tender Sauce,modfr-24ddc0bc-7bc7-4863-9c34-2397f0090b41,Sweet & Sour Sauce,0,False,0,8,True,NULL,NULL,False,,0.5000,True,False,2025-08-22 06:57:39.012659,2025-08-22 06:57:39.012659,2026-06-21 12:59:32.553003
org-tf5i2lw1qz,Sakshi Demo,loc-f9507722-f4c3-45a1-a7a6-6358548bea05,A&w Lab new(Dont take order),catlg-5f49688b-1b0a-4963-9e20-90dba233b023,A&w Lab new(Dont take order) Catalog,itm-6907ee0a-62a0-4ffa-a257-8cebe09332f1,Side Sampler (LG Curd),0,modgrp-aecb61ca-3a3e-45c5-80aa-af4875dce63e,5pc Ckn Tender Sauce,modfr-26265f60-ae51-410d-aefe-1b0458f94fc9,Chz Sauce,0,False,0,8,True,NULL,NULL,False,,0.5000,True,False,2025-08-22 06:57:39.012651,2025-08-22 06:57:39.012651,2026-06-21 12:59:32.553003
org-tf5i2lw1qz,Sakshi Demo,loc-f9507722-f4c3-45a1-a7a6-6358548bea05,A&w Lab new(Dont take order),catlg-5f49688b-1b0a-4963-9e20-90dba233b023,A&w Lab new(Dont take order) Catalog,itm-6907ee0a-62a0-4ffa-a257-8cebe09332f1,Side Sampler (LG Curd),0,modgrp-aecb61ca-3a3e-45c5-80aa-af4875dce63e,5pc Ckn Tender Sauce,modfr-275bcc70-d9a8-40c6-b40e-cefece6f1f99,Tartar,0,False,0,8,True,NULL,NULL,False,,0.2500,True,False,2025-08-22 06:57:39.012655,2025-08-22 06:57:39.012655,2026-06-21 12:59:32.553003
org-tf5i2lw1qz,Sakshi Demo,loc-f9507722-f4c3-45a1-a7a6-6358548bea05,A&w Lab new(Dont take order),catlg-5f49688b-1b0a-4963-9e20-90dba233b023,A&w Lab new(Dont take order) Catalog,itm-6907ee0a-62a0-4ffa-a257-8cebe09332f1,Side Sampler (LG Curd),0,modgrp-aecb61ca-3a3e-45c5-80aa-af4875dce63e,5pc Ckn Tender Sauce,modfr-276ef1cd-4cf7-4224-9fc5-f2d2d7a696f5,BBQ Sauce,0,False,0,8,True,NULL,NULL,False,,0.2500,True,False,2025-08-22 06:57:39.012649,2025-08-22 06:57:39.012649,2026-06-21 12:59:32.553003
org-tf5i2lw1qz,Sakshi Demo,loc-f9507722-f4c3-45a1-a7a6-6358548bea05,A&w Lab new(Dont take order),catlg-5f49688b-1b0a-4963-9e20-90dba233b023,A&w Lab new(Dont take order) Catalog,itm-6907ee0a-62a0-4ffa-a257-8cebe09332f1,Side Sampler (LG Curd),0,modgrp-aecb61ca-3a3e-45c5-80aa-af4875dce63e,5pc Ckn Tender Sauce,modfr-292ddb3b-7e37-409d-aee3-c24128a31eca,Marinara,0,False,0,8,True,NULL,NULL,False,,0.2500,True,False,2025-08-22 06:57:39.012656,2025-08-22 06:57:39.012656,2026-06-21 12:59:32.553003
org-tf5i2lw1qz,Sakshi Demo,loc-f9507722-f4c3-45a1-a7a6-6358548bea05,A&w Lab new(Dont take order),catlg-5f49688b-1b0a-4963-9e20-90dba233b023,A&w Lab new(Dont take order) Catalog,itm-6907ee0a-62a0-4ffa-a257-8cebe09332f1,Side Sampler (LG Curd),0,modgrp-aecb61ca-3a3e-45c5-80aa-af4875dce63e,5pc Ckn Tender Sauce,modfr-2a81febd-94dc-4471-a19b-b81d59dd2734,Spicy Papa Sauce,0,False,0,8,True,NULL,NULL,False,,0.2500,True,False,2025-08-22 06:57:39.012654,2025-08-22 06:57:39.012654,2026-06-21 12:59:32.553003
org-tf5i2lw1qz,Sakshi Demo,loc-f9507722-f4c3-45a1-a7a6-6358548bea05,A&w Lab new(Dont take order),catlg-5f49688b-1b0a-4963-9e20-90dba233b023,A&w Lab new(Dont take order) Catalog,itm-6907ee0a-62a0-4ffa-a257-8cebe09332f1,Side Sampler (LG Curd),0,modgrp-aecb61ca-3a3e-45c5-80aa-af4875dce63e,5pc Ckn Tender Sauce,modfr-2b083dd1-5a19-48d5-8c9e-83721369e8ac,Mustard Pkt,0,False,0,8,True,NULL,NULL,False,,0.2500,True,False,2025-08-22 06:57:39.012658,2025-08-22 06:57:39.012658,2026-06-21 12:59:32.553003
org-tf5i2lw1qz,Sakshi Demo,loc-f9507722-f4c3-45a1-a7a6-6358548bea05,A&w Lab new(Dont take order),catlg-5f49688b-1b0a-4963-9e20-90dba233b023,A&w Lab new(Dont take order) Catalog,itm-6907ee0a-62a0-4ffa-a257-8cebe09332f1,Side Sampler (LG Curd),0,modgrp-aecb61ca-3a3e-45c5-80aa-af4875dce63e,5pc Ckn Tender Sauce,modfr-2cd9a486-1d14-4d60-a9be-029988a0f9cf,Honey Mustard,0,False,0,8,True,NULL,NULL,False,,0.2500,True,False,2025-08-22 06:57:39.012651,2025-08-22 06:57:39.012651,2026-06-21 12:59:32.553003
org-tf5i2lw1qz,Sakshi Demo,loc-f9507722-f4c3-45a1-a7a6-6358548bea05,A&w Lab new(Dont take order),catlg-5f49688b-1b0a-4963-9e20-90dba233b023,A&w Lab new(Dont take order) Catalog,itm-6907ee0a-62a0-4ffa-a257-8cebe09332f1,Side Sampler (LG Curd),0,modgrp-aecb61ca-3a3e-45c5-80aa-af4875dce63e,5pc Ckn Tender Sauce,modfr-2d3af169-267e-4bb9-bb39-bf1bed85e1d0,No Sauce,0,False,0,8,True,NULL,NULL,False,,NULL,True,False,2025-08-22 06:57:39.012655,2025-08-22 06:57:39.012655,2026-06-21 12:59:32.553003
org-tf5i2lw1qz,Sakshi Demo,loc-f9507722-f4c3-45a1-a7a6-6358548bea05,A&w Lab new(Dont take order),catlg-5f49688b-1b0a-4963-9e20-90dba233b023,A&w Lab new(Dont take order) Catalog,itm-59548cb0-dd19-470a-afb7-f5f43bee1979,30pc Corn Dog Nuggets,0,modgrp-714a3554-6806-4a29-9e33-7ee10d1b2af6,Sauce,modfr-b286d49a-7dca-411a-824f-016be46ee189,Fry Sauce,0,False,0,8,True,NULL,NULL,False,,0.5000,True,False,2025-08-22 06:57:39.012658,2025-08-22 06:57:39.012658,2026-06-21 12:59:47.419368
org-tf5i2lw1qz,Sakshi Demo,loc-f9507722-f4c3-45a1-a7a6-6358548bea05,A&w Lab new(Dont take order),catlg-5f49688b-1b0a-4963-9e20-90dba233b023,A&w Lab new(Dont take order) Catalog,itm-59548cb0-dd19-470a-afb7-f5f43bee1979,30pc Corn Dog Nuggets,0,modgrp-714a3554-6806-4a29-9e33-7ee10d1b2af6,Sauce,modfr-b758430e-3ccf-437f-b95a-fbac4315d3dc,Mayo Pkt,0,False,0,8,True,NULL,NULL,False,,NULL,True,False,2025-08-22 06:57:39.012656,2025-08-22 06:57:39.012656,2026-06-21 12:59:47.419368
org-tf5i2lw1qz,Sakshi Demo,loc-f9507722-f4c3-45a1-a7a6-6358548bea05,A&w Lab new(Dont take order),catlg-5f49688b-1b0a-4963-9e20-90dba233b023,A&w Lab new(Dont take order) Catalog,itm-59548cb0-dd19-470a-afb7-f5f43bee1979,30pc Corn Dog Nuggets,0,modgrp-714a3554-6806-4a29-9e33-7ee10d1b2af6,Sauce,modfr-c2a93153-69be-4086-a9a3-330b1276b6e8,3 Pepper Fire Sauce,0,False,0,8,True,NULL,NULL,False,,0.2500,True,False,2025-08-22 06:57:39.01266,2025-08-22 06:57:39.01266,2026-06-21 12:59:47.419368
org-tf5i2lw1qz,Sakshi Demo,loc-f9507722-f4c3-45a1-a7a6-6358548bea05,A&w Lab new(Dont take order),catlg-5f49688b-1b0a-4963-9e20-90dba233b023,A&w Lab new(Dont take order) Catalog,itm-59548cb0-dd19-470a-afb7-f5f43bee1979,30pc Corn Dog Nuggets,0,modgrp-714a3554-6806-4a29-9e33-7ee10d1b2af6,Sauce,modfr-ddec8a33-674e-41fb-8a19-39d169a176fb,Buffalo Sauce,0,False,0,8,True,NULL,NULL,False,,0.2500,True,False,2025-08-22 06:57:39.012656,2025-08-22 06:57:39.012656,2026-06-21 12:59:47.419368
org-tf5i2lw1qz,Sakshi Demo,loc-f9507722-f4c3-45a1-a7a6-6358548bea05,A&w Lab new(Dont take order),catlg-5f49688b-1b0a-4963-9e20-90dba233b023,A&w Lab new(Dont take order) Catalog,itm-59548cb0-dd19-470a-afb7-f5f43bee1979,30pc Corn Dog Nuggets,0,modgrp-714a3554-6806-4a29-9e33-7ee10d1b2af6,Sauce,modfr-e17f370c-e3d2-4932-988f-392c24871efd,Sweet & Sour,0,False,0,8,True,NULL,NULL,False,,NULL,True,False,2025-08-22 06:57:39.012656,2025-08-22 06:57:39.012656,2026-06-21 12:59:47.419368
org-tf5i2lw1qz,Sakshi Demo,loc-f9507722-f4c3-45a1-a7a6-6358548bea05,A&w Lab new(Dont take order),catlg-5f49688b-1b0a-4963-9e20-90dba233b023,A&w Lab new(Dont take order) Catalog,itm-59548cb0-dd19-470a-afb7-f5f43bee1979,30pc Corn Dog Nuggets,0,modgrp-714a3554-6806-4a29-9e33-7ee10d1b2af6,Sauce,modfr-f0022724-2c21-4b4d-bf45-88ebcac4c4c7,Cocktail Sauce,0,False,0,8,True,NULL,NULL,False,,0.2500,True,False,2025-08-22 06:57:39.012651,2025-08-22 06:57:39.012651,2026-06-21 12:59:47.419368
org-tf5i2lw1qz,Sakshi Demo,loc-f9507722-f4c3-45a1-a7a6-6358548bea05,A&w Lab new(Dont take order),catlg-5f49688b-1b0a-4963-9e20-90dba233b023,A&w Lab new(Dont take order) Catalog,itm-59548cb0-dd19-470a-afb7-f5f43bee1979,30pc Corn Dog Nuggets,0,modgrp-cecb37b7-c8bd-47ba-92f3-d543cafcebe7,*Pick 2 Side Sauce,modfr-01116117-d2c5-4ee7-9713-392330d6350c,French,0,False,0,7,True,NULL,NULL,False,,NULL,True,False,2025-08-22 06:57:39.012681,2025-08-22 06:57:39.012681,2026-06-21 12:59:47.419368
org-tf5i2lw1qz,Sakshi Demo,loc-f9507722-f4c3-45a1-a7a6-6358548bea05,A&w Lab new(Dont take order),catlg-5f49688b-1b0a-4963-9e20-90dba233b023,A&w Lab new(Dont take order) Catalog,itm-59548cb0-dd19-470a-afb7-f5f43bee1979,30pc Corn Dog Nuggets,0,modgrp-cecb37b7-c8bd-47ba-92f3-d543cafcebe7,*Pick 2 Side Sauce,modfr-24ddc0bc-7bc7-4863-9c34-2397f0090b41,Sweet & Sour Sauce,0,False,0,7,True,NULL,NULL,False,,0.5000,True,False,2025-08-22 06:57:39.012659,2025-08-22 06:57:39.012659,2026-06-21 12:59:47.419368
org-tf5i2lw1qz,Sakshi Demo,loc-f9507722-f4c3-45a1-a7a6-6358548bea05,A&w Lab new(Dont take order),catlg-5f49688b-1b0a-4963-9e20-90dba233b023,A&w Lab new(Dont take order) Catalog,itm-59548cb0-dd19-470a-afb7-f5f43bee1979,30pc Corn Dog Nuggets,0,modgrp-cecb37b7-c8bd-47ba-92f3-d543cafcebe7,*Pick 2 Side Sauce,modfr-26265f60-ae51-410d-aefe-1b0458f94fc9,Chz Sauce,0,False,0,7,True,NULL,NULL,False,,0.5000,True,False,2025-08-22 06:57:39.012651,2025-08-22 06:57:39.012651,2026-06-21 12:59:47.419368
org-tf5i2lw1qz,Sakshi Demo,loc-f9507722-f4c3-45a1-a7a6-6358548bea05,A&w Lab new(Dont take order),catlg-5f49688b-1b0a-4963-9e20-90dba233b023,A&w Lab new(Dont take order) Catalog,itm-59548cb0-dd19-470a-afb7-f5f43bee1979,30pc Corn Dog Nuggets,0,modgrp-cecb37b7-c8bd-47ba-92f3-d543cafcebe7,*Pick 2 Side Sauce,modfr-275bcc70-d9a8-40c6-b40e-cefece6f1f99,Tartar,0,False,0,7,True,NULL,NULL,False,,0.2500,True,False,2025-08-22 06:57:39.012655,2025-08-22 06:57:39.012655,2026-06-21 12:59:47.419368
org-tf5i2lw1qz,Sakshi Demo,loc-f9507722-f4c3-45a1-a7a6-6358548bea05,A&w Lab new(Dont take order),catlg-5f49688b-1b0a-4963-9e20-90dba233b023,A&w Lab new(Dont take order) Catalog,itm-59548cb0-dd19-470a-afb7-f5f43bee1979,30pc Corn Dog Nuggets,0,modgrp-cecb37b7-c8bd-47ba-92f3-d543cafcebe7,*Pick 2 Side Sauce,modfr-276ef1cd-4cf7-4224-9fc5-f2d2d7a696f5,BBQ Sauce,0,False,0,7,True,NULL,NULL,False,,0.2500,True,False,2025-08-22 06:57:39.012649,2025-08-22 06:57:39.012649,2026-06-21 12:59:47.419368
org-tf5i2lw1qz,Sakshi Demo,loc-f9507722-f4c3-45a1-a7a6-6358548bea05,A&w Lab new(Dont take order),catlg-5f49688b-1b0a-4963-9e20-90dba233b023,A&w Lab new(Dont take order) Catalog,itm-59548cb0-dd19-470a-afb7-f5f43bee1979,30pc Corn Dog Nuggets,0,modgrp-cecb37b7-c8bd-47ba-92f3-d543cafcebe7,*Pick 2 Side Sauce,modfr-292ddb3b-7e37-409d-aee3-c24128a31eca,Marinara,0,False,0,7,True,NULL,NULL,False,,0.2500,True,False,2025-08-22 06:57:39.012656,2025-08-22 06:57:39.012656,2026-06-21 12:59:47.419368
org-tf5i2lw1qz,Sakshi Demo,loc-f9507722-f4c3-45a1-a7a6-6358548bea05,A&w Lab new(Dont take order),catlg-5f49688b-1b0a-4963-9e20-90dba233b023,A&w Lab new(Dont take order) Catalog,itm-59548cb0-dd19-470a-afb7-f5f43bee1979,30pc Corn Dog Nuggets,0,modgrp-cecb37b7-c8bd-47ba-92f3-d543cafcebe7,*Pick 2 Side Sauce,modfr-2a81febd-94dc-4471-a19b-b81d59dd2734,Spicy Papa Sauce,0,False,0,7,True,NULL,NULL,False,,0.2500,True,False,2025-08-22 06:57:39.012654,2025-08-22 06:57:39.012654,2026-06-21 12:59:47.419368
org-tf5i2lw1qz,Sakshi Demo,loc-f9507722-f4c3-45a1-a7a6-6358548bea05,A&w Lab new(Dont take order),catlg-5f49688b-1b0a-4963-9e20-90dba233b023,A&w Lab new(Dont take order) Catalog,itm-59548cb0-dd19-470a-afb7-f5f43bee1979,30pc Corn Dog Nuggets,0,modgrp-cecb37b7-c8bd-47ba-92f3-d543cafcebe7,*Pick 2 Side Sauce,modfr-2b083dd1-5a19-48d5-8c9e-83721369e8ac,Mustard Pkt,0,False,0,7,True,NULL,NULL,False,,0.2500,True,False,2025-08-22 06:57:39.012658,2025-08-22 06:57:39.012658,2026-06-21 12:59:47.419368
org-tf5i2lw1qz,Sakshi Demo,loc-f9507722-f4c3-45a1-a7a6-6358548bea05,A&w Lab new(Dont take order),catlg-5f49688b-1b0a-4963-9e20-90dba233b023,A&w Lab new(Dont take order) Catalog,itm-59548cb0-dd19-470a-afb7-f5f43bee1979,30pc Corn Dog Nuggets,0,modgrp-cecb37b7-c8bd-47ba-92f3-d543cafcebe7,*Pick 2 Side Sauce,modfr-2cd9a486-1d14-4d60-a9be-029988a0f9cf,Honey Mustard,0,False,0,7,True,NULL,NULL,False,,0.2500,True,False,2025-08-22 06:57:39.012651,2025-08-22 06:57:39.012651,2026-06-21 12:59:47.419368
org-tf5i2lw1qz,Sakshi Demo,loc-f9507722-f4c3-45a1-a7a6-6358548bea05,A&w Lab new(Dont take order),catlg-5f49688b-1b0a-4963-9e20-90dba233b023,A&w Lab new(Dont take order) Catalog,itm-59548cb0-dd19-470a-afb7-f5f43bee1979,30pc Corn Dog Nuggets,0,modgrp-cecb37b7-c8bd-47ba-92f3-d543cafcebe7,*Pick 2 Side Sauce,modfr-2d3af169-267e-4bb9-bb39-bf1bed85e1d0,No Sauce,0,False,0,7,True,NULL,NULL,False,,NULL,True,False,2025-08-22 06:57:39.012655,2025-08-22 06:57:39.012655,2026-06-21 12:59:47.419368
org-tf5i2lw1qz,Sakshi Demo,loc-f9507722-f4c3-45a1-a7a6-6358548bea05,A&w Lab new(Dont take order),catlg-5f49688b-1b0a-4963-9e20-90dba233b023,A&w Lab new(Dont take order) Catalog,itm-59548cb0-dd19-470a-afb7-f5f43bee1979,30pc Corn Dog Nuggets,0,modgrp-cecb37b7-c8bd-47ba-92f3-d543cafcebe7,*Pick 2 Side Sauce,modfr-2e44d443-ac25-4153-8f8a-eaa012030aa6,AW Sauce,0,False,0,7,True,NULL,NULL,False,,0.2500,True,False,2025-08-22 06:57:39.01266,2025-08-22 06:57:39.01266,2026-06-21 12:59:47.419368
org-tf5i2lw1qz,Sakshi Demo,loc-f9507722-f4c3-45a1-a7a6-6358548bea05,A&w Lab new(Dont take order),catlg-5f49688b-1b0a-4963-9e20-90dba233b023,A&w Lab new(Dont take order) Catalog,itm-59548cb0-dd19-470a-afb7-f5f43bee1979,30pc Corn Dog Nuggets,0,modgrp-cecb37b7-c8bd-47ba-92f3-d543cafcebe7,*Pick 2 Side Sauce,modfr-36d60814-bf93-42aa-a157-63f7ab6546cf,Ketchup,0,False,0,7,True,NULL,NULL,False,,NULL,True,False,2025-08-22 06:57:39.012652,2025-08-22 06:57:39.012652,2026-06-21 12:59:47.419368
org-tf5i2lw1qz,Sakshi Demo,loc-f9507722-f4c3-45a1-a7a6-6358548bea05,A&w Lab new(Dont take order),catlg-5f49688b-1b0a-4963-9e20-90dba233b023,A&w Lab new(Dont take order) Catalog,itm-6907ee0a-62a0-4ffa-a257-8cebe09332f1,Side Sampler (LG Curd),0,modgrp-aecb61ca-3a3e-45c5-80aa-af4875dce63e,5pc Ckn Tender Sauce,modfr-2e44d443-ac25-4153-8f8a-eaa012030aa6,AW Sauce,0,False,0,8,True,NULL,NULL,False,,0.2500,True,False,2025-08-22 06:57:39.01266,2025-08-22 06:57:39.01266,2026-06-21 12:59:32.553003
org-tf5i2lw1qz,Sakshi Demo,loc-f9507722-f4c3-45a1-a7a6-6358548bea05,A&w Lab new(Dont take order),catlg-5f49688b-1b0a-4963-9e20-90dba233b023,A&w Lab new(Dont take order) Catalog,itm-6907ee0a-62a0-4ffa-a257-8cebe09332f1,Side Sampler (LG Curd),0,modgrp-aecb61ca-3a3e-45c5-80aa-af4875dce63e,5pc Ckn Tender Sauce,modfr-36d60814-bf93-42aa-a157-63f7ab6546cf,Ketchup,0,False,0,8,True,NULL,NULL,False,,NULL,True,False,2025-08-22 06:57:39.012652,2025-08-22 06:57:39.012652,2026-06-21 12:59:32.553003
org-tf5i2lw1qz,Sakshi Demo,loc-f9507722-f4c3-45a1-a7a6-6358548bea05,A&w Lab new(Dont take order),catlg-5f49688b-1b0a-4963-9e20-90dba233b023,A&w Lab new(Dont take order) Catalog,itm-6907ee0a-62a0-4ffa-a257-8cebe09332f1,Side Sampler (LG Curd),0,modgrp-aecb61ca-3a3e-45c5-80aa-af4875dce63e,5pc Ckn Tender Sauce,modfr-451c83fd-91fe-4d9c-8541-0b75d1b2c115,Sweet Relish ,0,False,0,8,True,NULL,NULL,False,,NULL,True,False,2025-08-22 06:57:39.012654,2025-08-22 06:57:39.012654,2026-06-21 12:59:32.553003
org-tf5i2lw1qz,Sakshi Demo,loc-f9507722-f4c3-45a1-a7a6-6358548bea05,A&w Lab new(Dont take order),catlg-5f49688b-1b0a-4963-9e20-90dba233b023,A&w Lab new(Dont take order) Catalog,itm-6907ee0a-62a0-4ffa-a257-8cebe09332f1,Side Sampler (LG Curd),0,modgrp-aecb61ca-3a3e-45c5-80aa-af4875dce63e,5pc Ckn Tender Sauce,modfr-63cdc41a-51c3-4db0-850c-adcf28442577,Papa Sauce,0,False,0,8,True,NULL,NULL,False,,0.2500,True,False,2025-08-22 06:57:39.012653,2025-08-22 06:57:39.012653,2026-06-21 12:59:32.553003
org-tf5i2lw1qz,Sakshi Demo,loc-f9507722-f4c3-45a1-a7a6-6358548bea05,A&w Lab new(Dont take order),catlg-5f49688b-1b0a-4963-9e20-90dba233b023,A&w Lab new(Dont take order) Catalog,itm-6907ee0a-62a0-4ffa-a257-8cebe09332f1,Side Sampler (LG Curd),0,modgrp-aecb61ca-3a3e-45c5-80aa-af4875dce63e,5pc Ckn Tender Sauce,modfr-69dda00b-eeb0-4cbe-b96b-2b404ef6e312,Ranch,0,False,0,8,True,NULL,NULL,False,,0.2500,True,False,2025-08-22 06:57:39.012653,2025-08-22 06:57:39.012653,2026-06-21 12:59:32.553003
org-tf5i2lw1qz,Sakshi Demo,loc-f9507722-f4c3-45a1-a7a6-6358548bea05,A&w Lab new(Dont take order),catlg-5f49688b-1b0a-4963-9e20-90dba233b023,A&w Lab new(Dont take order) Catalog,itm-6907ee0a-62a0-4ffa-a257-8cebe09332f1,Side Sampler (LG Curd),0,modgrp-aecb61ca-3a3e-45c5-80aa-af4875dce63e,5pc Ckn Tender Sauce,modfr-aa8af7cb-ebbf-4050-9632-96407604b57e,Syrup,0,False,0,8,True,NULL,NULL,False,,0.3500,True,False,2025-08-22 06:57:39.004957,2025-08-22 06:57:36.185409,2026-06-21 12:59:32.553003
org-tf5i2lw1qz,Sakshi Demo,loc-f9507722-f4c3-45a1-a7a6-6358548bea05,A&w Lab new(Dont take order),catlg-5f49688b-1b0a-4963-9e20-90dba233b023,A&w Lab new(Dont take order) Catalog,itm-6907ee0a-62a0-4ffa-a257-8cebe09332f1,Side Sampler (LG Curd),0,modgrp-aecb61ca-3a3e-45c5-80aa-af4875dce63e,5pc Ckn Tender Sauce,modfr-b20c0605-f799-4d08-a072-f7f7f4986398,Sweet Thai Chili,0,False,0,8,True,NULL,NULL,False,,0.2500,True,False,2025-08-22 06:57:39.012657,2025-08-22 06:57:39.012657,2026-06-21 12:59:32.553003
org-tf5i2lw1qz,Sakshi Demo,loc-f9507722-f4c3-45a1-a7a6-6358548bea05,A&w Lab new(Dont take order),catlg-5f49688b-1b0a-4963-9e20-90dba233b023,A&w Lab new(Dont take order) Catalog,itm-6907ee0a-62a0-4ffa-a257-8cebe09332f1,Side Sampler (LG Curd),0,modgrp-aecb61ca-3a3e-45c5-80aa-af4875dce63e,5pc Ckn Tender Sauce,modfr-b22c2ec1-c1e4-49b0-ae25-36f4758af9c7,Ketchup Pkt,0,False,0,8,True,NULL,NULL,False,,0.2500,True,False,2025-08-22 06:57:39.012658,2025-08-22 06:57:39.012658,2026-06-21 12:59:32.553003
org-tf5i2lw1qz,Sakshi Demo,loc-f9507722-f4c3-45a1-a7a6-6358548bea05,A&w Lab new(Dont take order),catlg-5f49688b-1b0a-4963-9e20-90dba233b023,A&w Lab new(Dont take order) Catalog,itm-6907ee0a-62a0-4ffa-a257-8cebe09332f1,Side Sampler (LG Curd),0,modgrp-aecb61ca-3a3e-45c5-80aa-af4875dce63e,5pc Ckn Tender Sauce,modfr-b286d49a-7dca-411a-824f-016be46ee189,Fry Sauce,0,False,0,8,True,NULL,NULL,False,,0.5000,True,False,2025-08-22 06:57:39.012658,2025-08-22 06:57:39.012658,2026-06-21 12:59:32.553003
org-tf5i2lw1qz,Sakshi Demo,loc-f9507722-f4c3-45a1-a7a6-6358548bea05,A&w Lab new(Dont take order),catlg-5f49688b-1b0a-4963-9e20-90dba233b023,A&w Lab new(Dont take order) Catalog,itm-6907ee0a-62a0-4ffa-a257-8cebe09332f1,Side Sampler (LG Curd),0,modgrp-aecb61ca-3a3e-45c5-80aa-af4875dce63e,5pc Ckn Tender Sauce,modfr-b758430e-3ccf-437f-b95a-fbac4315d3dc,Mayo Pkt,0,False,0,8,True,NULL,NULL,False,,NULL,True,False,2025-08-22 06:57:39.012656,2025-08-22 06:57:39.012656,2026-06-21 12:59:32.553003
org-tf5i2lw1qz,Sakshi Demo,loc-f9507722-f4c3-45a1-a7a6-6358548bea05,A&w Lab new(Dont take order),catlg-5f49688b-1b0a-4963-9e20-90dba233b023,A&w Lab new(Dont take order) Catalog,itm-6907ee0a-62a0-4ffa-a257-8cebe09332f1,Side Sampler (LG Curd),0,modgrp-aecb61ca-3a3e-45c5-80aa-af4875dce63e,5pc Ckn Tender Sauce,modfr-c2a93153-69be-4086-a9a3-330b1276b6e8,3 Pepper Fire Sauce,0,False,0,8,True,NULL,NULL,False,,0.2500,True,False,2025-08-22 06:57:39.01266,2025-08-22 06:57:39.01266,2026-06-21 12:59:32.553003
org-tf5i2lw1qz,Sakshi Demo,loc-f9507722-f4c3-45a1-a7a6-6358548bea05,A&w Lab new(Dont take order),catlg-5f49688b-1b0a-4963-9e20-90dba233b023,A&w Lab new(Dont take order) Catalog,itm-6907ee0a-62a0-4ffa-a257-8cebe09332f1,Side Sampler (LG Curd),0,modgrp-aecb61ca-3a3e-45c5-80aa-af4875dce63e,5pc Ckn Tender Sauce,modfr-ddec8a33-674e-41fb-8a19-39d169a176fb,Buffalo Sauce,0,False,0,8,True,NULL,NULL,False,,0.2500,True,False,2025-08-22 06:57:39.012656,2025-08-22 06:57:39.012656,2026-06-21 12:59:32.553003
org-tf5i2lw1qz,Sakshi Demo,loc-f9507722-f4c3-45a1-a7a6-6358548bea05,A&w Lab new(Dont take order),catlg-5f49688b-1b0a-4963-9e20-90dba233b023,A&w Lab new(Dont take order) Catalog,itm-6907ee0a-62a0-4ffa-a257-8cebe09332f1,Side Sampler (LG Curd),0,modgrp-aecb61ca-3a3e-45c5-80aa-af4875dce63e,5pc Ckn Tender Sauce,modfr-e17f370c-e3d2-4932-988f-392c24871efd,Sweet & Sour,0,False,0,8,True,NULL,NULL,False,,NULL,True,False,2025-08-22 06:57:39.012656,2025-08-22 06:57:39.012656,2026-06-21 12:59:32.553003
org-tf5i2lw1qz,Sakshi Demo,loc-f9507722-f4c3-45a1-a7a6-6358548bea05,A&w Lab new(Dont take order),catlg-5f49688b-1b0a-4963-9e20-90dba233b023,A&w Lab new(Dont take order) Catalog,itm-6907ee0a-62a0-4ffa-a257-8cebe09332f1,Side Sampler (LG Curd),0,modgrp-aecb61ca-3a3e-45c5-80aa-af4875dce63e,5pc Ckn Tender Sauce,modfr-f0022724-2c21-4b4d-bf45-88ebcac4c4c7,Cocktail Sauce,0,False,0,8,True,NULL,NULL,False,,0.2500,True,False,2025-08-22 06:57:39.012651,2025-08-22 06:57:39.012651,2026-06-21 12:59:32.553003
org-tf5i2lw1qz,Sakshi Demo,loc-f9507722-f4c3-45a1-a7a6-6358548bea05,A&w Lab new(Dont take order),catlg-5f49688b-1b0a-4963-9e20-90dba233b023,A&w Lab new(Dont take order) Catalog,itm-58f3f435-31e9-49c3-a45b-9d61d8e8da20,Kid's Corn Dog,0,modgrp-b72ffade-4c38-473e-bfc0-101f7fdc4e1f,Food Modifiers,modfr-0212976e-34e0-41a7-8b79-092452b2c82c,DO NOT MAKE,0,False,0,99,True,NULL,NULL,False,,NULL,True,False,2025-08-22 06:57:39.012644,2025-08-22 06:57:39.012644,2026-06-21 12:59:32.553003
org-tf5i2lw1qz,Sakshi Demo,loc-f9507722-f4c3-45a1-a7a6-6358548bea05,A&w Lab new(Dont take order),catlg-5f49688b-1b0a-4963-9e20-90dba233b023,A&w Lab new(Dont take order) Catalog,itm-58f3f435-31e9-49c3-a45b-9d61d8e8da20,Kid's Corn Dog,0,modgrp-b72ffade-4c38-473e-bfc0-101f7fdc4e1f,Food Modifiers,modfr-079d68f0-2663-4546-9a8c-22c9bb9d253b,Crispy Onions,0,False,0,99,True,NULL,NULL,False,,0.5000,True,False,2025-08-22 06:57:39.012659,2025-08-22 06:57:39.012659,2026-06-21 12:59:32.553003
org-tf5i2lw1qz,Sakshi Demo,loc-f9507722-f4c3-45a1-a7a6-6358548bea05,A&w Lab new(Dont take order),catlg-5f49688b-1b0a-4963-9e20-90dba233b023,A&w Lab new(Dont take order) Catalog,itm-58f3f435-31e9-49c3-a45b-9d61d8e8da20,Kid's Corn Dog,0,modgrp-b72ffade-4c38-473e-bfc0-101f7fdc4e1f,Food Modifiers,modfr-14b10278-05ce-42de-b114-e33074983143,Cheddar Cheese,0,False,0,99,True,NULL,NULL,False,,0.5000,True,False,2025-08-22 06:57:39.012662,2025-08-22 06:57:39.012662,2026-06-21 12:59:32.553003
org-tf5i2lw1qz,Sakshi Demo,loc-f9507722-f4c3-45a1-a7a6-6358548bea05,A&w Lab new(Dont take order),catlg-5f49688b-1b0a-4963-9e20-90dba233b023,A&w Lab new(Dont take order) Catalog,itm-59548cb0-dd19-470a-afb7-f5f43bee1979,30pc Corn Dog Nuggets,0,modgrp-cecb37b7-c8bd-47ba-92f3-d543cafcebe7,*Pick 2 Side Sauce,modfr-451c83fd-91fe-4d9c-8541-0b75d1b2c115,Sweet Relish ,0,False,0,7,True,NULL,NULL,False,,NULL,True,False,2025-08-22 06:57:39.012654,2025-08-22 06:57:39.012654,2026-06-21 12:59:47.419368
org-tf5i2lw1qz,Sakshi Demo,loc-f9507722-f4c3-45a1-a7a6-6358548bea05,A&w Lab new(Dont take order),catlg-5f49688b-1b0a-4963-9e20-90dba233b023,A&w Lab new(Dont take order) Catalog,itm-59548cb0-dd19-470a-afb7-f5f43bee1979,30pc Corn Dog Nuggets,0,modgrp-cecb37b7-c8bd-47ba-92f3-d543cafcebe7,*Pick 2 Side Sauce,modfr-63cdc41a-51c3-4db0-850c-adcf28442577,Papa Sauce,0,False,0,7,True,NULL,NULL,False,,0.2500,True,False,2025-08-22 06:57:39.012653,2025-08-22 06:57:39.012653,2026-06-21 12:59:47.419368
org-tf5i2lw1qz,Sakshi Demo,loc-f9507722-f4c3-45a1-a7a6-6358548bea05,A&w Lab new(Dont take order),catlg-5f49688b-1b0a-4963-9e20-90dba233b023,A&w Lab new(Dont take order) Catalog,itm-59548cb0-dd19-470a-afb7-f5f43bee1979,30pc Corn Dog Nuggets,0,modgrp-cecb37b7-c8bd-47ba-92f3-d543cafcebe7,*Pick 2 Side Sauce,modfr-69dda00b-eeb0-4cbe-b96b-2b404ef6e312,Ranch,0,False,0,7,True,NULL,NULL,False,,0.2500,True,False,2025-08-22 06:57:39.012653,2025-08-22 06:57:39.012653,2026-06-21 12:59:47.419368
org-tf5i2lw1qz,Sakshi Demo,loc-f9507722-f4c3-45a1-a7a6-6358548bea05,A&w Lab new(Dont take order),catlg-5f49688b-1b0a-4963-9e20-90dba233b023,A&w Lab new(Dont take order) Catalog,itm-59548cb0-dd19-470a-afb7-f5f43bee1979,30pc Corn Dog Nuggets,0,modgrp-cecb37b7-c8bd-47ba-92f3-d543cafcebe7,*Pick 2 Side Sauce,modfr-aa8af7cb-ebbf-4050-9632-96407604b57e,Syrup,0,False,0,7,True,NULL,NULL,False,,0.3500,True,False,2025-08-22 06:57:39.004957,2025-08-22 06:57:36.185409,2026-06-21 12:59:47.419368
org-tf5i2lw1qz,Sakshi Demo,loc-f9507722-f4c3-45a1-a7a6-6358548bea05,A&w Lab new(Dont take order),catlg-5f49688b-1b0a-4963-9e20-90dba233b023,A&w Lab new(Dont take order) Catalog,itm-59548cb0-dd19-470a-afb7-f5f43bee1979,30pc Corn Dog Nuggets,0,modgrp-cecb37b7-c8bd-47ba-92f3-d543cafcebe7,*Pick 2 Side Sauce,modfr-b20c0605-f799-4d08-a072-f7f7f4986398,Sweet Thai Chili,0,False,0,7,True,NULL,NULL,False,,0.2500,True,False,2025-08-22 06:57:39.012657,2025-08-22 06:57:39.012657,2026-06-21 12:59:47.419368
org-tf5i2lw1qz,Sakshi Demo,loc-f9507722-f4c3-45a1-a7a6-6358548bea05,A&w Lab new(Dont take order),catlg-5f49688b-1b0a-4963-9e20-90dba233b023,A&w Lab new(Dont take order) Catalog,itm-59548cb0-dd19-470a-afb7-f5f43bee1979,30pc Corn Dog Nuggets,0,modgrp-cecb37b7-c8bd-47ba-92f3-d543cafcebe7,*Pick 2 Side Sauce,modfr-b22c2ec1-c1e4-49b0-ae25-36f4758af9c7,Ketchup Pkt,0,False,0,7,True,NULL,NULL,False,,0.2500,True,False,2025-08-22 06:57:39.012658,2025-08-22 06:57:39.012658,2026-06-21 12:59:47.419368
org-tf5i2lw1qz,Sakshi Demo,loc-f9507722-f4c3-45a1-a7a6-6358548bea05,A&w Lab new(Dont take order),catlg-5f49688b-1b0a-4963-9e20-90dba233b023,A&w Lab new(Dont take order) Catalog,itm-59548cb0-dd19-470a-afb7-f5f43bee1979,30pc Corn Dog Nuggets,0,modgrp-cecb37b7-c8bd-47ba-92f3-d543cafcebe7,*Pick 2 Side Sauce,modfr-b286d49a-7dca-411a-824f-016be46ee189,Fry Sauce,0,False,0,7,True,NULL,NULL,False,,0.5000,True,False,2025-08-22 06:57:39.012658,2025-08-22 06:57:39.012658,2026-06-21 12:59:47.419368
org-tf5i2lw1qz,Sakshi Demo,loc-f9507722-f4c3-45a1-a7a6-6358548bea05,A&w Lab new(Dont take order),catlg-5f49688b-1b0a-4963-9e20-90dba233b023,A&w Lab new(Dont take order) Catalog,itm-59548cb0-dd19-470a-afb7-f5f43bee1979,30pc Corn Dog Nuggets,0,modgrp-cecb37b7-c8bd-47ba-92f3-d543cafcebe7,*Pick 2 Side Sauce,modfr-b758430e-3ccf-437f-b95a-fbac4315d3dc,Mayo Pkt,0,False,0,7,True,NULL,NULL,False,,NULL,True,False,2025-08-22 06:57:39.012656,2025-08-22 06:57:39.012656,2026-06-21 12:59:47.419368
org-tf5i2lw1qz,Sakshi Demo,loc-f9507722-f4c3-45a1-a7a6-6358548bea05,A&w Lab new(Dont take order),catlg-5f49688b-1b0a-4963-9e20-90dba233b023,A&w Lab new(Dont take order) Catalog,itm-59548cb0-dd19-470a-afb7-f5f43bee1979,30pc Corn Dog Nuggets,0,modgrp-cecb37b7-c8bd-47ba-92f3-d543cafcebe7,*Pick 2 Side Sauce,modfr-c2a93153-69be-4086-a9a3-330b1276b6e8,3 Pepper Fire Sauce,0,False,0,7,True,NULL,NULL,False,,0.2500,True,False,2025-08-22 06:57:39.01266,2025-08-22 06:57:39.01266,2026-06-21 12:59:47.419368
org-tf5i2lw1qz,Sakshi Demo,loc-f9507722-f4c3-45a1-a7a6-6358548bea05,A&w Lab new(Dont take order),catlg-5f49688b-1b0a-4963-9e20-90dba233b023,A&w Lab new(Dont take order) Catalog,itm-59548cb0-dd19-470a-afb7-f5f43bee1979,30pc Corn Dog Nuggets,0,modgrp-cecb37b7-c8bd-47ba-92f3-d543cafcebe7,*Pick 2 Side Sauce,modfr-ddec8a33-674e-41fb-8a19-39d169a176fb,Buffalo Sauce,0,False,0,7,True,NULL,NULL,False,,0.2500,True,False,2025-08-22 06:57:39.012656,2025-08-22 06:57:39.012656,2026-06-21 12:59:47.419368
org-tf5i2lw1qz,Sakshi Demo,loc-f9507722-f4c3-45a1-a7a6-6358548bea05,A&w Lab new(Dont take order),catlg-5f49688b-1b0a-4963-9e20-90dba233b023,A&w Lab new(Dont take order) Catalog,itm-59548cb0-dd19-470a-afb7-f5f43bee1979,30pc Corn Dog Nuggets,0,modgrp-cecb37b7-c8bd-47ba-92f3-d543cafcebe7,*Pick 2 Side Sauce,modfr-e17f370c-e3d2-4932-988f-392c24871efd,Sweet & Sour,0,False,0,7,True,NULL,NULL,False,,NULL,True,False,2025-08-22 06:57:39.012656,2025-08-22 06:57:39.012656,2026-06-21 12:59:47.419368
org-tf5i2lw1qz,Sakshi Demo,loc-f9507722-f4c3-45a1-a7a6-6358548bea05,A&w Lab new(Dont take order),catlg-5f49688b-1b0a-4963-9e20-90dba233b023,A&w Lab new(Dont take order) Catalog,itm-59548cb0-dd19-470a-afb7-f5f43bee1979,30pc Corn Dog Nuggets,0,modgrp-cecb37b7-c8bd-47ba-92f3-d543cafcebe7,*Pick 2 Side Sauce,modfr-f0022724-2c21-4b4d-bf45-88ebcac4c4c7,Cocktail Sauce,0,False,0,7,True,NULL,NULL,False,,0.2500,True,False,2025-08-22 06:57:39.012651,2025-08-22 06:57:39.012651,2026-06-21 12:59:47.419368
org-tf5i2lw1qz,Sakshi Demo,loc-f9507722-f4c3-45a1-a7a6-6358548bea05,A&w Lab new(Dont take order),catlg-5f49688b-1b0a-4963-9e20-90dba233b023,A&w Lab new(Dont take order) Catalog,itm-63f19d85-cb3d-40f7-b74c-3d7701cf5b56,12oz Ice Cream,0,modgrp-4a567045-ffca-4c8b-8647-73843830f3c7,Modifiers,modfr-0212976e-34e0-41a7-8b79-092452b2c82c,DO NOT MAKE,0,False,0,99,True,NULL,NULL,False,,NULL,True,False,2025-08-22 06:57:39.012644,2025-08-22 06:57:39.012644,2026-06-21 12:59:47.419368
org-tf5i2lw1qz,Sakshi Demo,loc-f9507722-f4c3-45a1-a7a6-6358548bea05,A&w Lab new(Dont take order),catlg-5f49688b-1b0a-4963-9e20-90dba233b023,A&w Lab new(Dont take order) Catalog,itm-63f19d85-cb3d-40f7-b74c-3d7701cf5b56,12oz Ice Cream,0,modgrp-4a567045-ffca-4c8b-8647-73843830f3c7,Modifiers,modfr-0e72e1d1-d0f0-48b2-a161-93a0ce4c887e,Cookie Dough,0,False,0,99,True,NULL,NULL,False,,0.5000,True,False,2025-08-22 06:57:39.012643,2025-08-22 06:57:39.012643,2026-06-21 12:59:47.419368
org-tf5i2lw1qz,Sakshi Demo,loc-f9507722-f4c3-45a1-a7a6-6358548bea05,A&w Lab new(Dont take order),catlg-5f49688b-1b0a-4963-9e20-90dba233b023,A&w Lab new(Dont take order) Catalog,itm-63f19d85-cb3d-40f7-b74c-3d7701cf5b56,12oz Ice Cream,0,modgrp-4a567045-ffca-4c8b-8647-73843830f3c7,Modifiers,modfr-15719f15-f20d-407f-868e-07098b9990b8,**Allergy Alert***,0,False,0,99,True,NULL,NULL,False,,NULL,True,False,2025-08-22 06:57:39.012641,2025-08-22 06:57:39.012641,2026-06-21 12:59:47.419368
org-tf5i2lw1qz,Sakshi Demo,loc-f9507722-f4c3-45a1-a7a6-6358548bea05,A&w Lab new(Dont take order),catlg-5f49688b-1b0a-4963-9e20-90dba233b023,A&w Lab new(Dont take order) Catalog,itm-63f19d85-cb3d-40f7-b74c-3d7701cf5b56,12oz Ice Cream,0,modgrp-4a567045-ffca-4c8b-8647-73843830f3c7,Modifiers,modfr-17ee7392-5017-4beb-87ad-f8779456a98c,Chocolate Syrup,0,False,0,99,True,NULL,NULL,False,,0.5000,True,False,2025-08-22 06:57:39.012648,2025-08-22 06:57:39.012648,2026-06-21 12:59:47.419368
org-tf5i2lw1qz,Sakshi Demo,loc-f9507722-f4c3-45a1-a7a6-6358548bea05,A&w Lab new(Dont take order),catlg-5f49688b-1b0a-4963-9e20-90dba233b023,A&w Lab new(Dont take order) Catalog,itm-63f19d85-cb3d-40f7-b74c-3d7701cf5b56,12oz Ice Cream,0,modgrp-4a567045-ffca-4c8b-8647-73843830f3c7,Modifiers,modfr-195ca4b7-b610-4f6c-b945-9fac1a185388,Open Food,0,False,0,99,True,NULL,NULL,False,,NULL,True,False,2025-08-22 06:57:39.012645,2025-08-22 06:57:39.012645,2026-06-21 12:59:47.419368
org-tf5i2lw1qz,Sakshi Demo,loc-f9507722-f4c3-45a1-a7a6-6358548bea05,A&w Lab new(Dont take order),catlg-5f49688b-1b0a-4963-9e20-90dba233b023,A&w Lab new(Dont take order) Catalog,itm-63f19d85-cb3d-40f7-b74c-3d7701cf5b56,12oz Ice Cream,0,modgrp-4a567045-ffca-4c8b-8647-73843830f3c7,Modifiers,modfr-1ad49efd-d92a-475f-b98c-1c4b8d2592c6,Pecans,0,False,0,99,True,NULL,NULL,False,,0.5000,True,False,2025-08-22 06:57:39.012645,2025-08-22 06:57:39.012645,2026-06-21 12:59:47.419368
org-tf5i2lw1qz,Sakshi Demo,loc-f9507722-f4c3-45a1-a7a6-6358548bea05,A&w Lab new(Dont take order),catlg-5f49688b-1b0a-4963-9e20-90dba233b023,A&w Lab new(Dont take order) Catalog,itm-58f3f435-31e9-49c3-a45b-9d61d8e8da20,Kid's Corn Dog,0,modgrp-b72ffade-4c38-473e-bfc0-101f7fdc4e1f,Food Modifiers,modfr-15719f15-f20d-407f-868e-07098b9990b8,**Allergy Alert***,0,False,0,99,True,NULL,NULL,False,,NULL,True,False,2025-08-22 06:57:39.012641,2025-08-22 06:57:39.012641,2026-06-21 12:59:32.553003
org-tf5i2lw1qz,Sakshi Demo,loc-f9507722-f4c3-45a1-a7a6-6358548bea05,A&w Lab new(Dont take order),catlg-5f49688b-1b0a-4963-9e20-90dba233b023,A&w Lab new(Dont take order) Catalog,itm-58f3f435-31e9-49c3-a45b-9d61d8e8da20,Kid's Corn Dog,0,modgrp-b72ffade-4c38-473e-bfc0-101f7fdc4e1f,Food Modifiers,modfr-1799c231-b05b-4ddc-abc6-e2b444a6c477,Beyond Patty,0,False,0,99,True,NULL,NULL,False,,3.0000,True,False,2025-08-22 06:57:39.012658,2025-08-22 06:57:39.012658,2026-06-21 12:59:32.553003
org-tf5i2lw1qz,Sakshi Demo,loc-f9507722-f4c3-45a1-a7a6-6358548bea05,A&w Lab new(Dont take order),catlg-5f49688b-1b0a-4963-9e20-90dba233b023,A&w Lab new(Dont take order) Catalog,itm-58f3f435-31e9-49c3-a45b-9d61d8e8da20,Kid's Corn Dog,0,modgrp-b72ffade-4c38-473e-bfc0-101f7fdc4e1f,Food Modifiers,modfr-1d8f1ac6-fa54-419e-990d-ae99d25d17e9,Coney Sauce,0,False,0,99,True,NULL,NULL,False,,0.5000,True,False,2025-08-22 06:57:39.012651,2025-08-22 06:57:39.012651,2026-06-21 12:59:32.553003
org-tf5i2lw1qz,Sakshi Demo,loc-f9507722-f4c3-45a1-a7a6-6358548bea05,A&w Lab new(Dont take order),catlg-5f49688b-1b0a-4963-9e20-90dba233b023,A&w Lab new(Dont take order) Catalog,itm-58f3f435-31e9-49c3-a45b-9d61d8e8da20,Kid's Corn Dog,0,modgrp-b72ffade-4c38-473e-bfc0-101f7fdc4e1f,Food Modifiers,modfr-1df35335-1c77-46b2-b7de-e9006d6f43d7,Jalapenos,0,False,0,99,True,NULL,NULL,False,,NULL,True,False,2025-08-22 06:57:39.012652,2025-08-22 06:57:39.012652,2026-06-21 12:59:32.553003
org-tf5i2lw1qz,Sakshi Demo,loc-f9507722-f4c3-45a1-a7a6-6358548bea05,A&w Lab new(Dont take order),catlg-5f49688b-1b0a-4963-9e20-90dba233b023,A&w Lab new(Dont take order) Catalog,itm-58f3f435-31e9-49c3-a45b-9d61d8e8da20,Kid's Corn Dog,0,modgrp-b72ffade-4c38-473e-bfc0-101f7fdc4e1f,Food Modifiers,modfr-1f5971ae-08e3-456c-b2ca-28ec5aa2d9ad,Cheese,0,False,0,99,True,NULL,NULL,False,,0.5000,True,False,2025-08-22 06:57:39.01266,2025-08-22 06:57:39.01266,2026-06-21 12:59:32.553003
org-tf5i2lw1qz,Sakshi Demo,loc-f9507722-f4c3-45a1-a7a6-6358548bea05,A&w Lab new(Dont take order),catlg-5f49688b-1b0a-4963-9e20-90dba233b023,A&w Lab new(Dont take order) Catalog,itm-58f3f435-31e9-49c3-a45b-9d61d8e8da20,Kid's Corn Dog,0,modgrp-b72ffade-4c38-473e-bfc0-101f7fdc4e1f,Food Modifiers,modfr-219c5700-d85d-4a57-b0aa-4bad07e38c06,The Works,0,False,0,99,True,NULL,NULL,False,,NULL,True,False,2025-08-22 06:57:39.012662,2025-08-22 06:57:39.012662,2026-06-21 12:59:32.553003
org-tf5i2lw1qz,Sakshi Demo,loc-f9507722-f4c3-45a1-a7a6-6358548bea05,A&w Lab new(Dont take order),catlg-5f49688b-1b0a-4963-9e20-90dba233b023,A&w Lab new(Dont take order) Catalog,itm-58f3f435-31e9-49c3-a45b-9d61d8e8da20,Kid's Corn Dog,0,modgrp-b72ffade-4c38-473e-bfc0-101f7fdc4e1f,Food Modifiers,modfr-2385f4e3-460f-4fa6-b9e7-8793d1b56dc8,No Salt,0,False,0,99,True,NULL,NULL,False,,NULL,True,False,2025-08-22 06:57:39.012657,2025-08-22 06:57:39.012657,2026-06-21 12:59:32.553003
org-tf5i2lw1qz,Sakshi Demo,loc-f9507722-f4c3-45a1-a7a6-6358548bea05,A&w Lab new(Dont take order),catlg-5f49688b-1b0a-4963-9e20-90dba233b023,A&w Lab new(Dont take order) Catalog,itm-58f3f435-31e9-49c3-a45b-9d61d8e8da20,Kid's Corn Dog,0,modgrp-b72ffade-4c38-473e-bfc0-101f7fdc4e1f,Food Modifiers,modfr-24ddc0bc-7bc7-4863-9c34-2397f0090b41,Sweet & Sour Sauce,0,False,0,99,True,NULL,NULL,False,,0.5000,True,False,2025-08-22 06:57:39.012659,2025-08-22 06:57:39.012659,2026-06-21 12:59:32.553003
org-tf5i2lw1qz,Sakshi Demo,loc-f9507722-f4c3-45a1-a7a6-6358548bea05,A&w Lab new(Dont take order),catlg-5f49688b-1b0a-4963-9e20-90dba233b023,A&w Lab new(Dont take order) Catalog,itm-58f3f435-31e9-49c3-a45b-9d61d8e8da20,Kid's Corn Dog,0,modgrp-b72ffade-4c38-473e-bfc0-101f7fdc4e1f,Food Modifiers,modfr-26265f60-ae51-410d-aefe-1b0458f94fc9,Chz Sauce,0,False,0,99,True,NULL,NULL,False,,0.5000,True,False,2025-08-22 06:57:39.012651,2025-08-22 06:57:39.012651,2026-06-21 12:59:32.553003
org-tf5i2lw1qz,Sakshi Demo,loc-f9507722-f4c3-45a1-a7a6-6358548bea05,A&w Lab new(Dont take order),catlg-5f49688b-1b0a-4963-9e20-90dba233b023,A&w Lab new(Dont take order) Catalog,itm-58f3f435-31e9-49c3-a45b-9d61d8e8da20,Kid's Corn Dog,0,modgrp-b72ffade-4c38-473e-bfc0-101f7fdc4e1f,Food Modifiers,modfr-275bcc70-d9a8-40c6-b40e-cefece6f1f99,Tartar,0,False,0,99,True,NULL,NULL,False,,0.2500,True,False,2025-08-22 06:57:39.012655,2025-08-22 06:57:39.012655,2026-06-21 12:59:32.553003
org-tf5i2lw1qz,Sakshi Demo,loc-f9507722-f4c3-45a1-a7a6-6358548bea05,A&w Lab new(Dont take order),catlg-5f49688b-1b0a-4963-9e20-90dba233b023,A&w Lab new(Dont take order) Catalog,itm-58f3f435-31e9-49c3-a45b-9d61d8e8da20,Kid's Corn Dog,0,modgrp-b72ffade-4c38-473e-bfc0-101f7fdc4e1f,Food Modifiers,modfr-276ef1cd-4cf7-4224-9fc5-f2d2d7a696f5,BBQ Sauce,0,False,0,99,True,NULL,NULL,False,,0.2500,True,False,2025-08-22 06:57:39.012649,2025-08-22 06:57:39.012649,2026-06-21 12:59:32.553003
org-tf5i2lw1qz,Sakshi Demo,loc-f9507722-f4c3-45a1-a7a6-6358548bea05,A&w Lab new(Dont take order),catlg-5f49688b-1b0a-4963-9e20-90dba233b023,A&w Lab new(Dont take order) Catalog,itm-58f3f435-31e9-49c3-a45b-9d61d8e8da20,Kid's Corn Dog,0,modgrp-b72ffade-4c38-473e-bfc0-101f7fdc4e1f,Food Modifiers,modfr-292ddb3b-7e37-409d-aee3-c24128a31eca,Marinara,0,False,0,99,True,NULL,NULL,False,,0.2500,True,False,2025-08-22 06:57:39.012656,2025-08-22 06:57:39.012656,2026-06-21 12:59:32.553003
org-tf5i2lw1qz,Sakshi Demo,loc-f9507722-f4c3-45a1-a7a6-6358548bea05,A&w Lab new(Dont take order),catlg-5f49688b-1b0a-4963-9e20-90dba233b023,A&w Lab new(Dont take order) Catalog,itm-58f3f435-31e9-49c3-a45b-9d61d8e8da20,Kid's Corn Dog,0,modgrp-b72ffade-4c38-473e-bfc0-101f7fdc4e1f,Food Modifiers,modfr-2a81febd-94dc-4471-a19b-b81d59dd2734,Spicy Papa Sauce,0,False,0,99,True,NULL,NULL,False,,0.2500,True,False,2025-08-22 06:57:39.012654,2025-08-22 06:57:39.012654,2026-06-21 12:59:32.553003
org-tf5i2lw1qz,Sakshi Demo,loc-f9507722-f4c3-45a1-a7a6-6358548bea05,A&w Lab new(Dont take order),catlg-5f49688b-1b0a-4963-9e20-90dba233b023,A&w Lab new(Dont take order) Catalog,itm-58f3f435-31e9-49c3-a45b-9d61d8e8da20,Kid's Corn Dog,0,modgrp-b72ffade-4c38-473e-bfc0-101f7fdc4e1f,Food Modifiers,modfr-2b083dd1-5a19-48d5-8c9e-83721369e8ac,Mustard Pkt,0,False,0,99,True,NULL,NULL,False,,0.2500,True,False,2025-08-22 06:57:39.012658,2025-08-22 06:57:39.012658,2026-06-21 12:59:32.553003
org-tf5i2lw1qz,Sakshi Demo,loc-f9507722-f4c3-45a1-a7a6-6358548bea05,A&w Lab new(Dont take order),catlg-5f49688b-1b0a-4963-9e20-90dba233b023,A&w Lab new(Dont take order) Catalog,itm-58f3f435-31e9-49c3-a45b-9d61d8e8da20,Kid's Corn Dog,0,modgrp-b72ffade-4c38-473e-bfc0-101f7fdc4e1f,Food Modifiers,modfr-2cd9a486-1d14-4d60-a9be-029988a0f9cf,Honey Mustard,0,False,0,99,True,NULL,NULL,False,,0.2500,True,False,2025-08-22 06:57:39.012651,2025-08-22 06:57:39.012651,2026-06-21 12:59:32.553003
org-tf5i2lw1qz,Sakshi Demo,loc-f9507722-f4c3-45a1-a7a6-6358548bea05,A&w Lab new(Dont take order),catlg-5f49688b-1b0a-4963-9e20-90dba233b023,A&w Lab new(Dont take order) Catalog,itm-58f3f435-31e9-49c3-a45b-9d61d8e8da20,Kid's Corn Dog,0,modgrp-b72ffade-4c38-473e-bfc0-101f7fdc4e1f,Food Modifiers,modfr-2d3af169-267e-4bb9-bb39-bf1bed85e1d0,No Sauce,0,False,0,99,True,NULL,NULL,False,,NULL,True,False,2025-08-22 06:57:39.012655,2025-08-22 06:57:39.012655,2026-06-21 12:59:32.553003
org-tf5i2lw1qz,Sakshi Demo,loc-f9507722-f4c3-45a1-a7a6-6358548bea05,A&w Lab new(Dont take order),catlg-5f49688b-1b0a-4963-9e20-90dba233b023,A&w Lab new(Dont take order) Catalog,itm-58f3f435-31e9-49c3-a45b-9d61d8e8da20,Kid's Corn Dog,0,modgrp-b72ffade-4c38-473e-bfc0-101f7fdc4e1f,Food Modifiers,modfr-2e44d443-ac25-4153-8f8a-eaa012030aa6,AW Sauce,0,False,0,99,True,NULL,NULL,False,,0.2500,True,False,2025-08-22 06:57:39.01266,2025-08-22 06:57:39.01266,2026-06-21 12:59:32.553003
org-tf5i2lw1qz,Sakshi Demo,loc-f9507722-f4c3-45a1-a7a6-6358548bea05,A&w Lab new(Dont take order),catlg-5f49688b-1b0a-4963-9e20-90dba233b023,A&w Lab new(Dont take order) Catalog,itm-58f3f435-31e9-49c3-a45b-9d61d8e8da20,Kid's Corn Dog,0,modgrp-b72ffade-4c38-473e-bfc0-101f7fdc4e1f,Food Modifiers,modfr-3581395d-200e-4303-9c49-56fa03f9c04a,Mushrooms,0,False,0,99,True,NULL,NULL,False,,0.5000,True,False,2025-08-22 06:57:39.012652,2025-08-22 06:57:39.012652,2026-06-21 12:59:32.553003
org-tf5i2lw1qz,Sakshi Demo,loc-f9507722-f4c3-45a1-a7a6-6358548bea05,A&w Lab new(Dont take order),catlg-5f49688b-1b0a-4963-9e20-90dba233b023,A&w Lab new(Dont take order) Catalog,itm-6111f62f-7b1f-4085-80f6-a04f71e65d45,Mini Meal - Bacon Single,0,modgrp-49f6b8c4-7d89-420c-9c0d-bacb0d0a372d,Chkn & Seafood Food Modifiers,modfr-d623fa49-7924-491d-b2b5-c28ee40c82b4,Swiss Cheese,0,False,0,99,True,NULL,NULL,False,,0.5000,True,False,2025-08-22 06:57:39.012654,2025-08-22 06:57:39.012654,2026-06-21 12:57:49.224706
org-tf5i2lw1qz,Sakshi Demo,loc-f9507722-f4c3-45a1-a7a6-6358548bea05,A&w Lab new(Dont take order),catlg-5f49688b-1b0a-4963-9e20-90dba233b023,A&w Lab new(Dont take order) Catalog,itm-6111f62f-7b1f-4085-80f6-a04f71e65d45,Mini Meal - Bacon Single,0,modgrp-49f6b8c4-7d89-420c-9c0d-bacb0d0a372d,Chkn & Seafood Food Modifiers,modfr-d718469d-2b34-4725-8067-e43f02e2fdad,Bacon,0,False,0,99,True,NULL,NULL,False,,1.0000,True,False,2025-08-22 06:57:39.012649,2025-08-22 06:57:39.012649,2026-06-21 12:57:49.224706
org-tf5i2lw1qz,Sakshi Demo,loc-f9507722-f4c3-45a1-a7a6-6358548bea05,A&w Lab new(Dont take order),catlg-5f49688b-1b0a-4963-9e20-90dba233b023,A&w Lab new(Dont take order) Catalog,itm-6111f62f-7b1f-4085-80f6-a04f71e65d45,Mini Meal - Bacon Single,0,modgrp-49f6b8c4-7d89-420c-9c0d-bacb0d0a372d,Chkn & Seafood Food Modifiers,modfr-d88041f9-10d3-4a55-a6dc-3adc14488946,American Chz,0,False,0,99,True,NULL,0,False,1 cal,0.5000,True,False,2025-08-22 06:57:39.012648,2025-08-22 06:57:39.012648,2026-06-21 12:57:49.224706
org-tf5i2lw1qz,Sakshi Demo,loc-f9507722-f4c3-45a1-a7a6-6358548bea05,A&w Lab new(Dont take order),catlg-5f49688b-1b0a-4963-9e20-90dba233b023,A&w Lab new(Dont take order) Catalog,itm-6111f62f-7b1f-4085-80f6-a04f71e65d45,Mini Meal - Bacon Single,0,modgrp-49f6b8c4-7d89-420c-9c0d-bacb0d0a372d,Chkn & Seafood Food Modifiers,modfr-dd6d1f38-19d2-4155-8311-a94dcf8ee31e,Mustard,0,False,0,99,True,NULL,NULL,False,,NULL,True,False,2025-08-22 06:57:39.012652,2025-08-22 06:57:39.012652,2026-06-21 12:57:49.224706
org-tf5i2lw1qz,Sakshi Demo,loc-f9507722-f4c3-45a1-a7a6-6358548bea05,A&w Lab new(Dont take order),catlg-5f49688b-1b0a-4963-9e20-90dba233b023,A&w Lab new(Dont take order) Catalog,itm-6111f62f-7b1f-4085-80f6-a04f71e65d45,Mini Meal - Bacon Single,0,modgrp-49f6b8c4-7d89-420c-9c0d-bacb0d0a372d,Chkn & Seafood Food Modifiers,modfr-ddec8a33-674e-41fb-8a19-39d169a176fb,Buffalo Sauce,0,False,0,99,True,NULL,NULL,False,,0.2500,True,False,2025-08-22 06:57:39.012656,2025-08-22 06:57:39.012656,2026-06-21 12:57:49.224706
org-tf5i2lw1qz,Sakshi Demo,loc-f9507722-f4c3-45a1-a7a6-6358548bea05,A&w Lab new(Dont take order),catlg-5f49688b-1b0a-4963-9e20-90dba233b023,A&w Lab new(Dont take order) Catalog,itm-6111f62f-7b1f-4085-80f6-a04f71e65d45,Mini Meal - Bacon Single,0,modgrp-49f6b8c4-7d89-420c-9c0d-bacb0d0a372d,Chkn & Seafood Food Modifiers,modfr-e14b30a1-8ea8-4be3-aadc-405a05d8e1a7,Fish Sandwich,0,False,0,99,True,NULL,NULL,False,,5.9900,True,False,2025-08-22 06:57:39.012682,2025-08-22 06:57:39.012682,2026-06-21 12:57:49.224706
org-tf5i2lw1qz,Sakshi Demo,loc-f9507722-f4c3-45a1-a7a6-6358548bea05,A&w Lab new(Dont take order),catlg-5f49688b-1b0a-4963-9e20-90dba233b023,A&w Lab new(Dont take order) Catalog,itm-6111f62f-7b1f-4085-80f6-a04f71e65d45,Mini Meal - Bacon Single,0,modgrp-49f6b8c4-7d89-420c-9c0d-bacb0d0a372d,Chkn & Seafood Food Modifiers,modfr-e17f370c-e3d2-4932-988f-392c24871efd,Sweet & Sour,0,False,0,99,True,NULL,NULL,False,,NULL,True,False,2025-08-22 06:57:39.012656,2025-08-22 06:57:39.012656,2026-06-21 12:57:49.224706
org-tf5i2lw1qz,Sakshi Demo,loc-f9507722-f4c3-45a1-a7a6-6358548bea05,A&w Lab new(Dont take order),catlg-5f49688b-1b0a-4963-9e20-90dba233b023,A&w Lab new(Dont take order) Catalog,itm-6111f62f-7b1f-4085-80f6-a04f71e65d45,Mini Meal - Bacon Single,0,modgrp-49f6b8c4-7d89-420c-9c0d-bacb0d0a372d,Chkn & Seafood Food Modifiers,modfr-e9f0ed73-caff-416c-b915-9524611da21b,Lite Italian,0,False,0,99,True,NULL,NULL,False,,NULL,True,False,2025-08-22 06:57:39.012683,2025-08-22 06:57:39.012683,2026-06-21 12:57:49.224706
org-tf5i2lw1qz,Sakshi Demo,loc-f9507722-f4c3-45a1-a7a6-6358548bea05,A&w Lab new(Dont take order),catlg-5f49688b-1b0a-4963-9e20-90dba233b023,A&w Lab new(Dont take order) Catalog,itm-6111f62f-7b1f-4085-80f6-a04f71e65d45,Mini Meal - Bacon Single,0,modgrp-49f6b8c4-7d89-420c-9c0d-bacb0d0a372d,Chkn & Seafood Food Modifiers,modfr-ef7dada3-85d5-4173-bc25-17d1956e0bd6,Cut,0,False,0,99,True,NULL,NULL,False,,NULL,True,False,2025-08-22 06:57:39.012657,2025-08-22 06:57:39.012657,2026-06-21 12:57:49.224706
org-tf5i2lw1qz,Sakshi Demo,loc-f9507722-f4c3-45a1-a7a6-6358548bea05,A&w Lab new(Dont take order),catlg-5f49688b-1b0a-4963-9e20-90dba233b023,A&w Lab new(Dont take order) Catalog,itm-6111f62f-7b1f-4085-80f6-a04f71e65d45,Mini Meal - Bacon Single,0,modgrp-49f6b8c4-7d89-420c-9c0d-bacb0d0a372d,Chkn & Seafood Food Modifiers,modfr-f4138fb9-f3f4-4a64-aa63-eb3ffbe5d360,Italian,0,False,0,99,True,NULL,NULL,False,,NULL,True,False,2025-08-22 06:57:39.012682,2025-08-22 06:57:39.012682,2026-06-21 12:57:49.224706
org-tf5i2lw1qz,Sakshi Demo,loc-f9507722-f4c3-45a1-a7a6-6358548bea05,A&w Lab new(Dont take order),catlg-5f49688b-1b0a-4963-9e20-90dba233b023,A&w Lab new(Dont take order) Catalog,itm-6111f62f-7b1f-4085-80f6-a04f71e65d45,Mini Meal - Bacon Single,0,modgrp-49f6b8c4-7d89-420c-9c0d-bacb0d0a372d,Chkn & Seafood Food Modifiers,modfr-f45843a2-62e3-401e-8dcb-8854b7b39b2d,Well Done,0,False,0,99,True,NULL,NULL,False,,NULL,True,False,2025-08-22 06:57:39.01266,2025-08-22 06:57:39.01266,2026-06-21 12:57:49.224706
org-tf5i2lw1qz,Sakshi Demo,loc-f9507722-f4c3-45a1-a7a6-6358548bea05,A&w Lab new(Dont take order),catlg-5f49688b-1b0a-4963-9e20-90dba233b023,A&w Lab new(Dont take order) Catalog,itm-6111f62f-7b1f-4085-80f6-a04f71e65d45,Mini Meal - Bacon Single,0,modgrp-49f6b8c4-7d89-420c-9c0d-bacb0d0a372d,Chkn & Seafood Food Modifiers,modfr-f4e44609-ef74-49a2-a815-27940d966313,Relish,0,False,0,99,True,NULL,NULL,False,,NULL,True,False,2025-08-22 06:57:39.012656,2025-08-22 06:57:39.012656,2026-06-21 12:57:49.224706
org-tf5i2lw1qz,Sakshi Demo,loc-f9507722-f4c3-45a1-a7a6-6358548bea05,A&w Lab new(Dont take order),catlg-5f49688b-1b0a-4963-9e20-90dba233b023,A&w Lab new(Dont take order) Catalog,itm-6111f62f-7b1f-4085-80f6-a04f71e65d45,Mini Meal - Bacon Single,0,modgrp-714a3554-6806-4a29-9e33-7ee10d1b2af6,Sauce,modfr-01116117-d2c5-4ee7-9713-392330d6350c,French,0,False,0,8,True,NULL,NULL,False,,NULL,True,False,2025-08-22 06:57:39.012681,2025-08-22 06:57:39.012681,2026-06-21 12:57:49.224706
org-tf5i2lw1qz,Sakshi Demo,loc-f9507722-f4c3-45a1-a7a6-6358548bea05,A&w Lab new(Dont take order),catlg-5f49688b-1b0a-4963-9e20-90dba233b023,A&w Lab new(Dont take order) Catalog,itm-6111f62f-7b1f-4085-80f6-a04f71e65d45,Mini Meal - Bacon Single,0,modgrp-714a3554-6806-4a29-9e33-7ee10d1b2af6,Sauce,modfr-24ddc0bc-7bc7-4863-9c34-2397f0090b41,Sweet & Sour Sauce,0,False,0,8,True,NULL,NULL,False,,0.5000,True,False,2025-08-22 06:57:39.012659,2025-08-22 06:57:39.012659,2026-06-21 12:57:49.224706
org-tf5i2lw1qz,Sakshi Demo,loc-f9507722-f4c3-45a1-a7a6-6358548bea05,A&w Lab new(Dont take order),catlg-5f49688b-1b0a-4963-9e20-90dba233b023,A&w Lab new(Dont take order) Catalog,itm-6111f62f-7b1f-4085-80f6-a04f71e65d45,Mini Meal - Bacon Single,0,modgrp-714a3554-6806-4a29-9e33-7ee10d1b2af6,Sauce,modfr-26265f60-ae51-410d-aefe-1b0458f94fc9,Chz Sauce,0,False,0,8,True,NULL,NULL,False,,0.5000,True,False,2025-08-22 06:57:39.012651,2025-08-22 06:57:39.012651,2026-06-21 12:57:49.224706
org-tf5i2lw1qz,Sakshi Demo,loc-f9507722-f4c3-45a1-a7a6-6358548bea05,A&w Lab new(Dont take order),catlg-5f49688b-1b0a-4963-9e20-90dba233b023,A&w Lab new(Dont take order) Catalog,itm-6111f62f-7b1f-4085-80f6-a04f71e65d45,Mini Meal - Bacon Single,0,modgrp-714a3554-6806-4a29-9e33-7ee10d1b2af6,Sauce,modfr-275bcc70-d9a8-40c6-b40e-cefece6f1f99,Tartar,0,False,0,8,True,NULL,NULL,False,,0.2500,True,False,2025-08-22 06:57:39.012655,2025-08-22 06:57:39.012655,2026-06-21 12:57:49.224706
org-tf5i2lw1qz,Sakshi Demo,loc-f9507722-f4c3-45a1-a7a6-6358548bea05,A&w Lab new(Dont take order),catlg-5f49688b-1b0a-4963-9e20-90dba233b023,A&w Lab new(Dont take order) Catalog,itm-6111f62f-7b1f-4085-80f6-a04f71e65d45,Mini Meal - Bacon Single,0,modgrp-714a3554-6806-4a29-9e33-7ee10d1b2af6,Sauce,modfr-276ef1cd-4cf7-4224-9fc5-f2d2d7a696f5,BBQ Sauce,0,False,0,8,True,NULL,NULL,False,,0.2500,True,False,2025-08-22 06:57:39.012649,2025-08-22 06:57:39.012649,2026-06-21 12:57:49.224706
org-tf5i2lw1qz,Sakshi Demo,loc-f9507722-f4c3-45a1-a7a6-6358548bea05,A&w Lab new(Dont take order),catlg-5f49688b-1b0a-4963-9e20-90dba233b023,A&w Lab new(Dont take order) Catalog,itm-58f3f435-31e9-49c3-a45b-9d61d8e8da20,Kid's Corn Dog,0,modgrp-b72ffade-4c38-473e-bfc0-101f7fdc4e1f,Food Modifiers,modfr-36d60814-bf93-42aa-a157-63f7ab6546cf,Ketchup,0,False,0,99,True,NULL,NULL,False,,NULL,True,False,2025-08-22 06:57:39.012652,2025-08-22 06:57:39.012652,2026-06-21 12:59:32.553003
org-tf5i2lw1qz,Sakshi Demo,loc-f9507722-f4c3-45a1-a7a6-6358548bea05,A&w Lab new(Dont take order),catlg-5f49688b-1b0a-4963-9e20-90dba233b023,A&w Lab new(Dont take order) Catalog,itm-58f3f435-31e9-49c3-a45b-9d61d8e8da20,Kid's Corn Dog,0,modgrp-b72ffade-4c38-473e-bfc0-101f7fdc4e1f,Food Modifiers,modfr-3a581c46-ac3c-4753-9a5d-3c5277c49aa6,Onions,0,False,0,99,True,NULL,NULL,False,,0.5000,True,False,2025-08-22 06:57:39.012653,2025-08-22 06:57:39.012653,2026-06-21 12:59:32.553003
org-tf5i2lw1qz,Sakshi Demo,loc-f9507722-f4c3-45a1-a7a6-6358548bea05,A&w Lab new(Dont take order),catlg-5f49688b-1b0a-4963-9e20-90dba233b023,A&w Lab new(Dont take order) Catalog,itm-58f3f435-31e9-49c3-a45b-9d61d8e8da20,Kid's Corn Dog,0,modgrp-b72ffade-4c38-473e-bfc0-101f7fdc4e1f,Food Modifiers,modfr-43e04c6d-7c12-4a7b-80c0-a89efd25f7da,Lettuce,0,False,0,99,True,NULL,NULL,False,,0.5000,True,False,2025-08-22 06:57:39.012652,2025-08-22 06:57:39.012652,2026-06-21 12:59:32.553003
org-tf5i2lw1qz,Sakshi Demo,loc-f9507722-f4c3-45a1-a7a6-6358548bea05,A&w Lab new(Dont take order),catlg-5f49688b-1b0a-4963-9e20-90dba233b023,A&w Lab new(Dont take order) Catalog,itm-58f3f435-31e9-49c3-a45b-9d61d8e8da20,Kid's Corn Dog,0,modgrp-b72ffade-4c38-473e-bfc0-101f7fdc4e1f,Food Modifiers,modfr-43e9d07d-5125-49c9-b583-0fc0fbed4819,Burger Patty,0,False,0,99,True,NULL,NULL,False,,1.4000,True,False,2025-08-22 06:57:39.01265,2025-08-22 06:57:39.01265,2026-06-21 12:59:32.553003
org-tf5i2lw1qz,Sakshi Demo,loc-f9507722-f4c3-45a1-a7a6-6358548bea05,A&w Lab new(Dont take order),catlg-5f49688b-1b0a-4963-9e20-90dba233b023,A&w Lab new(Dont take order) Catalog,itm-58f3f435-31e9-49c3-a45b-9d61d8e8da20,Kid's Corn Dog,0,modgrp-b72ffade-4c38-473e-bfc0-101f7fdc4e1f,Food Modifiers,modfr-451c83fd-91fe-4d9c-8541-0b75d1b2c115,Sweet Relish ,0,False,0,99,True,NULL,NULL,False,,NULL,True,False,2025-08-22 06:57:39.012654,2025-08-22 06:57:39.012654,2026-06-21 12:59:32.553003
org-tf5i2lw1qz,Sakshi Demo,loc-f9507722-f4c3-45a1-a7a6-6358548bea05,A&w Lab new(Dont take order),catlg-5f49688b-1b0a-4963-9e20-90dba233b023,A&w Lab new(Dont take order) Catalog,itm-58f3f435-31e9-49c3-a45b-9d61d8e8da20,Kid's Corn Dog,0,modgrp-b72ffade-4c38-473e-bfc0-101f7fdc4e1f,Food Modifiers,modfr-4fef7613-c30c-4100-be5e-33af53bd66e5,Spicy Papa Sauce Spread,0,False,0,99,True,NULL,NULL,False,,NULL,True,False,2025-08-22 06:57:39.012661,2025-08-22 06:57:39.012661,2026-06-21 12:59:32.553003
org-tf5i2lw1qz,Sakshi Demo,loc-f9507722-f4c3-45a1-a7a6-6358548bea05,A&w Lab new(Dont take order),catlg-5f49688b-1b0a-4963-9e20-90dba233b023,A&w Lab new(Dont take order) Catalog,itm-58f3f435-31e9-49c3-a45b-9d61d8e8da20,Kid's Corn Dog,0,modgrp-b72ffade-4c38-473e-bfc0-101f7fdc4e1f,Food Modifiers,modfr-596840a4-1d42-419b-a8d3-e5305259b81d,Bun,0,False,0,99,True,NULL,NULL,False,,0.5000,True,False,2025-08-22 06:57:39.01265,2025-08-22 06:57:39.01265,2026-06-21 12:59:32.553003
org-tf5i2lw1qz,Sakshi Demo,loc-f9507722-f4c3-45a1-a7a6-6358548bea05,A&w Lab new(Dont take order),catlg-5f49688b-1b0a-4963-9e20-90dba233b023,A&w Lab new(Dont take order) Catalog,itm-58f3f435-31e9-49c3-a45b-9d61d8e8da20,Kid's Corn Dog,0,modgrp-b72ffade-4c38-473e-bfc0-101f7fdc4e1f,Food Modifiers,modfr-5dc1baf2-d571-4895-b1ec-1faad0298879,Seasoning,0,False,0,99,True,NULL,NULL,False,,NULL,True,False,2025-08-22 06:57:39.012654,2025-08-22 06:57:39.012654,2026-06-21 12:59:32.553003
org-tf5i2lw1qz,Sakshi Demo,loc-f9507722-f4c3-45a1-a7a6-6358548bea05,A&w Lab new(Dont take order),catlg-5f49688b-1b0a-4963-9e20-90dba233b023,A&w Lab new(Dont take order) Catalog,itm-58f3f435-31e9-49c3-a45b-9d61d8e8da20,Kid's Corn Dog,0,modgrp-b72ffade-4c38-473e-bfc0-101f7fdc4e1f,Food Modifiers,modfr-5fe0cbae-a971-44cf-9201-99ca2623024f,Olives,0,False,0,99,True,NULL,NULL,False,,0.5000,True,False,2025-08-22 06:57:39.012661,2025-08-22 06:57:39.012661,2026-06-21 12:59:32.553003
org-tf5i2lw1qz,Sakshi Demo,loc-f9507722-f4c3-45a1-a7a6-6358548bea05,A&w Lab new(Dont take order),catlg-5f49688b-1b0a-4963-9e20-90dba233b023,A&w Lab new(Dont take order) Catalog,itm-58f3f435-31e9-49c3-a45b-9d61d8e8da20,Kid's Corn Dog,0,modgrp-b72ffade-4c38-473e-bfc0-101f7fdc4e1f,Food Modifiers,modfr-600274b1-dd7a-411e-b457-ae171b9f21cb,Pickles,0,False,0,99,True,NULL,NULL,False,,0.5000,True,False,2025-08-22 06:57:39.012653,2025-08-22 06:57:39.012653,2026-06-21 12:59:32.553003
org-tf5i2lw1qz,Sakshi Demo,loc-f9507722-f4c3-45a1-a7a6-6358548bea05,A&w Lab new(Dont take order),catlg-5f49688b-1b0a-4963-9e20-90dba233b023,A&w Lab new(Dont take order) Catalog,itm-58f3f435-31e9-49c3-a45b-9d61d8e8da20,Kid's Corn Dog,0,modgrp-b72ffade-4c38-473e-bfc0-101f7fdc4e1f,Food Modifiers,modfr-60eab4a7-5c2f-4049-8e50-3342b2bc6671,No Seasoning,0,False,0,99,True,NULL,NULL,False,,NULL,True,False,2025-08-22 06:57:39.012657,2025-08-22 06:57:39.012657,2026-06-21 12:59:32.553003
org-tf5i2lw1qz,Sakshi Demo,loc-f9507722-f4c3-45a1-a7a6-6358548bea05,A&w Lab new(Dont take order),catlg-5f49688b-1b0a-4963-9e20-90dba233b023,A&w Lab new(Dont take order) Catalog,itm-58f3f435-31e9-49c3-a45b-9d61d8e8da20,Kid's Corn Dog,0,modgrp-b72ffade-4c38-473e-bfc0-101f7fdc4e1f,Food Modifiers,modfr-636c1335-a52a-407c-8a4f-4949811b26de,Mushroom Onion Mix,0,False,0,99,True,NULL,NULL,False,,0.5000,True,False,2025-08-22 06:57:39.01266,2025-08-22 06:57:39.01266,2026-06-21 12:59:32.553003
org-tf5i2lw1qz,Sakshi Demo,loc-f9507722-f4c3-45a1-a7a6-6358548bea05,A&w Lab new(Dont take order),catlg-5f49688b-1b0a-4963-9e20-90dba233b023,A&w Lab new(Dont take order) Catalog,itm-58f3f435-31e9-49c3-a45b-9d61d8e8da20,Kid's Corn Dog,0,modgrp-b72ffade-4c38-473e-bfc0-101f7fdc4e1f,Food Modifiers,modfr-63cdc41a-51c3-4db0-850c-adcf28442577,Papa Sauce,0,False,0,99,True,NULL,NULL,False,,0.2500,True,False,2025-08-22 06:57:39.012653,2025-08-22 06:57:39.012653,2026-06-21 12:59:32.553003
org-tf5i2lw1qz,Sakshi Demo,loc-f9507722-f4c3-45a1-a7a6-6358548bea05,A&w Lab new(Dont take order),catlg-5f49688b-1b0a-4963-9e20-90dba233b023,A&w Lab new(Dont take order) Catalog,itm-58f3f435-31e9-49c3-a45b-9d61d8e8da20,Kid's Corn Dog,0,modgrp-b72ffade-4c38-473e-bfc0-101f7fdc4e1f,Food Modifiers,modfr-69dda00b-eeb0-4cbe-b96b-2b404ef6e312,Ranch,0,False,0,99,True,NULL,NULL,False,,0.2500,True,False,2025-08-22 06:57:39.012653,2025-08-22 06:57:39.012653,2026-06-21 12:59:32.553003
org-tf5i2lw1qz,Sakshi Demo,loc-f9507722-f4c3-45a1-a7a6-6358548bea05,A&w Lab new(Dont take order),catlg-5f49688b-1b0a-4963-9e20-90dba233b023,A&w Lab new(Dont take order) Catalog,itm-58f3f435-31e9-49c3-a45b-9d61d8e8da20,Kid's Corn Dog,0,modgrp-b72ffade-4c38-473e-bfc0-101f7fdc4e1f,Food Modifiers,modfr-8720529a-b7df-4609-b58c-040642d13093,Mozzarella Chz,0,False,0,99,True,NULL,NULL,False,,0.6000,True,False,2025-08-22 06:57:39.012662,2025-08-22 06:57:39.012662,2026-06-21 12:59:32.553003
org-tf5i2lw1qz,Sakshi Demo,loc-f9507722-f4c3-45a1-a7a6-6358548bea05,A&w Lab new(Dont take order),catlg-5f49688b-1b0a-4963-9e20-90dba233b023,A&w Lab new(Dont take order) Catalog,itm-58f3f435-31e9-49c3-a45b-9d61d8e8da20,Kid's Corn Dog,0,modgrp-b72ffade-4c38-473e-bfc0-101f7fdc4e1f,Food Modifiers,modfr-9f3f04e5-4a97-4b29-982d-a463fcb73294,Note To Kitchen,0,False,0,99,True,NULL,NULL,False,,NULL,True,False,2025-08-22 06:57:39.012655,2025-08-22 06:57:39.012655,2026-06-21 12:59:32.553003
org-tf5i2lw1qz,Sakshi Demo,loc-f9507722-f4c3-45a1-a7a6-6358548bea05,A&w Lab new(Dont take order),catlg-5f49688b-1b0a-4963-9e20-90dba233b023,A&w Lab new(Dont take order) Catalog,itm-58f3f435-31e9-49c3-a45b-9d61d8e8da20,Kid's Corn Dog,0,modgrp-b72ffade-4c38-473e-bfc0-101f7fdc4e1f,Food Modifiers,modfr-a303b140-9347-41c1-b406-9cabade32e91,See Server,0,False,0,99,True,NULL,NULL,False,,NULL,True,False,2025-08-22 06:57:39.012646,2025-08-22 06:57:39.012646,2026-06-21 12:59:32.553003
org-tf5i2lw1qz,Sakshi Demo,loc-f9507722-f4c3-45a1-a7a6-6358548bea05,A&w Lab new(Dont take order),catlg-5f49688b-1b0a-4963-9e20-90dba233b023,A&w Lab new(Dont take order) Catalog,itm-58f3f435-31e9-49c3-a45b-9d61d8e8da20,Kid's Corn Dog,0,modgrp-b72ffade-4c38-473e-bfc0-101f7fdc4e1f,Food Modifiers,modfr-a6b7a778-e5b5-432f-af9d-13f05ef0647d,Tomato,0,False,0,99,True,NULL,NULL,False,,0.5000,True,False,2025-08-22 06:57:39.012655,2025-08-22 06:57:39.012655,2026-06-21 12:59:32.553003
org-tf5i2lw1qz,Sakshi Demo,loc-f9507722-f4c3-45a1-a7a6-6358548bea05,A&w Lab new(Dont take order),catlg-5f49688b-1b0a-4963-9e20-90dba233b023,A&w Lab new(Dont take order) Catalog,itm-6111f62f-7b1f-4085-80f6-a04f71e65d45,Mini Meal - Bacon Single,0,modgrp-714a3554-6806-4a29-9e33-7ee10d1b2af6,Sauce,modfr-ddec8a33-674e-41fb-8a19-39d169a176fb,Buffalo Sauce,0,False,0,8,True,NULL,NULL,False,,0.2500,True,False,2025-08-22 06:57:39.012656,2025-08-22 06:57:39.012656,2026-06-21 13:00:41.434162
org-tf5i2lw1qz,Sakshi Demo,loc-f9507722-f4c3-45a1-a7a6-6358548bea05,A&w Lab new(Dont take order),catlg-5f49688b-1b0a-4963-9e20-90dba233b023,A&w Lab new(Dont take order) Catalog,itm-6111f62f-7b1f-4085-80f6-a04f71e65d45,Mini Meal - Bacon Single,0,modgrp-714a3554-6806-4a29-9e33-7ee10d1b2af6,Sauce,modfr-e17f370c-e3d2-4932-988f-392c24871efd,Sweet & Sour,0,False,0,8,True,NULL,NULL,False,,NULL,True,False,2025-08-22 06:57:39.012656,2025-08-22 06:57:39.012656,2026-06-21 13:00:41.434162
org-tf5i2lw1qz,Sakshi Demo,loc-f9507722-f4c3-45a1-a7a6-6358548bea05,A&w Lab new(Dont take order),catlg-5f49688b-1b0a-4963-9e20-90dba233b023,A&w Lab new(Dont take order) Catalog,itm-6111f62f-7b1f-4085-80f6-a04f71e65d45,Mini Meal - Bacon Single,0,modgrp-714a3554-6806-4a29-9e33-7ee10d1b2af6,Sauce,modfr-f0022724-2c21-4b4d-bf45-88ebcac4c4c7,Cocktail Sauce,0,False,0,8,True,NULL,NULL,False,,0.2500,True,False,2025-08-22 06:57:39.012651,2025-08-22 06:57:39.012651,2026-06-21 13:00:41.434162
org-tf5i2lw1qz,Sakshi Demo,loc-f9507722-f4c3-45a1-a7a6-6358548bea05,A&w Lab new(Dont take order),catlg-5f49688b-1b0a-4963-9e20-90dba233b023,A&w Lab new(Dont take order) Catalog,itm-6111f62f-7b1f-4085-80f6-a04f71e65d45,Mini Meal - Bacon Single,0,modgrp-8fd04014-ad65-4701-88dc-3aa99760bcd5,1pc Ckn Tender Sauce,modfr-01116117-d2c5-4ee7-9713-392330d6350c,French,0,False,0,8,True,NULL,NULL,False,,NULL,True,False,2025-08-22 06:57:39.012681,2025-08-22 06:57:39.012681,2026-06-21 13:00:41.434162
org-tf5i2lw1qz,Sakshi Demo,loc-f9507722-f4c3-45a1-a7a6-6358548bea05,A&w Lab new(Dont take order),catlg-5f49688b-1b0a-4963-9e20-90dba233b023,A&w Lab new(Dont take order) Catalog,itm-6111f62f-7b1f-4085-80f6-a04f71e65d45,Mini Meal - Bacon Single,0,modgrp-8fd04014-ad65-4701-88dc-3aa99760bcd5,1pc Ckn Tender Sauce,modfr-24ddc0bc-7bc7-4863-9c34-2397f0090b41,Sweet & Sour Sauce,0,False,0,8,True,NULL,NULL,False,,0.5000,True,False,2025-08-22 06:57:39.012659,2025-08-22 06:57:39.012659,2026-06-21 13:00:41.434162
org-tf5i2lw1qz,Sakshi Demo,loc-f9507722-f4c3-45a1-a7a6-6358548bea05,A&w Lab new(Dont take order),catlg-5f49688b-1b0a-4963-9e20-90dba233b023,A&w Lab new(Dont take order) Catalog,itm-6111f62f-7b1f-4085-80f6-a04f71e65d45,Mini Meal - Bacon Single,0,modgrp-8fd04014-ad65-4701-88dc-3aa99760bcd5,1pc Ckn Tender Sauce,modfr-26265f60-ae51-410d-aefe-1b0458f94fc9,Chz Sauce,0,False,0,8,True,NULL,NULL,False,,0.5000,True,False,2025-08-22 06:57:39.012651,2025-08-22 06:57:39.012651,2026-06-21 13:00:41.434162
org-tf5i2lw1qz,Sakshi Demo,loc-f9507722-f4c3-45a1-a7a6-6358548bea05,A&w Lab new(Dont take order),catlg-5f49688b-1b0a-4963-9e20-90dba233b023,A&w Lab new(Dont take order) Catalog,itm-6111f62f-7b1f-4085-80f6-a04f71e65d45,Mini Meal - Bacon Single,0,modgrp-8fd04014-ad65-4701-88dc-3aa99760bcd5,1pc Ckn Tender Sauce,modfr-275bcc70-d9a8-40c6-b40e-cefece6f1f99,Tartar,0,False,0,8,True,NULL,NULL,False,,0.2500,True,False,2025-08-22 06:57:39.012655,2025-08-22 06:57:39.012655,2026-06-21 13:00:41.434162
org-tf5i2lw1qz,Sakshi Demo,loc-f9507722-f4c3-45a1-a7a6-6358548bea05,A&w Lab new(Dont take order),catlg-5f49688b-1b0a-4963-9e20-90dba233b023,A&w Lab new(Dont take order) Catalog,itm-6111f62f-7b1f-4085-80f6-a04f71e65d45,Mini Meal - Bacon Single,0,modgrp-8fd04014-ad65-4701-88dc-3aa99760bcd5,1pc Ckn Tender Sauce,modfr-276ef1cd-4cf7-4224-9fc5-f2d2d7a696f5,BBQ Sauce,0,False,0,8,True,NULL,NULL,False,,0.2500,True,False,2025-08-22 06:57:39.012649,2025-08-22 06:57:39.012649,2026-06-21 13:00:41.434162
org-tf5i2lw1qz,Sakshi Demo,loc-f9507722-f4c3-45a1-a7a6-6358548bea05,A&w Lab new(Dont take order),catlg-5f49688b-1b0a-4963-9e20-90dba233b023,A&w Lab new(Dont take order) Catalog,itm-6111f62f-7b1f-4085-80f6-a04f71e65d45,Mini Meal - Bacon Single,0,modgrp-8fd04014-ad65-4701-88dc-3aa99760bcd5,1pc Ckn Tender Sauce,modfr-292ddb3b-7e37-409d-aee3-c24128a31eca,Marinara,0,False,0,8,True,NULL,NULL,False,,0.2500,True,False,2025-08-22 06:57:39.012656,2025-08-22 06:57:39.012656,2026-06-21 13:00:41.434162
org-tf5i2lw1qz,Sakshi Demo,loc-f9507722-f4c3-45a1-a7a6-6358548bea05,A&w Lab new(Dont take order),catlg-5f49688b-1b0a-4963-9e20-90dba233b023,A&w Lab new(Dont take order) Catalog,itm-6111f62f-7b1f-4085-80f6-a04f71e65d45,Mini Meal - Bacon Single,0,modgrp-8fd04014-ad65-4701-88dc-3aa99760bcd5,1pc Ckn Tender Sauce,modfr-2a81febd-94dc-4471-a19b-b81d59dd2734,Spicy Papa Sauce,0,False,0,8,True,NULL,NULL,False,,0.2500,True,False,2025-08-22 06:57:39.012654,2025-08-22 06:57:39.012654,2026-06-21 13:00:41.434162
org-tf5i2lw1qz,Sakshi Demo,loc-f9507722-f4c3-45a1-a7a6-6358548bea05,A&w Lab new(Dont take order),catlg-5f49688b-1b0a-4963-9e20-90dba233b023,A&w Lab new(Dont take order) Catalog,itm-6111f62f-7b1f-4085-80f6-a04f71e65d45,Mini Meal - Bacon Single,0,modgrp-8fd04014-ad65-4701-88dc-3aa99760bcd5,1pc Ckn Tender Sauce,modfr-2b083dd1-5a19-48d5-8c9e-83721369e8ac,Mustard Pkt,0,False,0,8,True,NULL,NULL,False,,0.2500,True,False,2025-08-22 06:57:39.012658,2025-08-22 06:57:39.012658,2026-06-21 13:00:41.434162
org-tf5i2lw1qz,Sakshi Demo,loc-f9507722-f4c3-45a1-a7a6-6358548bea05,A&w Lab new(Dont take order),catlg-5f49688b-1b0a-4963-9e20-90dba233b023,A&w Lab new(Dont take order) Catalog,itm-6111f62f-7b1f-4085-80f6-a04f71e65d45,Mini Meal - Bacon Single,0,modgrp-8fd04014-ad65-4701-88dc-3aa99760bcd5,1pc Ckn Tender Sauce,modfr-2cd9a486-1d14-4d60-a9be-029988a0f9cf,Honey Mustard,0,False,0,8,True,NULL,NULL,False,,0.2500,True,False,2025-08-22 06:57:39.012651,2025-08-22 06:57:39.012651,2026-06-21 13:00:41.434162
org-tf5i2lw1qz,Sakshi Demo,loc-f9507722-f4c3-45a1-a7a6-6358548bea05,A&w Lab new(Dont take order),catlg-5f49688b-1b0a-4963-9e20-90dba233b023,A&w Lab new(Dont take order) Catalog,itm-6111f62f-7b1f-4085-80f6-a04f71e65d45,Mini Meal - Bacon Single,0,modgrp-8fd04014-ad65-4701-88dc-3aa99760bcd5,1pc Ckn Tender Sauce,modfr-2d3af169-267e-4bb9-bb39-bf1bed85e1d0,No Sauce,0,False,0,8,True,NULL,NULL,False,,NULL,True,False,2025-08-22 06:57:39.012655,2025-08-22 06:57:39.012655,2026-06-21 13:00:41.434162
org-tf5i2lw1qz,Sakshi Demo,loc-f9507722-f4c3-45a1-a7a6-6358548bea05,A&w Lab new(Dont take order),catlg-5f49688b-1b0a-4963-9e20-90dba233b023,A&w Lab new(Dont take order) Catalog,itm-6111f62f-7b1f-4085-80f6-a04f71e65d45,Mini Meal - Bacon Single,0,modgrp-8fd04014-ad65-4701-88dc-3aa99760bcd5,1pc Ckn Tender Sauce,modfr-2e44d443-ac25-4153-8f8a-eaa012030aa6,AW Sauce,0,False,0,8,True,NULL,NULL,False,,0.2500,True,False,2025-08-22 06:57:39.01266,2025-08-22 06:57:39.01266,2026-06-21 13:00:41.434162
org-tf5i2lw1qz,Sakshi Demo,loc-f9507722-f4c3-45a1-a7a6-6358548bea05,A&w Lab new(Dont take order),catlg-5f49688b-1b0a-4963-9e20-90dba233b023,A&w Lab new(Dont take order) Catalog,itm-6111f62f-7b1f-4085-80f6-a04f71e65d45,Mini Meal - Bacon Single,0,modgrp-8fd04014-ad65-4701-88dc-3aa99760bcd5,1pc Ckn Tender Sauce,modfr-36d60814-bf93-42aa-a157-63f7ab6546cf,Ketchup,0,False,0,8,True,NULL,NULL,False,,NULL,True,False,2025-08-22 06:57:39.012652,2025-08-22 06:57:39.012652,2026-06-21 13:00:41.434162
org-tf5i2lw1qz,Sakshi Demo,loc-f9507722-f4c3-45a1-a7a6-6358548bea05,A&w Lab new(Dont take order),catlg-5f49688b-1b0a-4963-9e20-90dba233b023,A&w Lab new(Dont take order) Catalog,itm-6111f62f-7b1f-4085-80f6-a04f71e65d45,Mini Meal - Bacon Single,0,modgrp-8fd04014-ad65-4701-88dc-3aa99760bcd5,1pc Ckn Tender Sauce,modfr-451c83fd-91fe-4d9c-8541-0b75d1b2c115,Sweet Relish ,0,False,0,8,True,NULL,NULL,False,,NULL,True,False,2025-08-22 06:57:39.012654,2025-08-22 06:57:39.012654,2026-06-21 13:00:41.434162
org-tf5i2lw1qz,Sakshi Demo,loc-f9507722-f4c3-45a1-a7a6-6358548bea05,A&w Lab new(Dont take order),catlg-5f49688b-1b0a-4963-9e20-90dba233b023,A&w Lab new(Dont take order) Catalog,itm-6111f62f-7b1f-4085-80f6-a04f71e65d45,Mini Meal - Bacon Single,0,modgrp-8fd04014-ad65-4701-88dc-3aa99760bcd5,1pc Ckn Tender Sauce,modfr-63cdc41a-51c3-4db0-850c-adcf28442577,Papa Sauce,0,False,0,8,True,NULL,NULL,False,,0.2500,True,False,2025-08-22 06:57:39.012653,2025-08-22 06:57:39.012653,2026-06-21 13:00:41.434162
org-tf5i2lw1qz,Sakshi Demo,loc-f9507722-f4c3-45a1-a7a6-6358548bea05,A&w Lab new(Dont take order),catlg-5f49688b-1b0a-4963-9e20-90dba233b023,A&w Lab new(Dont take order) Catalog,itm-58f3f435-31e9-49c3-a45b-9d61d8e8da20,Kid's Corn Dog,0,modgrp-b72ffade-4c38-473e-bfc0-101f7fdc4e1f,Food Modifiers,modfr-a9fbc7f2-c0a8-4b08-a885-2396099d20a7,Crispy,0,False,0,99,True,NULL,NULL,False,,NULL,True,False,2025-08-22 06:57:39.012657,2025-08-22 06:57:39.012657,2026-06-21 12:59:32.553003
org-tf5i2lw1qz,Sakshi Demo,loc-f9507722-f4c3-45a1-a7a6-6358548bea05,A&w Lab new(Dont take order),catlg-5f49688b-1b0a-4963-9e20-90dba233b023,A&w Lab new(Dont take order) Catalog,itm-58f3f435-31e9-49c3-a45b-9d61d8e8da20,Kid's Corn Dog,0,modgrp-b72ffade-4c38-473e-bfc0-101f7fdc4e1f,Food Modifiers,modfr-ab32817c-f837-4805-836f-7be8ddf09b83,Grilled Onions,0,False,0,99,True,NULL,NULL,False,,0.5000,True,False,2025-08-22 06:57:39.012651,2025-08-22 06:57:39.012651,2026-06-21 12:59:32.553003
org-tf5i2lw1qz,Sakshi Demo,loc-f9507722-f4c3-45a1-a7a6-6358548bea05,A&w Lab new(Dont take order),catlg-5f49688b-1b0a-4963-9e20-90dba233b023,A&w Lab new(Dont take order) Catalog,itm-58f3f435-31e9-49c3-a45b-9d61d8e8da20,Kid's Corn Dog,0,modgrp-b72ffade-4c38-473e-bfc0-101f7fdc4e1f,Food Modifiers,modfr-ae57378e-5cf5-4b7a-ac2d-5792d81252d7,Salt,0,False,0,99,True,NULL,NULL,False,,NULL,True,False,2025-08-22 06:57:39.012654,2025-08-22 06:57:39.012654,2026-06-21 12:59:32.553003
org-tf5i2lw1qz,Sakshi Demo,loc-f9507722-f4c3-45a1-a7a6-6358548bea05,A&w Lab new(Dont take order),catlg-5f49688b-1b0a-4963-9e20-90dba233b023,A&w Lab new(Dont take order) Catalog,itm-58f3f435-31e9-49c3-a45b-9d61d8e8da20,Kid's Corn Dog,0,modgrp-b72ffade-4c38-473e-bfc0-101f7fdc4e1f,Food Modifiers,modfr-b0c226fb-dbc0-4c4b-9c19-f3c61cdbc17e,Garlic Aioli,0,False,0,99,True,NULL,NULL,False,,0.6500,True,False,2025-08-22 06:57:39.004952,2025-08-22 06:57:36.185409,2026-06-21 12:59:32.553003
org-tf5i2lw1qz,Sakshi Demo,loc-f9507722-f4c3-45a1-a7a6-6358548bea05,A&w Lab new(Dont take order),catlg-5f49688b-1b0a-4963-9e20-90dba233b023,A&w Lab new(Dont take order) Catalog,itm-58f3f435-31e9-49c3-a45b-9d61d8e8da20,Kid's Corn Dog,0,modgrp-b72ffade-4c38-473e-bfc0-101f7fdc4e1f,Food Modifiers,modfr-b20c0605-f799-4d08-a072-f7f7f4986398,Sweet Thai Chili,0,False,0,99,True,NULL,NULL,False,,0.2500,True,False,2025-08-22 06:57:39.012657,2025-08-22 06:57:39.012657,2026-06-21 12:59:32.553003
org-tf5i2lw1qz,Sakshi Demo,loc-f9507722-f4c3-45a1-a7a6-6358548bea05,A&w Lab new(Dont take order),catlg-5f49688b-1b0a-4963-9e20-90dba233b023,A&w Lab new(Dont take order) Catalog,itm-58f3f435-31e9-49c3-a45b-9d61d8e8da20,Kid's Corn Dog,0,modgrp-b72ffade-4c38-473e-bfc0-101f7fdc4e1f,Food Modifiers,modfr-b22c2ec1-c1e4-49b0-ae25-36f4758af9c7,Ketchup Pkt,0,False,0,99,True,NULL,NULL,False,,0.2500,True,False,2025-08-22 06:57:39.012658,2025-08-22 06:57:39.012658,2026-06-21 12:59:32.553003
org-tf5i2lw1qz,Sakshi Demo,loc-f9507722-f4c3-45a1-a7a6-6358548bea05,A&w Lab new(Dont take order),catlg-5f49688b-1b0a-4963-9e20-90dba233b023,A&w Lab new(Dont take order) Catalog,itm-58f3f435-31e9-49c3-a45b-9d61d8e8da20,Kid's Corn Dog,0,modgrp-b72ffade-4c38-473e-bfc0-101f7fdc4e1f,Food Modifiers,modfr-b286d49a-7dca-411a-824f-016be46ee189,Fry Sauce,0,False,0,99,True,NULL,NULL,False,,0.5000,True,False,2025-08-22 06:57:39.012658,2025-08-22 06:57:39.012658,2026-06-21 12:59:32.553003
org-tf5i2lw1qz,Sakshi Demo,loc-f9507722-f4c3-45a1-a7a6-6358548bea05,A&w Lab new(Dont take order),catlg-5f49688b-1b0a-4963-9e20-90dba233b023,A&w Lab new(Dont take order) Catalog,itm-58f3f435-31e9-49c3-a45b-9d61d8e8da20,Kid's Corn Dog,0,modgrp-b72ffade-4c38-473e-bfc0-101f7fdc4e1f,Food Modifiers,modfr-b3b90b5d-dca0-4d7f-8d36-a4912ea1dd6f,Plain,0,False,0,99,True,NULL,NULL,False,,NULL,True,False,2025-08-22 06:57:39.012645,2025-08-22 06:57:39.012645,2026-06-21 12:59:32.553003
org-tf5i2lw1qz,Sakshi Demo,loc-f9507722-f4c3-45a1-a7a6-6358548bea05,A&w Lab new(Dont take order),catlg-5f49688b-1b0a-4963-9e20-90dba233b023,A&w Lab new(Dont take order) Catalog,itm-58f3f435-31e9-49c3-a45b-9d61d8e8da20,Kid's Corn Dog,0,modgrp-b72ffade-4c38-473e-bfc0-101f7fdc4e1f,Food Modifiers,modfr-b5669eac-1683-40bf-bc53-6ebec4b8daf9,**Peanut Allergy**,0,False,0,99,True,NULL,NULL,False,,NULL,True,False,2025-08-22 06:57:39.012643,2025-08-22 06:57:39.012643,2026-06-21 12:59:32.553003
org-tf5i2lw1qz,Sakshi Demo,loc-f9507722-f4c3-45a1-a7a6-6358548bea05,A&w Lab new(Dont take order),catlg-5f49688b-1b0a-4963-9e20-90dba233b023,A&w Lab new(Dont take order) Catalog,itm-58f3f435-31e9-49c3-a45b-9d61d8e8da20,Kid's Corn Dog,0,modgrp-b72ffade-4c38-473e-bfc0-101f7fdc4e1f,Food Modifiers,modfr-b758430e-3ccf-437f-b95a-fbac4315d3dc,Mayo Pkt,0,False,0,99,True,NULL,NULL,False,,NULL,True,False,2025-08-22 06:57:39.012656,2025-08-22 06:57:39.012656,2026-06-21 12:59:32.553003
org-tf5i2lw1qz,Sakshi Demo,loc-f9507722-f4c3-45a1-a7a6-6358548bea05,A&w Lab new(Dont take order),catlg-5f49688b-1b0a-4963-9e20-90dba233b023,A&w Lab new(Dont take order) Catalog,itm-58f3f435-31e9-49c3-a45b-9d61d8e8da20,Kid's Corn Dog,0,modgrp-b72ffade-4c38-473e-bfc0-101f7fdc4e1f,Food Modifiers,modfr-ba1cbea0-c3c8-44f0-9926-1313f7491646,Sour Cream,0,False,0,99,True,NULL,NULL,False,,0.6000,True,False,2025-08-22 06:57:39.01266,2025-08-22 06:57:39.01266,2026-06-21 12:59:32.553003
org-tf5i2lw1qz,Sakshi Demo,loc-f9507722-f4c3-45a1-a7a6-6358548bea05,A&w Lab new(Dont take order),catlg-5f49688b-1b0a-4963-9e20-90dba233b023,A&w Lab new(Dont take order) Catalog,itm-58f3f435-31e9-49c3-a45b-9d61d8e8da20,Kid's Corn Dog,0,modgrp-b72ffade-4c38-473e-bfc0-101f7fdc4e1f,Food Modifiers,modfr-bab3cf08-7dff-4be8-a6f4-75fa3c78a520,Garlic/Herb Spread,0,False,0,99,True,NULL,NULL,False,,0.5000,True,False,2025-08-22 06:57:39.012661,2025-08-22 06:57:39.012661,2026-06-21 12:59:32.553003
org-tf5i2lw1qz,Sakshi Demo,loc-f9507722-f4c3-45a1-a7a6-6358548bea05,A&w Lab new(Dont take order),catlg-5f49688b-1b0a-4963-9e20-90dba233b023,A&w Lab new(Dont take order) Catalog,itm-58f3f435-31e9-49c3-a45b-9d61d8e8da20,Kid's Corn Dog,0,modgrp-b72ffade-4c38-473e-bfc0-101f7fdc4e1f,Food Modifiers,modfr-bbb68806-cb3a-4050-af41-1e5de53f01ca,Fish Patty,0,False,0,99,True,NULL,NULL,False,,2.1900,True,False,2025-08-22 06:57:39.012659,2025-08-22 06:57:39.012659,2026-06-21 12:59:32.553003
org-tf5i2lw1qz,Sakshi Demo,loc-f9507722-f4c3-45a1-a7a6-6358548bea05,A&w Lab new(Dont take order),catlg-5f49688b-1b0a-4963-9e20-90dba233b023,A&w Lab new(Dont take order) Catalog,itm-58f3f435-31e9-49c3-a45b-9d61d8e8da20,Kid's Corn Dog,0,modgrp-b72ffade-4c38-473e-bfc0-101f7fdc4e1f,Food Modifiers,modfr-c1093d26-5dad-4b1f-bd38-9613a5f98a8c,No Burger Patty,0,False,0,99,True,NULL,NULL,False,,NULL,True,False,2025-08-22 06:57:39.012658,2025-08-22 06:57:39.012658,2026-06-21 12:59:32.553003
org-tf5i2lw1qz,Sakshi Demo,loc-f9507722-f4c3-45a1-a7a6-6358548bea05,A&w Lab new(Dont take order),catlg-5f49688b-1b0a-4963-9e20-90dba233b023,A&w Lab new(Dont take order) Catalog,itm-58f3f435-31e9-49c3-a45b-9d61d8e8da20,Kid's Corn Dog,0,modgrp-b72ffade-4c38-473e-bfc0-101f7fdc4e1f,Food Modifiers,modfr-c2a93153-69be-4086-a9a3-330b1276b6e8,3 Pepper Fire Sauce,0,False,0,99,True,NULL,NULL,False,,0.2500,True,False,2025-08-22 06:57:39.01266,2025-08-22 06:57:39.01266,2026-06-21 12:59:32.553003
org-tf5i2lw1qz,Sakshi Demo,loc-f9507722-f4c3-45a1-a7a6-6358548bea05,A&w Lab new(Dont take order),catlg-5f49688b-1b0a-4963-9e20-90dba233b023,A&w Lab new(Dont take order) Catalog,itm-58f3f435-31e9-49c3-a45b-9d61d8e8da20,Kid's Corn Dog,0,modgrp-b72ffade-4c38-473e-bfc0-101f7fdc4e1f,Food Modifiers,modfr-c4b2e696-3555-4b1e-a310-8f78c111a31d,Celery Salt,0,False,0,99,True,NULL,NULL,False,,NULL,True,False,2025-08-22 06:57:39.012661,2025-08-22 06:57:39.012661,2026-06-21 12:59:32.553003
org-tf5i2lw1qz,Sakshi Demo,loc-f9507722-f4c3-45a1-a7a6-6358548bea05,A&w Lab new(Dont take order),catlg-5f49688b-1b0a-4963-9e20-90dba233b023,A&w Lab new(Dont take order) Catalog,itm-58f3f435-31e9-49c3-a45b-9d61d8e8da20,Kid's Corn Dog,0,modgrp-b72ffade-4c38-473e-bfc0-101f7fdc4e1f,Food Modifiers,modfr-cb5581a2-b334-4496-b1a3-97e1cc2e7e12,Salad Dressing,0,False,0,99,True,NULL,NULL,False,,NULL,True,False,2025-08-22 06:57:39.012653,2025-08-22 06:57:39.012653,2026-06-21 12:59:32.553003
org-tf5i2lw1qz,Sakshi Demo,loc-f9507722-f4c3-45a1-a7a6-6358548bea05,A&w Lab new(Dont take order),catlg-5f49688b-1b0a-4963-9e20-90dba233b023,A&w Lab new(Dont take order) Catalog,itm-58f3f435-31e9-49c3-a45b-9d61d8e8da20,Kid's Corn Dog,0,modgrp-b72ffade-4c38-473e-bfc0-101f7fdc4e1f,Food Modifiers,modfr-d623fa49-7924-491d-b2b5-c28ee40c82b4,Swiss Cheese,0,False,0,99,True,NULL,NULL,False,,0.5000,True,False,2025-08-22 06:57:39.012654,2025-08-22 06:57:39.012654,2026-06-21 12:59:32.553003
org-tf5i2lw1qz,Sakshi Demo,loc-f9507722-f4c3-45a1-a7a6-6358548bea05,A&w Lab new(Dont take order),catlg-5f49688b-1b0a-4963-9e20-90dba233b023,A&w Lab new(Dont take order) Catalog,itm-6111f62f-7b1f-4085-80f6-a04f71e65d45,Mini Meal - Bacon Single,0,modgrp-8fd04014-ad65-4701-88dc-3aa99760bcd5,1pc Ckn Tender Sauce,modfr-69dda00b-eeb0-4cbe-b96b-2b404ef6e312,Ranch,0,False,0,8,True,NULL,NULL,False,,0.2500,True,False,2025-08-22 06:57:39.012653,2025-08-22 06:57:39.012653,2026-06-21 13:00:41.434162
org-tf5i2lw1qz,Sakshi Demo,loc-f9507722-f4c3-45a1-a7a6-6358548bea05,A&w Lab new(Dont take order),catlg-5f49688b-1b0a-4963-9e20-90dba233b023,A&w Lab new(Dont take order) Catalog,itm-6111f62f-7b1f-4085-80f6-a04f71e65d45,Mini Meal - Bacon Single,0,modgrp-8fd04014-ad65-4701-88dc-3aa99760bcd5,1pc Ckn Tender Sauce,modfr-aa8af7cb-ebbf-4050-9632-96407604b57e,Syrup,0,False,0,8,True,NULL,NULL,False,,0.3500,True,False,2025-08-22 06:57:39.004957,2025-08-22 06:57:36.185409,2026-06-21 13:00:41.434162
org-tf5i2lw1qz,Sakshi Demo,loc-f9507722-f4c3-45a1-a7a6-6358548bea05,A&w Lab new(Dont take order),catlg-5f49688b-1b0a-4963-9e20-90dba233b023,A&w Lab new(Dont take order) Catalog,itm-6111f62f-7b1f-4085-80f6-a04f71e65d45,Mini Meal - Bacon Single,0,modgrp-8fd04014-ad65-4701-88dc-3aa99760bcd5,1pc Ckn Tender Sauce,modfr-b20c0605-f799-4d08-a072-f7f7f4986398,Sweet Thai Chili,0,False,0,8,True,NULL,NULL,False,,0.2500,True,False,2025-08-22 06:57:39.012657,2025-08-22 06:57:39.012657,2026-06-21 13:00:41.434162
org-tf5i2lw1qz,Sakshi Demo,loc-f9507722-f4c3-45a1-a7a6-6358548bea05,A&w Lab new(Dont take order),catlg-5f49688b-1b0a-4963-9e20-90dba233b023,A&w Lab new(Dont take order) Catalog,itm-6111f62f-7b1f-4085-80f6-a04f71e65d45,Mini Meal - Bacon Single,0,modgrp-8fd04014-ad65-4701-88dc-3aa99760bcd5,1pc Ckn Tender Sauce,modfr-b22c2ec1-c1e4-49b0-ae25-36f4758af9c7,Ketchup Pkt,0,False,0,8,True,NULL,NULL,False,,0.2500,True,False,2025-08-22 06:57:39.012658,2025-08-22 06:57:39.012658,2026-06-21 13:00:41.434162
org-tf5i2lw1qz,Sakshi Demo,loc-f9507722-f4c3-45a1-a7a6-6358548bea05,A&w Lab new(Dont take order),catlg-5f49688b-1b0a-4963-9e20-90dba233b023,A&w Lab new(Dont take order) Catalog,itm-6111f62f-7b1f-4085-80f6-a04f71e65d45,Mini Meal - Bacon Single,0,modgrp-8fd04014-ad65-4701-88dc-3aa99760bcd5,1pc Ckn Tender Sauce,modfr-b286d49a-7dca-411a-824f-016be46ee189,Fry Sauce,0,False,0,8,True,NULL,NULL,False,,0.5000,True,False,2025-08-22 06:57:39.012658,2025-08-22 06:57:39.012658,2026-06-21 13:00:41.434162
org-tf5i2lw1qz,Sakshi Demo,loc-f9507722-f4c3-45a1-a7a6-6358548bea05,A&w Lab new(Dont take order),catlg-5f49688b-1b0a-4963-9e20-90dba233b023,A&w Lab new(Dont take order) Catalog,itm-6111f62f-7b1f-4085-80f6-a04f71e65d45,Mini Meal - Bacon Single,0,modgrp-8fd04014-ad65-4701-88dc-3aa99760bcd5,1pc Ckn Tender Sauce,modfr-b758430e-3ccf-437f-b95a-fbac4315d3dc,Mayo Pkt,0,False,0,8,True,NULL,NULL,False,,NULL,True,False,2025-08-22 06:57:39.012656,2025-08-22 06:57:39.012656,2026-06-21 13:00:41.434162
org-tf5i2lw1qz,Sakshi Demo,loc-f9507722-f4c3-45a1-a7a6-6358548bea05,A&w Lab new(Dont take order),catlg-5f49688b-1b0a-4963-9e20-90dba233b023,A&w Lab new(Dont take order) Catalog,itm-6111f62f-7b1f-4085-80f6-a04f71e65d45,Mini Meal - Bacon Single,0,modgrp-8fd04014-ad65-4701-88dc-3aa99760bcd5,1pc Ckn Tender Sauce,modfr-c2a93153-69be-4086-a9a3-330b1276b6e8,3 Pepper Fire Sauce,0,False,0,8,True,NULL,NULL,False,,0.2500,True,False,2025-08-22 06:57:39.01266,2025-08-22 06:57:39.01266,2026-06-21 13:00:41.434162
org-tf5i2lw1qz,Sakshi Demo,loc-f9507722-f4c3-45a1-a7a6-6358548bea05,A&w Lab new(Dont take order),catlg-5f49688b-1b0a-4963-9e20-90dba233b023,A&w Lab new(Dont take order) Catalog,itm-6111f62f-7b1f-4085-80f6-a04f71e65d45,Mini Meal - Bacon Single,0,modgrp-8fd04014-ad65-4701-88dc-3aa99760bcd5,1pc Ckn Tender Sauce,modfr-ddec8a33-674e-41fb-8a19-39d169a176fb,Buffalo Sauce,0,False,0,8,True,NULL,NULL,False,,0.2500,True,False,2025-08-22 06:57:39.012656,2025-08-22 06:57:39.012656,2026-06-21 13:00:41.434162
org-tf5i2lw1qz,Sakshi Demo,loc-f9507722-f4c3-45a1-a7a6-6358548bea05,A&w Lab new(Dont take order),catlg-5f49688b-1b0a-4963-9e20-90dba233b023,A&w Lab new(Dont take order) Catalog,itm-6111f62f-7b1f-4085-80f6-a04f71e65d45,Mini Meal - Bacon Single,0,modgrp-8fd04014-ad65-4701-88dc-3aa99760bcd5,1pc Ckn Tender Sauce,modfr-f0022724-2c21-4b4d-bf45-88ebcac4c4c7,Cocktail Sauce,0,False,0,8,True,NULL,NULL,False,,0.2500,True,False,2025-08-22 06:57:39.012651,2025-08-22 06:57:39.012651,2026-06-21 13:00:41.434162
org-tf5i2lw1qz,Sakshi Demo,loc-f9507722-f4c3-45a1-a7a6-6358548bea05,A&w Lab new(Dont take order),catlg-5f49688b-1b0a-4963-9e20-90dba233b023,A&w Lab new(Dont take order) Catalog,itm-5933df8f-0d3e-46c5-b114-68f5bb828476,Medium Float (OLO),0,modgrp-f9b90ac9-229c-438b-ba0b-3abefc1b2cd2,-,modfr-4434ac48-44dc-430a-bebe-6ee2c395ce6e,Reg Orange Float,0,False,1,1,True,NULL,NULL,False,,3.4900,True,False,2025-08-22 06:57:39.012665,2025-08-22 06:57:39.012665,2026-06-21 13:00:41.434162
org-tf5i2lw1qz,Sakshi Demo,loc-f9507722-f4c3-45a1-a7a6-6358548bea05,A&w Lab new(Dont take order),catlg-5f49688b-1b0a-4963-9e20-90dba233b023,A&w Lab new(Dont take order) Catalog,itm-5933df8f-0d3e-46c5-b114-68f5bb828476,Medium Float (OLO),0,modgrp-f9b90ac9-229c-438b-ba0b-3abefc1b2cd2,-,modfr-dfb75be4-c0d4-42ae-9f63-46ff12ba48a6,Reg RB Float,0,False,1,1,True,NULL,NULL,False,,3.4900,True,False,2025-08-22 06:57:39.012664,2025-08-22 06:57:39.012664,2026-06-21 13:00:41.434162
org-tf5i2lw1qz,Sakshi Demo,loc-f9507722-f4c3-45a1-a7a6-6358548bea05,A&w Lab new(Dont take order),catlg-5f49688b-1b0a-4963-9e20-90dba233b023,A&w Lab new(Dont take order) Catalog,itm-5933df8f-0d3e-46c5-b114-68f5bb828476,Medium Float (OLO),0,modgrp-f9b90ac9-229c-438b-ba0b-3abefc1b2cd2,-,modfr-e40ec340-e615-499d-8d16-dd85120329ae,Reg Pepsi Float,0,False,1,1,True,NULL,NULL,False,,3.4900,True,False,2025-08-22 06:57:39.012664,2025-08-22 06:57:39.012664,2026-06-21 13:00:41.434162
org-tf5i2lw1qz,Sakshi Demo,loc-f9507722-f4c3-45a1-a7a6-6358548bea05,A&w Lab new(Dont take order),catlg-5f49688b-1b0a-4963-9e20-90dba233b023,A&w Lab new(Dont take order) Catalog,itm-5933df8f-0d3e-46c5-b114-68f5bb828476,Medium Float (OLO),0,modgrp-f9b90ac9-229c-438b-ba0b-3abefc1b2cd2,-,modfr-fba6d6df-cd71-4025-8244-09c94f9c553a,Reg Diet RB Float,0,False,1,1,True,NULL,NULL,False,,3.4900,True,False,2025-08-22 06:57:39.012664,2025-08-22 06:57:39.012664,2026-06-21 13:00:41.434162
org-tf5i2lw1qz,Sakshi Demo,loc-f9507722-f4c3-45a1-a7a6-6358548bea05,A&w Lab new(Dont take order),catlg-5f49688b-1b0a-4963-9e20-90dba233b023,A&w Lab new(Dont take order) Catalog,itm-59548cb0-dd19-470a-afb7-f5f43bee1979,30pc Corn Dog Nuggets,0,modgrp-49f6b8c4-7d89-420c-9c0d-bacb0d0a372d,Chkn & Seafood Food Modifiers,modfr-01116117-d2c5-4ee7-9713-392330d6350c,French,0,False,0,99,True,NULL,NULL,False,,NULL,True,False,2025-08-22 06:57:39.012681,2025-08-22 06:57:39.012681,2026-06-21 13:00:41.434162
org-tf5i2lw1qz,Sakshi Demo,loc-f9507722-f4c3-45a1-a7a6-6358548bea05,A&w Lab new(Dont take order),catlg-5f49688b-1b0a-4963-9e20-90dba233b023,A&w Lab new(Dont take order) Catalog,itm-59548cb0-dd19-470a-afb7-f5f43bee1979,30pc Corn Dog Nuggets,0,modgrp-49f6b8c4-7d89-420c-9c0d-bacb0d0a372d,Chkn & Seafood Food Modifiers,modfr-0212976e-34e0-41a7-8b79-092452b2c82c,DO NOT MAKE,0,False,0,99,True,NULL,NULL,False,,NULL,True,False,2025-08-22 06:57:39.012644,2025-08-22 06:57:39.012644,2026-06-21 13:00:41.434162
org-tf5i2lw1qz,Sakshi Demo,loc-f9507722-f4c3-45a1-a7a6-6358548bea05,A&w Lab new(Dont take order),catlg-5f49688b-1b0a-4963-9e20-90dba233b023,A&w Lab new(Dont take order) Catalog,itm-59548cb0-dd19-470a-afb7-f5f43bee1979,30pc Corn Dog Nuggets,0,modgrp-49f6b8c4-7d89-420c-9c0d-bacb0d0a372d,Chkn & Seafood Food Modifiers,modfr-040fa3ee-a661-4666-914c-b980dc825dd8,Fat Free Ranch,0,False,0,99,True,NULL,NULL,False,,0.3500,True,False,2025-08-22 06:57:39.012684,2025-08-22 06:57:39.012684,2026-06-21 13:00:41.434162
org-tf5i2lw1qz,Sakshi Demo,loc-f9507722-f4c3-45a1-a7a6-6358548bea05,A&w Lab new(Dont take order),catlg-5f49688b-1b0a-4963-9e20-90dba233b023,A&w Lab new(Dont take order) Catalog,itm-59548cb0-dd19-470a-afb7-f5f43bee1979,30pc Corn Dog Nuggets,0,modgrp-49f6b8c4-7d89-420c-9c0d-bacb0d0a372d,Chkn & Seafood Food Modifiers,modfr-079d68f0-2663-4546-9a8c-22c9bb9d253b,Crispy Onions,0,False,0,99,True,NULL,NULL,False,,0.5000,True,False,2025-08-22 06:57:39.012659,2025-08-22 06:57:39.012659,2026-06-21 13:00:41.434162
org-tf5i2lw1qz,Sakshi Demo,loc-adf5wvprpu,Burger Fi (Symphony),catlg-db643780-e0bb-458b-b624-fa5c74ca8c06,Burger Fi (Symphony) Catalog,itm-dca396a9-9b60-4939-9d1a-456113e2343e,Truffle Aioli 8oz NC,0,modgrp-5f2a1687-15c1-4b11-a051-5ad403e3dd97,M-Sub Prefix,modfr-c9e09f17-a5cf-47ba-b534-4bd9e3843b64,Sub,0,False,0,0,True,NULL,NULL,False,,NULL,True,False,2025-08-14 02:05:38.264662,2026-05-19 07:04:39.613382,2026-06-21 13:01:20.952454
org-tf5i2lw1qz,Sakshi Demo,loc-f9507722-f4c3-45a1-a7a6-6358548bea05,A&w Lab new(Dont take order),catlg-5f49688b-1b0a-4963-9e20-90dba233b023,A&w Lab new(Dont take order) Catalog,itm-59548cb0-dd19-470a-afb7-f5f43bee1979,30pc Corn Dog Nuggets,0,modgrp-49f6b8c4-7d89-420c-9c0d-bacb0d0a372d,Chkn & Seafood Food Modifiers,modfr-186d99c6-4478-408d-a215-3684e5fe14b6,Thousand Island,0,False,0,99,True,NULL,NULL,False,,NULL,True,False,2025-08-22 06:57:39.012683,2025-08-22 06:57:39.012683,2026-06-21 12:59:11.457969
org-tf5i2lw1qz,Sakshi Demo,loc-f9507722-f4c3-45a1-a7a6-6358548bea05,A&w Lab new(Dont take order),catlg-5f49688b-1b0a-4963-9e20-90dba233b023,A&w Lab new(Dont take order) Catalog,itm-59548cb0-dd19-470a-afb7-f5f43bee1979,30pc Corn Dog Nuggets,0,modgrp-49f6b8c4-7d89-420c-9c0d-bacb0d0a372d,Chkn & Seafood Food Modifiers,modfr-1d8f1ac6-fa54-419e-990d-ae99d25d17e9,Coney Sauce,0,False,0,99,True,NULL,NULL,False,,0.5000,True,False,2025-08-22 06:57:39.012651,2025-08-22 06:57:39.012651,2026-06-21 12:59:11.457969
org-tf5i2lw1qz,Sakshi Demo,loc-f9507722-f4c3-45a1-a7a6-6358548bea05,A&w Lab new(Dont take order),catlg-5f49688b-1b0a-4963-9e20-90dba233b023,A&w Lab new(Dont take order) Catalog,itm-59548cb0-dd19-470a-afb7-f5f43bee1979,30pc Corn Dog Nuggets,0,modgrp-49f6b8c4-7d89-420c-9c0d-bacb0d0a372d,Chkn & Seafood Food Modifiers,modfr-1df35335-1c77-46b2-b7de-e9006d6f43d7,Jalapenos,0,False,0,99,True,NULL,NULL,False,,NULL,True,False,2025-08-22 06:57:39.012652,2025-08-22 06:57:39.012652,2026-06-21 12:59:11.457969
org-tf5i2lw1qz,Sakshi Demo,loc-f9507722-f4c3-45a1-a7a6-6358548bea05,A&w Lab new(Dont take order),catlg-5f49688b-1b0a-4963-9e20-90dba233b023,A&w Lab new(Dont take order) Catalog,itm-59548cb0-dd19-470a-afb7-f5f43bee1979,30pc Corn Dog Nuggets,0,modgrp-49f6b8c4-7d89-420c-9c0d-bacb0d0a372d,Chkn & Seafood Food Modifiers,modfr-1f5971ae-08e3-456c-b2ca-28ec5aa2d9ad,Cheese,0,False,0,99,True,NULL,NULL,False,,0.5000,True,False,2025-08-22 06:57:39.01266,2025-08-22 06:57:39.01266,2026-06-21 12:59:11.457969
org-tf5i2lw1qz,Sakshi Demo,loc-f9507722-f4c3-45a1-a7a6-6358548bea05,A&w Lab new(Dont take order),catlg-5f49688b-1b0a-4963-9e20-90dba233b023,A&w Lab new(Dont take order) Catalog,itm-59548cb0-dd19-470a-afb7-f5f43bee1979,30pc Corn Dog Nuggets,0,modgrp-49f6b8c4-7d89-420c-9c0d-bacb0d0a372d,Chkn & Seafood Food Modifiers,modfr-2385f4e3-460f-4fa6-b9e7-8793d1b56dc8,No Salt,0,False,0,99,True,NULL,NULL,False,,NULL,True,False,2025-08-22 06:57:39.012657,2025-08-22 06:57:39.012657,2026-06-21 12:59:11.457969
org-tf5i2lw1qz,Sakshi Demo,loc-f9507722-f4c3-45a1-a7a6-6358548bea05,A&w Lab new(Dont take order),catlg-5f49688b-1b0a-4963-9e20-90dba233b023,A&w Lab new(Dont take order) Catalog,itm-59548cb0-dd19-470a-afb7-f5f43bee1979,30pc Corn Dog Nuggets,0,modgrp-49f6b8c4-7d89-420c-9c0d-bacb0d0a372d,Chkn & Seafood Food Modifiers,modfr-24ddc0bc-7bc7-4863-9c34-2397f0090b41,Sweet & Sour Sauce,0,False,0,99,True,NULL,NULL,False,,0.5000,True,False,2025-08-22 06:57:39.012659,2025-08-22 06:57:39.012659,2026-06-21 12:59:11.457969
org-tf5i2lw1qz,Sakshi Demo,loc-f9507722-f4c3-45a1-a7a6-6358548bea05,A&w Lab new(Dont take order),catlg-5f49688b-1b0a-4963-9e20-90dba233b023,A&w Lab new(Dont take order) Catalog,itm-59548cb0-dd19-470a-afb7-f5f43bee1979,30pc Corn Dog Nuggets,0,modgrp-49f6b8c4-7d89-420c-9c0d-bacb0d0a372d,Chkn & Seafood Food Modifiers,modfr-2d3af169-267e-4bb9-bb39-bf1bed85e1d0,No Sauce,0,False,0,99,True,NULL,NULL,False,,NULL,True,False,2025-08-22 06:57:39.012655,2025-08-22 06:57:39.012655,2026-06-21 12:59:11.457969
org-tf5i2lw1qz,Sakshi Demo,loc-f9507722-f4c3-45a1-a7a6-6358548bea05,A&w Lab new(Dont take order),catlg-5f49688b-1b0a-4963-9e20-90dba233b023,A&w Lab new(Dont take order) Catalog,itm-59548cb0-dd19-470a-afb7-f5f43bee1979,30pc Corn Dog Nuggets,0,modgrp-49f6b8c4-7d89-420c-9c0d-bacb0d0a372d,Chkn & Seafood Food Modifiers,modfr-2e44d443-ac25-4153-8f8a-eaa012030aa6,AW Sauce,0,False,0,99,True,NULL,NULL,False,,0.2500,True,False,2025-08-22 06:57:39.01266,2025-08-22 06:57:39.01266,2026-06-21 12:59:11.457969
org-tf5i2lw1qz,Sakshi Demo,loc-f9507722-f4c3-45a1-a7a6-6358548bea05,A&w Lab new(Dont take order),catlg-5f49688b-1b0a-4963-9e20-90dba233b023,A&w Lab new(Dont take order) Catalog,itm-59548cb0-dd19-470a-afb7-f5f43bee1979,30pc Corn Dog Nuggets,0,modgrp-49f6b8c4-7d89-420c-9c0d-bacb0d0a372d,Chkn & Seafood Food Modifiers,modfr-3581395d-200e-4303-9c49-56fa03f9c04a,Mushrooms,0,False,0,99,True,NULL,NULL,False,,0.5000,True,False,2025-08-22 06:57:39.012652,2025-08-22 06:57:39.012652,2026-06-21 12:59:11.457969
org-tf5i2lw1qz,Sakshi Demo,loc-f9507722-f4c3-45a1-a7a6-6358548bea05,A&w Lab new(Dont take order),catlg-5f49688b-1b0a-4963-9e20-90dba233b023,A&w Lab new(Dont take order) Catalog,itm-59548cb0-dd19-470a-afb7-f5f43bee1979,30pc Corn Dog Nuggets,0,modgrp-49f6b8c4-7d89-420c-9c0d-bacb0d0a372d,Chkn & Seafood Food Modifiers,modfr-36d60814-bf93-42aa-a157-63f7ab6546cf,Ketchup,0,False,0,99,True,NULL,NULL,False,,NULL,True,False,2025-08-22 06:57:39.012652,2025-08-22 06:57:39.012652,2026-06-21 12:59:11.457969
org-tf5i2lw1qz,Sakshi Demo,loc-f9507722-f4c3-45a1-a7a6-6358548bea05,A&w Lab new(Dont take order),catlg-5f49688b-1b0a-4963-9e20-90dba233b023,A&w Lab new(Dont take order) Catalog,itm-59548cb0-dd19-470a-afb7-f5f43bee1979,30pc Corn Dog Nuggets,0,modgrp-49f6b8c4-7d89-420c-9c0d-bacb0d0a372d,Chkn & Seafood Food Modifiers,modfr-3a581c46-ac3c-4753-9a5d-3c5277c49aa6,Onions,0,False,0,99,True,NULL,NULL,False,,0.5000,True,False,2025-08-22 06:57:39.012653,2025-08-22 06:57:39.012653,2026-06-21 12:59:11.457969
org-tf5i2lw1qz,Sakshi Demo,loc-f9507722-f4c3-45a1-a7a6-6358548bea05,A&w Lab new(Dont take order),catlg-5f49688b-1b0a-4963-9e20-90dba233b023,A&w Lab new(Dont take order) Catalog,itm-59548cb0-dd19-470a-afb7-f5f43bee1979,30pc Corn Dog Nuggets,0,modgrp-49f6b8c4-7d89-420c-9c0d-bacb0d0a372d,Chkn & Seafood Food Modifiers,modfr-43e04c6d-7c12-4a7b-80c0-a89efd25f7da,Lettuce,0,False,0,99,True,NULL,NULL,False,,0.5000,True,False,2025-08-22 06:57:39.012652,2025-08-22 06:57:39.012652,2026-06-21 12:59:11.457969
org-tf5i2lw1qz,Sakshi Demo,loc-f9507722-f4c3-45a1-a7a6-6358548bea05,A&w Lab new(Dont take order),catlg-5f49688b-1b0a-4963-9e20-90dba233b023,A&w Lab new(Dont take order) Catalog,itm-59548cb0-dd19-470a-afb7-f5f43bee1979,30pc Corn Dog Nuggets,0,modgrp-49f6b8c4-7d89-420c-9c0d-bacb0d0a372d,Chkn & Seafood Food Modifiers,modfr-43e9d07d-5125-49c9-b583-0fc0fbed4819,Burger Patty,0,False,0,99,True,NULL,NULL,False,,1.4000,True,False,2025-08-22 06:57:39.01265,2025-08-22 06:57:39.01265,2026-06-21 12:59:11.457969
org-tf5i2lw1qz,Sakshi Demo,loc-f9507722-f4c3-45a1-a7a6-6358548bea05,A&w Lab new(Dont take order),catlg-5f49688b-1b0a-4963-9e20-90dba233b023,A&w Lab new(Dont take order) Catalog,itm-59548cb0-dd19-470a-afb7-f5f43bee1979,30pc Corn Dog Nuggets,0,modgrp-49f6b8c4-7d89-420c-9c0d-bacb0d0a372d,Chkn & Seafood Food Modifiers,modfr-451c83fd-91fe-4d9c-8541-0b75d1b2c115,Sweet Relish ,0,False,0,99,True,NULL,NULL,False,,NULL,True,False,2025-08-22 06:57:39.012654,2025-08-22 06:57:39.012654,2026-06-21 12:59:11.457969
org-tf5i2lw1qz,Sakshi Demo,loc-f9507722-f4c3-45a1-a7a6-6358548bea05,A&w Lab new(Dont take order),catlg-5f49688b-1b0a-4963-9e20-90dba233b023,A&w Lab new(Dont take order) Catalog,itm-59548cb0-dd19-470a-afb7-f5f43bee1979,30pc Corn Dog Nuggets,0,modgrp-49f6b8c4-7d89-420c-9c0d-bacb0d0a372d,Chkn & Seafood Food Modifiers,modfr-4dcf3ae6-5501-4885-bf9d-37714f4717f4,French,0,False,0,99,True,NULL,NULL,False,,NULL,True,False,2025-08-22 06:57:39.012683,2025-08-22 06:57:39.012683,2026-06-21 12:59:11.457969
org-tf5i2lw1qz,Sakshi Demo,loc-f9507722-f4c3-45a1-a7a6-6358548bea05,A&w Lab new(Dont take order),catlg-5f49688b-1b0a-4963-9e20-90dba233b023,A&w Lab new(Dont take order) Catalog,itm-59548cb0-dd19-470a-afb7-f5f43bee1979,30pc Corn Dog Nuggets,0,modgrp-49f6b8c4-7d89-420c-9c0d-bacb0d0a372d,Chkn & Seafood Food Modifiers,modfr-596840a4-1d42-419b-a8d3-e5305259b81d,Bun,0,False,0,99,True,NULL,NULL,False,,0.5000,True,False,2025-08-22 06:57:39.01265,2025-08-22 06:57:39.01265,2026-06-21 12:59:11.457969
org-tf5i2lw1qz,Sakshi Demo,loc-f9507722-f4c3-45a1-a7a6-6358548bea05,A&w Lab new(Dont take order),catlg-5f49688b-1b0a-4963-9e20-90dba233b023,A&w Lab new(Dont take order) Catalog,itm-59548cb0-dd19-470a-afb7-f5f43bee1979,30pc Corn Dog Nuggets,0,modgrp-49f6b8c4-7d89-420c-9c0d-bacb0d0a372d,Chkn & Seafood Food Modifiers,modfr-5dc1baf2-d571-4895-b1ec-1faad0298879,Seasoning,0,False,0,99,True,NULL,NULL,False,,NULL,True,False,2025-08-22 06:57:39.012654,2025-08-22 06:57:39.012654,2026-06-21 12:59:11.457969
org-tf5i2lw1qz,Sakshi Demo,loc-f9507722-f4c3-45a1-a7a6-6358548bea05,A&w Lab new(Dont take order),catlg-5f49688b-1b0a-4963-9e20-90dba233b023,A&w Lab new(Dont take order) Catalog,itm-603d57fc-3747-4353-9993-2de3f5c811bc,Chili Soup Bowl,0,modgrp-b72ffade-4c38-473e-bfc0-101f7fdc4e1f,Food Modifiers,modfr-ab32817c-f837-4805-836f-7be8ddf09b83,Grilled Onions,0,False,0,99,True,NULL,NULL,False,,0.5000,True,False,2025-08-22 06:57:39.012651,2025-08-22 06:57:39.012651,2026-06-21 12:59:36.549658
org-tf5i2lw1qz,Sakshi Demo,loc-f9507722-f4c3-45a1-a7a6-6358548bea05,A&w Lab new(Dont take order),catlg-5f49688b-1b0a-4963-9e20-90dba233b023,A&w Lab new(Dont take order) Catalog,itm-603d57fc-3747-4353-9993-2de3f5c811bc,Chili Soup Bowl,0,modgrp-b72ffade-4c38-473e-bfc0-101f7fdc4e1f,Food Modifiers,modfr-ae57378e-5cf5-4b7a-ac2d-5792d81252d7,Salt,0,False,0,99,True,NULL,NULL,False,,NULL,True,False,2025-08-22 06:57:39.012654,2025-08-22 06:57:39.012654,2026-06-21 12:59:36.549658
org-tf5i2lw1qz,Sakshi Demo,loc-f9507722-f4c3-45a1-a7a6-6358548bea05,A&w Lab new(Dont take order),catlg-5f49688b-1b0a-4963-9e20-90dba233b023,A&w Lab new(Dont take order) Catalog,itm-603d57fc-3747-4353-9993-2de3f5c811bc,Chili Soup Bowl,0,modgrp-b72ffade-4c38-473e-bfc0-101f7fdc4e1f,Food Modifiers,modfr-b0c226fb-dbc0-4c4b-9c19-f3c61cdbc17e,Garlic Aioli,0,False,0,99,True,NULL,NULL,False,,0.6500,True,False,2025-08-22 06:57:39.004952,2025-08-22 06:57:36.185409,2026-06-21 12:59:36.549658
org-tf5i2lw1qz,Sakshi Demo,loc-f9507722-f4c3-45a1-a7a6-6358548bea05,A&w Lab new(Dont take order),catlg-5f49688b-1b0a-4963-9e20-90dba233b023,A&w Lab new(Dont take order) Catalog,itm-603d57fc-3747-4353-9993-2de3f5c811bc,Chili Soup Bowl,0,modgrp-b72ffade-4c38-473e-bfc0-101f7fdc4e1f,Food Modifiers,modfr-b20c0605-f799-4d08-a072-f7f7f4986398,Sweet Thai Chili,0,False,0,99,True,NULL,NULL,False,,0.2500,True,False,2025-08-22 06:57:39.012657,2025-08-22 06:57:39.012657,2026-06-21 12:59:36.549658
org-tf5i2lw1qz,Sakshi Demo,loc-f9507722-f4c3-45a1-a7a6-6358548bea05,A&w Lab new(Dont take order),catlg-5f49688b-1b0a-4963-9e20-90dba233b023,A&w Lab new(Dont take order) Catalog,itm-603d57fc-3747-4353-9993-2de3f5c811bc,Chili Soup Bowl,0,modgrp-b72ffade-4c38-473e-bfc0-101f7fdc4e1f,Food Modifiers,modfr-b22c2ec1-c1e4-49b0-ae25-36f4758af9c7,Ketchup Pkt,0,False,0,99,True,NULL,NULL,False,,0.2500,True,False,2025-08-22 06:57:39.012658,2025-08-22 06:57:39.012658,2026-06-21 12:59:36.549658
org-tf5i2lw1qz,Sakshi Demo,loc-f9507722-f4c3-45a1-a7a6-6358548bea05,A&w Lab new(Dont take order),catlg-5f49688b-1b0a-4963-9e20-90dba233b023,A&w Lab new(Dont take order) Catalog,itm-603d57fc-3747-4353-9993-2de3f5c811bc,Chili Soup Bowl,0,modgrp-b72ffade-4c38-473e-bfc0-101f7fdc4e1f,Food Modifiers,modfr-b286d49a-7dca-411a-824f-016be46ee189,Fry Sauce,0,False,0,99,True,NULL,NULL,False,,0.5000,True,False,2025-08-22 06:57:39.012658,2025-08-22 06:57:39.012658,2026-06-21 12:59:36.549658
org-tf5i2lw1qz,Sakshi Demo,loc-f9507722-f4c3-45a1-a7a6-6358548bea05,A&w Lab new(Dont take order),catlg-5f49688b-1b0a-4963-9e20-90dba233b023,A&w Lab new(Dont take order) Catalog,itm-603d57fc-3747-4353-9993-2de3f5c811bc,Chili Soup Bowl,0,modgrp-b72ffade-4c38-473e-bfc0-101f7fdc4e1f,Food Modifiers,modfr-b3b90b5d-dca0-4d7f-8d36-a4912ea1dd6f,Plain,0,False,0,99,True,NULL,NULL,False,,NULL,True,False,2025-08-22 06:57:39.012645,2025-08-22 06:57:39.012645,2026-06-21 12:59:36.549658
org-tf5i2lw1qz,Sakshi Demo,loc-f9507722-f4c3-45a1-a7a6-6358548bea05,A&w Lab new(Dont take order),catlg-5f49688b-1b0a-4963-9e20-90dba233b023,A&w Lab new(Dont take order) Catalog,itm-603d57fc-3747-4353-9993-2de3f5c811bc,Chili Soup Bowl,0,modgrp-b72ffade-4c38-473e-bfc0-101f7fdc4e1f,Food Modifiers,modfr-b5669eac-1683-40bf-bc53-6ebec4b8daf9,**Peanut Allergy**,0,False,0,99,True,NULL,NULL,False,,NULL,True,False,2025-08-22 06:57:39.012643,2025-08-22 06:57:39.012643,2026-06-21 12:59:36.549658
org-tf5i2lw1qz,Sakshi Demo,loc-f9507722-f4c3-45a1-a7a6-6358548bea05,A&w Lab new(Dont take order),catlg-5f49688b-1b0a-4963-9e20-90dba233b023,A&w Lab new(Dont take order) Catalog,itm-603d57fc-3747-4353-9993-2de3f5c811bc,Chili Soup Bowl,0,modgrp-b72ffade-4c38-473e-bfc0-101f7fdc4e1f,Food Modifiers,modfr-b758430e-3ccf-437f-b95a-fbac4315d3dc,Mayo Pkt,0,False,0,99,True,NULL,NULL,False,,NULL,True,False,2025-08-22 06:57:39.012656,2025-08-22 06:57:39.012656,2026-06-21 12:59:36.549658
org-tf5i2lw1qz,Sakshi Demo,loc-f9507722-f4c3-45a1-a7a6-6358548bea05,A&w Lab new(Dont take order),catlg-5f49688b-1b0a-4963-9e20-90dba233b023,A&w Lab new(Dont take order) Catalog,itm-603d57fc-3747-4353-9993-2de3f5c811bc,Chili Soup Bowl,0,modgrp-b72ffade-4c38-473e-bfc0-101f7fdc4e1f,Food Modifiers,modfr-ba1cbea0-c3c8-44f0-9926-1313f7491646,Sour Cream,0,False,0,99,True,NULL,NULL,False,,0.6000,True,False,2025-08-22 06:57:39.01266,2025-08-22 06:57:39.01266,2026-06-21 12:59:36.549658
org-tf5i2lw1qz,Sakshi Demo,loc-f9507722-f4c3-45a1-a7a6-6358548bea05,A&w Lab new(Dont take order),catlg-5f49688b-1b0a-4963-9e20-90dba233b023,A&w Lab new(Dont take order) Catalog,itm-603d57fc-3747-4353-9993-2de3f5c811bc,Chili Soup Bowl,0,modgrp-b72ffade-4c38-473e-bfc0-101f7fdc4e1f,Food Modifiers,modfr-bab3cf08-7dff-4be8-a6f4-75fa3c78a520,Garlic/Herb Spread,0,False,0,99,True,NULL,NULL,False,,0.5000,True,False,2025-08-22 06:57:39.012661,2025-08-22 06:57:39.012661,2026-06-21 12:59:36.549658
org-tf5i2lw1qz,Sakshi Demo,loc-f9507722-f4c3-45a1-a7a6-6358548bea05,A&w Lab new(Dont take order),catlg-5f49688b-1b0a-4963-9e20-90dba233b023,A&w Lab new(Dont take order) Catalog,itm-603d57fc-3747-4353-9993-2de3f5c811bc,Chili Soup Bowl,0,modgrp-b72ffade-4c38-473e-bfc0-101f7fdc4e1f,Food Modifiers,modfr-bbb68806-cb3a-4050-af41-1e5de53f01ca,Fish Patty,0,False,0,99,True,NULL,NULL,False,,2.1900,True,False,2025-08-22 06:57:39.012659,2025-08-22 06:57:39.012659,2026-06-21 12:59:36.549658
org-tf5i2lw1qz,Sakshi Demo,loc-f9507722-f4c3-45a1-a7a6-6358548bea05,A&w Lab new(Dont take order),catlg-5f49688b-1b0a-4963-9e20-90dba233b023,A&w Lab new(Dont take order) Catalog,itm-603d57fc-3747-4353-9993-2de3f5c811bc,Chili Soup Bowl,0,modgrp-b72ffade-4c38-473e-bfc0-101f7fdc4e1f,Food Modifiers,modfr-c1093d26-5dad-4b1f-bd38-9613a5f98a8c,No Burger Patty,0,False,0,99,True,NULL,NULL,False,,NULL,True,False,2025-08-22 06:57:39.012658,2025-08-22 06:57:39.012658,2026-06-21 12:59:36.549658
org-tf5i2lw1qz,Sakshi Demo,loc-f9507722-f4c3-45a1-a7a6-6358548bea05,A&w Lab new(Dont take order),catlg-5f49688b-1b0a-4963-9e20-90dba233b023,A&w Lab new(Dont take order) Catalog,itm-603d57fc-3747-4353-9993-2de3f5c811bc,Chili Soup Bowl,0,modgrp-b72ffade-4c38-473e-bfc0-101f7fdc4e1f,Food Modifiers,modfr-c2a93153-69be-4086-a9a3-330b1276b6e8,3 Pepper Fire Sauce,0,False,0,99,True,NULL,NULL,False,,0.2500,True,False,2025-08-22 06:57:39.01266,2025-08-22 06:57:39.01266,2026-06-21 12:59:36.549658
org-tf5i2lw1qz,Sakshi Demo,loc-f9507722-f4c3-45a1-a7a6-6358548bea05,A&w Lab new(Dont take order),catlg-5f49688b-1b0a-4963-9e20-90dba233b023,A&w Lab new(Dont take order) Catalog,itm-603d57fc-3747-4353-9993-2de3f5c811bc,Chili Soup Bowl,0,modgrp-b72ffade-4c38-473e-bfc0-101f7fdc4e1f,Food Modifiers,modfr-c4b2e696-3555-4b1e-a310-8f78c111a31d,Celery Salt,0,False,0,99,True,NULL,NULL,False,,NULL,True,False,2025-08-22 06:57:39.012661,2025-08-22 06:57:39.012661,2026-06-21 12:59:36.549658
org-tf5i2lw1qz,Sakshi Demo,loc-f9507722-f4c3-45a1-a7a6-6358548bea05,A&w Lab new(Dont take order),catlg-5f49688b-1b0a-4963-9e20-90dba233b023,A&w Lab new(Dont take order) Catalog,itm-603d57fc-3747-4353-9993-2de3f5c811bc,Chili Soup Bowl,0,modgrp-b72ffade-4c38-473e-bfc0-101f7fdc4e1f,Food Modifiers,modfr-cb5581a2-b334-4496-b1a3-97e1cc2e7e12,Salad Dressing,0,False,0,99,True,NULL,NULL,False,,NULL,True,False,2025-08-22 06:57:39.012653,2025-08-22 06:57:39.012653,2026-06-21 12:59:36.549658
org-tf5i2lw1qz,Sakshi Demo,loc-f9507722-f4c3-45a1-a7a6-6358548bea05,A&w Lab new(Dont take order),catlg-5f49688b-1b0a-4963-9e20-90dba233b023,A&w Lab new(Dont take order) Catalog,itm-603d57fc-3747-4353-9993-2de3f5c811bc,Chili Soup Bowl,0,modgrp-b72ffade-4c38-473e-bfc0-101f7fdc4e1f,Food Modifiers,modfr-d623fa49-7924-491d-b2b5-c28ee40c82b4,Swiss Cheese,0,False,0,99,True,NULL,NULL,False,,0.5000,True,False,2025-08-22 06:57:39.012654,2025-08-22 06:57:39.012654,2026-06-21 12:59:36.549658
org-tf5i2lw1qz,Sakshi Demo,loc-f9507722-f4c3-45a1-a7a6-6358548bea05,A&w Lab new(Dont take order),catlg-5f49688b-1b0a-4963-9e20-90dba233b023,A&w Lab new(Dont take order) Catalog,itm-603d57fc-3747-4353-9993-2de3f5c811bc,Chili Soup Bowl,0,modgrp-b72ffade-4c38-473e-bfc0-101f7fdc4e1f,Food Modifiers,modfr-d718469d-2b34-4725-8067-e43f02e2fdad,Bacon,0,False,0,99,True,NULL,NULL,False,,1.0000,True,False,2025-08-22 06:57:39.012649,2025-08-22 06:57:39.012649,2026-06-21 12:59:36.549658
org-tf5i2lw1qz,Sakshi Demo,loc-f9507722-f4c3-45a1-a7a6-6358548bea05,A&w Lab new(Dont take order),catlg-5f49688b-1b0a-4963-9e20-90dba233b023,A&w Lab new(Dont take order) Catalog,itm-603d57fc-3747-4353-9993-2de3f5c811bc,Chili Soup Bowl,0,modgrp-b72ffade-4c38-473e-bfc0-101f7fdc4e1f,Food Modifiers,modfr-d88041f9-10d3-4a55-a6dc-3adc14488946,American Chz,0,False,0,99,True,NULL,0,False,1 cal,0.5000,True,False,2025-08-22 06:57:39.012648,2025-08-22 06:57:39.012648,2026-06-21 12:59:36.549658
org-tf5i2lw1qz,Sakshi Demo,loc-f9507722-f4c3-45a1-a7a6-6358548bea05,A&w Lab new(Dont take order),catlg-5f49688b-1b0a-4963-9e20-90dba233b023,A&w Lab new(Dont take order) Catalog,itm-603d57fc-3747-4353-9993-2de3f5c811bc,Chili Soup Bowl,0,modgrp-b72ffade-4c38-473e-bfc0-101f7fdc4e1f,Food Modifiers,modfr-da5dae94-d754-40ee-9964-592fefcb622b,No Bun,0,False,0,99,True,NULL,NULL,False,,NULL,True,False,2025-08-22 06:57:39.012658,2025-08-22 06:57:39.012658,2026-06-21 12:59:36.549658
org-tf5i2lw1qz,Sakshi Demo,loc-f9507722-f4c3-45a1-a7a6-6358548bea05,A&w Lab new(Dont take order),catlg-5f49688b-1b0a-4963-9e20-90dba233b023,A&w Lab new(Dont take order) Catalog,itm-603d57fc-3747-4353-9993-2de3f5c811bc,Chili Soup Bowl,0,modgrp-b72ffade-4c38-473e-bfc0-101f7fdc4e1f,Food Modifiers,modfr-dd6d1f38-19d2-4155-8311-a94dcf8ee31e,Mustard,0,False,0,99,True,NULL,NULL,False,,NULL,True,False,2025-08-22 06:57:39.012652,2025-08-22 06:57:39.012652,2026-06-21 12:59:36.549658
org-tf5i2lw1qz,Sakshi Demo,loc-f9507722-f4c3-45a1-a7a6-6358548bea05,A&w Lab new(Dont take order),catlg-5f49688b-1b0a-4963-9e20-90dba233b023,A&w Lab new(Dont take order) Catalog,itm-603d57fc-3747-4353-9993-2de3f5c811bc,Chili Soup Bowl,0,modgrp-b72ffade-4c38-473e-bfc0-101f7fdc4e1f,Food Modifiers,modfr-ddec8a33-674e-41fb-8a19-39d169a176fb,Buffalo Sauce,0,False,0,99,True,NULL,NULL,False,,0.2500,True,False,2025-08-22 06:57:39.012656,2025-08-22 06:57:39.012656,2026-06-21 12:59:36.549658
org-tf5i2lw1qz,Sakshi Demo,loc-f9507722-f4c3-45a1-a7a6-6358548bea05,A&w Lab new(Dont take order),catlg-5f49688b-1b0a-4963-9e20-90dba233b023,A&w Lab new(Dont take order) Catalog,itm-603d57fc-3747-4353-9993-2de3f5c811bc,Chili Soup Bowl,0,modgrp-b72ffade-4c38-473e-bfc0-101f7fdc4e1f,Food Modifiers,modfr-e17f370c-e3d2-4932-988f-392c24871efd,Sweet & Sour,0,False,0,99,True,NULL,NULL,False,,NULL,True,False,2025-08-22 06:57:39.012656,2025-08-22 06:57:39.012656,2026-06-21 12:59:36.549658
org-tf5i2lw1qz,Sakshi Demo,loc-f9507722-f4c3-45a1-a7a6-6358548bea05,A&w Lab new(Dont take order),catlg-5f49688b-1b0a-4963-9e20-90dba233b023,A&w Lab new(Dont take order) Catalog,itm-603d57fc-3747-4353-9993-2de3f5c811bc,Chili Soup Bowl,0,modgrp-b72ffade-4c38-473e-bfc0-101f7fdc4e1f,Food Modifiers,modfr-ea2b6fa5-8cf7-4968-ad24-2a1f664c1b7e,Sport Peppers,0,False,0,99,True,NULL,NULL,False,,0.5000,True,False,2025-08-22 06:57:39.012661,2025-08-22 06:57:39.012661,2026-06-21 12:59:36.549658
org-tf5i2lw1qz,Sakshi Demo,loc-f9507722-f4c3-45a1-a7a6-6358548bea05,A&w Lab new(Dont take order),catlg-5f49688b-1b0a-4963-9e20-90dba233b023,A&w Lab new(Dont take order) Catalog,itm-603d57fc-3747-4353-9993-2de3f5c811bc,Chili Soup Bowl,0,modgrp-b72ffade-4c38-473e-bfc0-101f7fdc4e1f,Food Modifiers,modfr-ef7dada3-85d5-4173-bc25-17d1956e0bd6,Cut,0,False,0,99,True,NULL,NULL,False,,NULL,True,False,2025-08-22 06:57:39.012657,2025-08-22 06:57:39.012657,2026-06-21 12:59:36.549658
org-tf5i2lw1qz,Sakshi Demo,loc-f9507722-f4c3-45a1-a7a6-6358548bea05,A&w Lab new(Dont take order),catlg-5f49688b-1b0a-4963-9e20-90dba233b023,A&w Lab new(Dont take order) Catalog,itm-603d57fc-3747-4353-9993-2de3f5c811bc,Chili Soup Bowl,0,modgrp-b72ffade-4c38-473e-bfc0-101f7fdc4e1f,Food Modifiers,modfr-f0022724-2c21-4b4d-bf45-88ebcac4c4c7,Cocktail Sauce,0,False,0,99,True,NULL,NULL,False,,0.2500,True,False,2025-08-22 06:57:39.012651,2025-08-22 06:57:39.012651,2026-06-21 12:59:36.549658
org-tf5i2lw1qz,Sakshi Demo,loc-f9507722-f4c3-45a1-a7a6-6358548bea05,A&w Lab new(Dont take order),catlg-5f49688b-1b0a-4963-9e20-90dba233b023,A&w Lab new(Dont take order) Catalog,itm-603d57fc-3747-4353-9993-2de3f5c811bc,Chili Soup Bowl,0,modgrp-b72ffade-4c38-473e-bfc0-101f7fdc4e1f,Food Modifiers,modfr-f45843a2-62e3-401e-8dcb-8854b7b39b2d,Well Done,0,False,0,99,True,NULL,NULL,False,,NULL,True,False,2025-08-22 06:57:39.01266,2025-08-22 06:57:39.01266,2026-06-21 12:59:36.549658
org-tf5i2lw1qz,Sakshi Demo,loc-f9507722-f4c3-45a1-a7a6-6358548bea05,A&w Lab new(Dont take order),catlg-5f49688b-1b0a-4963-9e20-90dba233b023,A&w Lab new(Dont take order) Catalog,itm-603d57fc-3747-4353-9993-2de3f5c811bc,Chili Soup Bowl,0,modgrp-b72ffade-4c38-473e-bfc0-101f7fdc4e1f,Food Modifiers,modfr-f4e44609-ef74-49a2-a815-27940d966313,Relish,0,False,0,99,True,NULL,NULL,False,,NULL,True,False,2025-08-22 06:57:39.012656,2025-08-22 06:57:39.012656,2026-06-21 12:59:36.549658
org-tf5i2lw1qz,Sakshi Demo,loc-f9507722-f4c3-45a1-a7a6-6358548bea05,A&w Lab new(Dont take order),catlg-5f49688b-1b0a-4963-9e20-90dba233b023,A&w Lab new(Dont take order) Catalog,itm-6111f62f-7b1f-4085-80f6-a04f71e65d45,Mini Meal - Bacon Single,0,modgrp-49f6b8c4-7d89-420c-9c0d-bacb0d0a372d,Chkn & Seafood Food Modifiers,modfr-01116117-d2c5-4ee7-9713-392330d6350c,French,0,False,0,99,True,NULL,NULL,False,,NULL,True,False,2025-08-22 06:57:39.012681,2025-08-22 06:57:39.012681,2026-06-21 12:59:36.549658
org-tf5i2lw1qz,Sakshi Demo,loc-f9507722-f4c3-45a1-a7a6-6358548bea05,A&w Lab new(Dont take order),catlg-5f49688b-1b0a-4963-9e20-90dba233b023,A&w Lab new(Dont take order) Catalog,itm-6111f62f-7b1f-4085-80f6-a04f71e65d45,Mini Meal - Bacon Single,0,modgrp-49f6b8c4-7d89-420c-9c0d-bacb0d0a372d,Chkn & Seafood Food Modifiers,modfr-0212976e-34e0-41a7-8b79-092452b2c82c,DO NOT MAKE,0,False,0,99,True,NULL,NULL,False,,NULL,True,False,2025-08-22 06:57:39.012644,2025-08-22 06:57:39.012644,2026-06-21 12:59:36.549658
org-tf5i2lw1qz,Sakshi Demo,loc-f9507722-f4c3-45a1-a7a6-6358548bea05,A&w Lab new(Dont take order),catlg-5f49688b-1b0a-4963-9e20-90dba233b023,A&w Lab new(Dont take order) Catalog,itm-6111f62f-7b1f-4085-80f6-a04f71e65d45,Mini Meal - Bacon Single,0,modgrp-49f6b8c4-7d89-420c-9c0d-bacb0d0a372d,Chkn & Seafood Food Modifiers,modfr-040fa3ee-a661-4666-914c-b980dc825dd8,Fat Free Ranch,0,False,0,99,True,NULL,NULL,False,,0.3500,True,False,2025-08-22 06:57:39.012684,2025-08-22 06:57:39.012684,2026-06-21 12:59:36.549658
org-tf5i2lw1qz,Sakshi Demo,loc-f9507722-f4c3-45a1-a7a6-6358548bea05,A&w Lab new(Dont take order),catlg-5f49688b-1b0a-4963-9e20-90dba233b023,A&w Lab new(Dont take order) Catalog,itm-6111f62f-7b1f-4085-80f6-a04f71e65d45,Mini Meal - Bacon Single,0,modgrp-49f6b8c4-7d89-420c-9c0d-bacb0d0a372d,Chkn & Seafood Food Modifiers,modfr-079d68f0-2663-4546-9a8c-22c9bb9d253b,Crispy Onions,0,False,0,99,True,NULL,NULL,False,,0.5000,True,False,2025-08-22 06:57:39.012659,2025-08-22 06:57:39.012659,2026-06-21 12:59:36.549658
org-tf5i2lw1qz,Sakshi Demo,loc-f9507722-f4c3-45a1-a7a6-6358548bea05,A&w Lab new(Dont take order),catlg-5f49688b-1b0a-4963-9e20-90dba233b023,A&w Lab new(Dont take order) Catalog,itm-6111f62f-7b1f-4085-80f6-a04f71e65d45,Mini Meal - Bacon Single,0,modgrp-49f6b8c4-7d89-420c-9c0d-bacb0d0a372d,Chkn & Seafood Food Modifiers,modfr-15719f15-f20d-407f-868e-07098b9990b8,**Allergy Alert***,0,False,0,99,True,NULL,NULL,False,,NULL,True,False,2025-08-22 06:57:39.012641,2025-08-22 06:57:39.012641,2026-06-21 12:59:36.549658
org-tf5i2lw1qz,Sakshi Demo,loc-f9507722-f4c3-45a1-a7a6-6358548bea05,A&w Lab new(Dont take order),catlg-5f49688b-1b0a-4963-9e20-90dba233b023,A&w Lab new(Dont take order) Catalog,itm-6111f62f-7b1f-4085-80f6-a04f71e65d45,Mini Meal - Bacon Single,0,modgrp-49f6b8c4-7d89-420c-9c0d-bacb0d0a372d,Chkn & Seafood Food Modifiers,modfr-186d99c6-4478-408d-a215-3684e5fe14b6,Thousand Island,0,False,0,99,True,NULL,NULL,False,,NULL,True,False,2025-08-22 06:57:39.012683,2025-08-22 06:57:39.012683,2026-06-21 12:59:36.549658
org-tf5i2lw1qz,Sakshi Demo,loc-f9507722-f4c3-45a1-a7a6-6358548bea05,A&w Lab new(Dont take order),catlg-5f49688b-1b0a-4963-9e20-90dba233b023,A&w Lab new(Dont take order) Catalog,itm-6111f62f-7b1f-4085-80f6-a04f71e65d45,Mini Meal - Bacon Single,0,modgrp-49f6b8c4-7d89-420c-9c0d-bacb0d0a372d,Chkn & Seafood Food Modifiers,modfr-1d8f1ac6-fa54-419e-990d-ae99d25d17e9,Coney Sauce,0,False,0,99,True,NULL,NULL,False,,0.5000,True,False,2025-08-22 06:57:39.012651,2025-08-22 06:57:39.012651,2026-06-21 12:59:36.549658
org-tf5i2lw1qz,Sakshi Demo,loc-f9507722-f4c3-45a1-a7a6-6358548bea05,A&w Lab new(Dont take order),catlg-5f49688b-1b0a-4963-9e20-90dba233b023,A&w Lab new(Dont take order) Catalog,itm-6111f62f-7b1f-4085-80f6-a04f71e65d45,Mini Meal - Bacon Single,0,modgrp-49f6b8c4-7d89-420c-9c0d-bacb0d0a372d,Chkn & Seafood Food Modifiers,modfr-1df35335-1c77-46b2-b7de-e9006d6f43d7,Jalapenos,0,False,0,99,True,NULL,NULL,False,,NULL,True,False,2025-08-22 06:57:39.012652,2025-08-22 06:57:39.012652,2026-06-21 12:59:36.549658
org-tf5i2lw1qz,Sakshi Demo,loc-f9507722-f4c3-45a1-a7a6-6358548bea05,A&w Lab new(Dont take order),catlg-5f49688b-1b0a-4963-9e20-90dba233b023,A&w Lab new(Dont take order) Catalog,itm-6111f62f-7b1f-4085-80f6-a04f71e65d45,Mini Meal - Bacon Single,0,modgrp-49f6b8c4-7d89-420c-9c0d-bacb0d0a372d,Chkn & Seafood Food Modifiers,modfr-1f5971ae-08e3-456c-b2ca-28ec5aa2d9ad,Cheese,0,False,0,99,True,NULL,NULL,False,,0.5000,True,False,2025-08-22 06:57:39.01266,2025-08-22 06:57:39.01266,2026-06-21 12:59:36.549658
org-tf5i2lw1qz,Sakshi Demo,loc-f9507722-f4c3-45a1-a7a6-6358548bea05,A&w Lab new(Dont take order),catlg-5f49688b-1b0a-4963-9e20-90dba233b023,A&w Lab new(Dont take order) Catalog,itm-6111f62f-7b1f-4085-80f6-a04f71e65d45,Mini Meal - Bacon Single,0,modgrp-49f6b8c4-7d89-420c-9c0d-bacb0d0a372d,Chkn & Seafood Food Modifiers,modfr-2385f4e3-460f-4fa6-b9e7-8793d1b56dc8,No Salt,0,False,0,99,True,NULL,NULL,False,,NULL,True,False,2025-08-22 06:57:39.012657,2025-08-22 06:57:39.012657,2026-06-21 12:59:36.549658
org-tf5i2lw1qz,Sakshi Demo,loc-f9507722-f4c3-45a1-a7a6-6358548bea05,A&w Lab new(Dont take order),catlg-5f49688b-1b0a-4963-9e20-90dba233b023,A&w Lab new(Dont take order) Catalog,itm-6111f62f-7b1f-4085-80f6-a04f71e65d45,Mini Meal - Bacon Single,0,modgrp-49f6b8c4-7d89-420c-9c0d-bacb0d0a372d,Chkn & Seafood Food Modifiers,modfr-24ddc0bc-7bc7-4863-9c34-2397f0090b41,Sweet & Sour Sauce,0,False,0,99,True,NULL,NULL,False,,0.5000,True,False,2025-08-22 06:57:39.012659,2025-08-22 06:57:39.012659,2026-06-21 12:59:36.549658
org-tf5i2lw1qz,Sakshi Demo,loc-f9507722-f4c3-45a1-a7a6-6358548bea05,A&w Lab new(Dont take order),catlg-5f49688b-1b0a-4963-9e20-90dba233b023,A&w Lab new(Dont take order) Catalog,itm-6111f62f-7b1f-4085-80f6-a04f71e65d45,Mini Meal - Bacon Single,0,modgrp-49f6b8c4-7d89-420c-9c0d-bacb0d0a372d,Chkn & Seafood Food Modifiers,modfr-2d3af169-267e-4bb9-bb39-bf1bed85e1d0,No Sauce,0,False,0,99,True,NULL,NULL,False,,NULL,True,False,2025-08-22 06:57:39.012655,2025-08-22 06:57:39.012655,2026-06-21 12:59:36.549658
org-tf5i2lw1qz,Sakshi Demo,loc-f9507722-f4c3-45a1-a7a6-6358548bea05,A&w Lab new(Dont take order),catlg-5f49688b-1b0a-4963-9e20-90dba233b023,A&w Lab new(Dont take order) Catalog,itm-6111f62f-7b1f-4085-80f6-a04f71e65d45,Mini Meal - Bacon Single,0,modgrp-49f6b8c4-7d89-420c-9c0d-bacb0d0a372d,Chkn & Seafood Food Modifiers,modfr-2e44d443-ac25-4153-8f8a-eaa012030aa6,AW Sauce,0,False,0,99,True,NULL,NULL,False,,0.2500,True,False,2025-08-22 06:57:39.01266,2025-08-22 06:57:39.01266,2026-06-21 12:59:36.549658
org-tf5i2lw1qz,Sakshi Demo,loc-f9507722-f4c3-45a1-a7a6-6358548bea05,A&w Lab new(Dont take order),catlg-5f49688b-1b0a-4963-9e20-90dba233b023,A&w Lab new(Dont take order) Catalog,itm-6111f62f-7b1f-4085-80f6-a04f71e65d45,Mini Meal - Bacon Single,0,modgrp-49f6b8c4-7d89-420c-9c0d-bacb0d0a372d,Chkn & Seafood Food Modifiers,modfr-3581395d-200e-4303-9c49-56fa03f9c04a,Mushrooms,0,False,0,99,True,NULL,NULL,False,,0.5000,True,False,2025-08-22 06:57:39.012652,2025-08-22 06:57:39.012652,2026-06-21 12:59:36.549658
org-tf5i2lw1qz,Sakshi Demo,loc-f9507722-f4c3-45a1-a7a6-6358548bea05,A&w Lab new(Dont take order),catlg-5f49688b-1b0a-4963-9e20-90dba233b023,A&w Lab new(Dont take order) Catalog,itm-6111f62f-7b1f-4085-80f6-a04f71e65d45,Mini Meal - Bacon Single,0,modgrp-49f6b8c4-7d89-420c-9c0d-bacb0d0a372d,Chkn & Seafood Food Modifiers,modfr-36d60814-bf93-42aa-a157-63f7ab6546cf,Ketchup,0,False,0,99,True,NULL,NULL,False,,NULL,True,False,2025-08-22 06:57:39.012652,2025-08-22 06:57:39.012652,2026-06-21 12:59:36.549658
org-tf5i2lw1qz,Sakshi Demo,loc-f9507722-f4c3-45a1-a7a6-6358548bea05,A&w Lab new(Dont take order),catlg-5f49688b-1b0a-4963-9e20-90dba233b023,A&w Lab new(Dont take order) Catalog,itm-6111f62f-7b1f-4085-80f6-a04f71e65d45,Mini Meal - Bacon Single,0,modgrp-49f6b8c4-7d89-420c-9c0d-bacb0d0a372d,Chkn & Seafood Food Modifiers,modfr-3a581c46-ac3c-4753-9a5d-3c5277c49aa6,Onions,0,False,0,99,True,NULL,NULL,False,,0.5000,True,False,2025-08-22 06:57:39.012653,2025-08-22 06:57:39.012653,2026-06-21 12:59:36.549658
org-tf5i2lw1qz,Sakshi Demo,loc-f9507722-f4c3-45a1-a7a6-6358548bea05,A&w Lab new(Dont take order),catlg-5f49688b-1b0a-4963-9e20-90dba233b023,A&w Lab new(Dont take order) Catalog,itm-6111f62f-7b1f-4085-80f6-a04f71e65d45,Mini Meal - Bacon Single,0,modgrp-49f6b8c4-7d89-420c-9c0d-bacb0d0a372d,Chkn & Seafood Food Modifiers,modfr-43e04c6d-7c12-4a7b-80c0-a89efd25f7da,Lettuce,0,False,0,99,True,NULL,NULL,False,,0.5000,True,False,2025-08-22 06:57:39.012652,2025-08-22 06:57:39.012652,2026-06-21 12:59:36.549658
org-tf5i2lw1qz,Sakshi Demo,loc-f9507722-f4c3-45a1-a7a6-6358548bea05,A&w Lab new(Dont take order),catlg-5f49688b-1b0a-4963-9e20-90dba233b023,A&w Lab new(Dont take order) Catalog,itm-6111f62f-7b1f-4085-80f6-a04f71e65d45,Mini Meal - Bacon Single,0,modgrp-49f6b8c4-7d89-420c-9c0d-bacb0d0a372d,Chkn & Seafood Food Modifiers,modfr-43e9d07d-5125-49c9-b583-0fc0fbed4819,Burger Patty,0,False,0,99,True,NULL,NULL,False,,1.4000,True,False,2025-08-22 06:57:39.01265,2025-08-22 06:57:39.01265,2026-06-21 12:59:36.549658
org-tf5i2lw1qz,Sakshi Demo,loc-f9507722-f4c3-45a1-a7a6-6358548bea05,A&w Lab new(Dont take order),catlg-5f49688b-1b0a-4963-9e20-90dba233b023,A&w Lab new(Dont take order) Catalog,itm-6111f62f-7b1f-4085-80f6-a04f71e65d45,Mini Meal - Bacon Single,0,modgrp-49f6b8c4-7d89-420c-9c0d-bacb0d0a372d,Chkn & Seafood Food Modifiers,modfr-451c83fd-91fe-4d9c-8541-0b75d1b2c115,Sweet Relish ,0,False,0,99,True,NULL,NULL,False,,NULL,True,False,2025-08-22 06:57:39.012654,2025-08-22 06:57:39.012654,2026-06-21 12:59:36.549658
org-tf5i2lw1qz,Sakshi Demo,loc-f9507722-f4c3-45a1-a7a6-6358548bea05,A&w Lab new(Dont take order),catlg-5f49688b-1b0a-4963-9e20-90dba233b023,A&w Lab new(Dont take order) Catalog,itm-6111f62f-7b1f-4085-80f6-a04f71e65d45,Mini Meal - Bacon Single,0,modgrp-49f6b8c4-7d89-420c-9c0d-bacb0d0a372d,Chkn & Seafood Food Modifiers,modfr-4dcf3ae6-5501-4885-bf9d-37714f4717f4,French,0,False,0,99,True,NULL,NULL,False,,NULL,True,False,2025-08-22 06:57:39.012683,2025-08-22 06:57:39.012683,2026-06-21 12:59:36.549658
org-tf5i2lw1qz,Sakshi Demo,loc-f9507722-f4c3-45a1-a7a6-6358548bea05,A&w Lab new(Dont take order),catlg-5f49688b-1b0a-4963-9e20-90dba233b023,A&w Lab new(Dont take order) Catalog,itm-6111f62f-7b1f-4085-80f6-a04f71e65d45,Mini Meal - Bacon Single,0,modgrp-49f6b8c4-7d89-420c-9c0d-bacb0d0a372d,Chkn & Seafood Food Modifiers,modfr-596840a4-1d42-419b-a8d3-e5305259b81d,Bun,0,False,0,99,True,NULL,NULL,False,,0.5000,True,False,2025-08-22 06:57:39.01265,2025-08-22 06:57:39.01265,2026-06-21 12:59:36.549658
org-tf5i2lw1qz,Sakshi Demo,loc-f9507722-f4c3-45a1-a7a6-6358548bea05,A&w Lab new(Dont take order),catlg-5f49688b-1b0a-4963-9e20-90dba233b023,A&w Lab new(Dont take order) Catalog,itm-6111f62f-7b1f-4085-80f6-a04f71e65d45,Mini Meal - Bacon Single,0,modgrp-49f6b8c4-7d89-420c-9c0d-bacb0d0a372d,Chkn & Seafood Food Modifiers,modfr-5dc1baf2-d571-4895-b1ec-1faad0298879,Seasoning,0,False,0,99,True,NULL,NULL,False,,NULL,True,False,2025-08-22 06:57:39.012654,2025-08-22 06:57:39.012654,2026-06-21 12:59:36.549658
org-tf5i2lw1qz,Sakshi Demo,loc-f9507722-f4c3-45a1-a7a6-6358548bea05,A&w Lab new(Dont take order),catlg-5f49688b-1b0a-4963-9e20-90dba233b023,A&w Lab new(Dont take order) Catalog,itm-6111f62f-7b1f-4085-80f6-a04f71e65d45,Mini Meal - Bacon Single,0,modgrp-49f6b8c4-7d89-420c-9c0d-bacb0d0a372d,Chkn & Seafood Food Modifiers,modfr-600274b1-dd7a-411e-b457-ae171b9f21cb,Pickles,0,False,0,99,True,NULL,NULL,False,,0.5000,True,False,2025-08-22 06:57:39.012653,2025-08-22 06:57:39.012653,2026-06-21 12:59:36.549658
org-tf5i2lw1qz,Sakshi Demo,loc-f9507722-f4c3-45a1-a7a6-6358548bea05,A&w Lab new(Dont take order),catlg-5f49688b-1b0a-4963-9e20-90dba233b023,A&w Lab new(Dont take order) Catalog,itm-6111f62f-7b1f-4085-80f6-a04f71e65d45,Mini Meal - Bacon Single,0,modgrp-49f6b8c4-7d89-420c-9c0d-bacb0d0a372d,Chkn & Seafood Food Modifiers,modfr-60eab4a7-5c2f-4049-8e50-3342b2bc6671,No Seasoning,0,False,0,99,True,NULL,NULL,False,,NULL,True,False,2025-08-22 06:57:39.012657,2025-08-22 06:57:39.012657,2026-06-21 12:59:36.549658
org-tf5i2lw1qz,Sakshi Demo,loc-f9507722-f4c3-45a1-a7a6-6358548bea05,A&w Lab new(Dont take order),catlg-5f49688b-1b0a-4963-9e20-90dba233b023,A&w Lab new(Dont take order) Catalog,itm-6111f62f-7b1f-4085-80f6-a04f71e65d45,Mini Meal - Bacon Single,0,modgrp-49f6b8c4-7d89-420c-9c0d-bacb0d0a372d,Chkn & Seafood Food Modifiers,modfr-62d22f1c-917a-483d-a890-73f1b1ca2708,Malt Vinegar,0,False,0,99,True,NULL,NULL,False,,NULL,True,False,2025-08-22 06:57:39.012682,2025-08-22 06:57:39.012682,2026-06-21 12:59:36.549658
org-tf5i2lw1qz,Sakshi Demo,loc-f9507722-f4c3-45a1-a7a6-6358548bea05,A&w Lab new(Dont take order),catlg-5f49688b-1b0a-4963-9e20-90dba233b023,A&w Lab new(Dont take order) Catalog,itm-59548cb0-dd19-470a-afb7-f5f43bee1979,30pc Corn Dog Nuggets,0,modgrp-cecb37b7-c8bd-47ba-92f3-d543cafcebe7,*Pick 2 Side Sauce,modfr-36d60814-bf93-42aa-a157-63f7ab6546cf,Ketchup,0,False,0,7,True,NULL,NULL,False,,NULL,True,False,2025-08-22 06:57:39.012652,2025-08-22 06:57:39.012652,2026-06-21 13:00:05.236981
org-tf5i2lw1qz,Sakshi Demo,loc-f9507722-f4c3-45a1-a7a6-6358548bea05,A&w Lab new(Dont take order),catlg-5f49688b-1b0a-4963-9e20-90dba233b023,A&w Lab new(Dont take order) Catalog,itm-59548cb0-dd19-470a-afb7-f5f43bee1979,30pc Corn Dog Nuggets,0,modgrp-cecb37b7-c8bd-47ba-92f3-d543cafcebe7,*Pick 2 Side Sauce,modfr-451c83fd-91fe-4d9c-8541-0b75d1b2c115,Sweet Relish ,0,False,0,7,True,NULL,NULL,False,,NULL,True,False,2025-08-22 06:57:39.012654,2025-08-22 06:57:39.012654,2026-06-21 13:00:05.236981
org-tf5i2lw1qz,Sakshi Demo,loc-f9507722-f4c3-45a1-a7a6-6358548bea05,A&w Lab new(Dont take order),catlg-5f49688b-1b0a-4963-9e20-90dba233b023,A&w Lab new(Dont take order) Catalog,itm-59548cb0-dd19-470a-afb7-f5f43bee1979,30pc Corn Dog Nuggets,0,modgrp-cecb37b7-c8bd-47ba-92f3-d543cafcebe7,*Pick 2 Side Sauce,modfr-63cdc41a-51c3-4db0-850c-adcf28442577,Papa Sauce,0,False,0,7,True,NULL,NULL,False,,0.2500,True,False,2025-08-22 06:57:39.012653,2025-08-22 06:57:39.012653,2026-06-21 13:00:05.236981
org-tf5i2lw1qz,Sakshi Demo,loc-f9507722-f4c3-45a1-a7a6-6358548bea05,A&w Lab new(Dont take order),catlg-5f49688b-1b0a-4963-9e20-90dba233b023,A&w Lab new(Dont take order) Catalog,itm-59548cb0-dd19-470a-afb7-f5f43bee1979,30pc Corn Dog Nuggets,0,modgrp-cecb37b7-c8bd-47ba-92f3-d543cafcebe7,*Pick 2 Side Sauce,modfr-69dda00b-eeb0-4cbe-b96b-2b404ef6e312,Ranch,0,False,0,7,True,NULL,NULL,False,,0.2500,True,False,2025-08-22 06:57:39.012653,2025-08-22 06:57:39.012653,2026-06-21 13:00:05.236981
org-tf5i2lw1qz,Sakshi Demo,loc-f9507722-f4c3-45a1-a7a6-6358548bea05,A&w Lab new(Dont take order),catlg-5f49688b-1b0a-4963-9e20-90dba233b023,A&w Lab new(Dont take order) Catalog,itm-59548cb0-dd19-470a-afb7-f5f43bee1979,30pc Corn Dog Nuggets,0,modgrp-cecb37b7-c8bd-47ba-92f3-d543cafcebe7,*Pick 2 Side Sauce,modfr-aa8af7cb-ebbf-4050-9632-96407604b57e,Syrup,0,False,0,7,True,NULL,NULL,False,,0.3500,True,False,2025-08-22 06:57:39.004957,2025-08-22 06:57:36.185409,2026-06-21 13:00:05.236981
org-tf5i2lw1qz,Sakshi Demo,loc-f9507722-f4c3-45a1-a7a6-6358548bea05,A&w Lab new(Dont take order),catlg-5f49688b-1b0a-4963-9e20-90dba233b023,A&w Lab new(Dont take order) Catalog,itm-59548cb0-dd19-470a-afb7-f5f43bee1979,30pc Corn Dog Nuggets,0,modgrp-cecb37b7-c8bd-47ba-92f3-d543cafcebe7,*Pick 2 Side Sauce,modfr-b20c0605-f799-4d08-a072-f7f7f4986398,Sweet Thai Chili,0,False,0,7,True,NULL,NULL,False,,0.2500,True,False,2025-08-22 06:57:39.012657,2025-08-22 06:57:39.012657,2026-06-21 13:00:05.236981
org-tf5i2lw1qz,Sakshi Demo,loc-f9507722-f4c3-45a1-a7a6-6358548bea05,A&w Lab new(Dont take order),catlg-5f49688b-1b0a-4963-9e20-90dba233b023,A&w Lab new(Dont take order) Catalog,itm-59548cb0-dd19-470a-afb7-f5f43bee1979,30pc Corn Dog Nuggets,0,modgrp-cecb37b7-c8bd-47ba-92f3-d543cafcebe7,*Pick 2 Side Sauce,modfr-b22c2ec1-c1e4-49b0-ae25-36f4758af9c7,Ketchup Pkt,0,False,0,7,True,NULL,NULL,False,,0.2500,True,False,2025-08-22 06:57:39.012658,2025-08-22 06:57:39.012658,2026-06-21 13:00:05.236981
org-tf5i2lw1qz,Sakshi Demo,loc-f9507722-f4c3-45a1-a7a6-6358548bea05,A&w Lab new(Dont take order),catlg-5f49688b-1b0a-4963-9e20-90dba233b023,A&w Lab new(Dont take order) Catalog,itm-59548cb0-dd19-470a-afb7-f5f43bee1979,30pc Corn Dog Nuggets,0,modgrp-cecb37b7-c8bd-47ba-92f3-d543cafcebe7,*Pick 2 Side Sauce,modfr-b286d49a-7dca-411a-824f-016be46ee189,Fry Sauce,0,False,0,7,True,NULL,NULL,False,,0.5000,True,False,2025-08-22 06:57:39.012658,2025-08-22 06:57:39.012658,2026-06-21 13:00:05.236981
org-tf5i2lw1qz,Sakshi Demo,loc-f9507722-f4c3-45a1-a7a6-6358548bea05,A&w Lab new(Dont take order),catlg-5f49688b-1b0a-4963-9e20-90dba233b023,A&w Lab new(Dont take order) Catalog,itm-59548cb0-dd19-470a-afb7-f5f43bee1979,30pc Corn Dog Nuggets,0,modgrp-cecb37b7-c8bd-47ba-92f3-d543cafcebe7,*Pick 2 Side Sauce,modfr-b758430e-3ccf-437f-b95a-fbac4315d3dc,Mayo Pkt,0,False,0,7,True,NULL,NULL,False,,NULL,True,False,2025-08-22 06:57:39.012656,2025-08-22 06:57:39.012656,2026-06-21 13:00:05.236981
org-tf5i2lw1qz,Sakshi Demo,loc-f9507722-f4c3-45a1-a7a6-6358548bea05,A&w Lab new(Dont take order),catlg-5f49688b-1b0a-4963-9e20-90dba233b023,A&w Lab new(Dont take order) Catalog,itm-59548cb0-dd19-470a-afb7-f5f43bee1979,30pc Corn Dog Nuggets,0,modgrp-cecb37b7-c8bd-47ba-92f3-d543cafcebe7,*Pick 2 Side Sauce,modfr-c2a93153-69be-4086-a9a3-330b1276b6e8,3 Pepper Fire Sauce,0,False,0,7,True,NULL,NULL,False,,0.2500,True,False,2025-08-22 06:57:39.01266,2025-08-22 06:57:39.01266,2026-06-21 13:00:05.236981
org-tf5i2lw1qz,Sakshi Demo,loc-f9507722-f4c3-45a1-a7a6-6358548bea05,A&w Lab new(Dont take order),catlg-5f49688b-1b0a-4963-9e20-90dba233b023,A&w Lab new(Dont take order) Catalog,itm-59548cb0-dd19-470a-afb7-f5f43bee1979,30pc Corn Dog Nuggets,0,modgrp-cecb37b7-c8bd-47ba-92f3-d543cafcebe7,*Pick 2 Side Sauce,modfr-ddec8a33-674e-41fb-8a19-39d169a176fb,Buffalo Sauce,0,False,0,7,True,NULL,NULL,False,,0.2500,True,False,2025-08-22 06:57:39.012656,2025-08-22 06:57:39.012656,2026-06-21 13:00:05.236981
org-tf5i2lw1qz,Sakshi Demo,loc-f9507722-f4c3-45a1-a7a6-6358548bea05,A&w Lab new(Dont take order),catlg-5f49688b-1b0a-4963-9e20-90dba233b023,A&w Lab new(Dont take order) Catalog,itm-59548cb0-dd19-470a-afb7-f5f43bee1979,30pc Corn Dog Nuggets,0,modgrp-cecb37b7-c8bd-47ba-92f3-d543cafcebe7,*Pick 2 Side Sauce,modfr-e17f370c-e3d2-4932-988f-392c24871efd,Sweet & Sour,0,False,0,7,True,NULL,NULL,False,,NULL,True,False,2025-08-22 06:57:39.012656,2025-08-22 06:57:39.012656,2026-06-21 13:00:05.236981
org-tf5i2lw1qz,Sakshi Demo,loc-f9507722-f4c3-45a1-a7a6-6358548bea05,A&w Lab new(Dont take order),catlg-5f49688b-1b0a-4963-9e20-90dba233b023,A&w Lab new(Dont take order) Catalog,itm-59548cb0-dd19-470a-afb7-f5f43bee1979,30pc Corn Dog Nuggets,0,modgrp-cecb37b7-c8bd-47ba-92f3-d543cafcebe7,*Pick 2 Side Sauce,modfr-f0022724-2c21-4b4d-bf45-88ebcac4c4c7,Cocktail Sauce,0,False,0,7,True,NULL,NULL,False,,0.2500,True,False,2025-08-22 06:57:39.012651,2025-08-22 06:57:39.012651,2026-06-21 13:00:05.236981
org-tf5i2lw1qz,Sakshi Demo,loc-f9507722-f4c3-45a1-a7a6-6358548bea05,A&w Lab new(Dont take order),catlg-5f49688b-1b0a-4963-9e20-90dba233b023,A&w Lab new(Dont take order) Catalog,itm-63f19d85-cb3d-40f7-b74c-3d7701cf5b56,12oz Ice Cream,0,modgrp-4a567045-ffca-4c8b-8647-73843830f3c7,Modifiers,modfr-0212976e-34e0-41a7-8b79-092452b2c82c,DO NOT MAKE,0,False,0,99,True,NULL,NULL,False,,NULL,True,False,2025-08-22 06:57:39.012644,2025-08-22 06:57:39.012644,2026-06-21 13:00:05.236981
org-tf5i2lw1qz,Sakshi Demo,loc-f9507722-f4c3-45a1-a7a6-6358548bea05,A&w Lab new(Dont take order),catlg-5f49688b-1b0a-4963-9e20-90dba233b023,A&w Lab new(Dont take order) Catalog,itm-63f19d85-cb3d-40f7-b74c-3d7701cf5b56,12oz Ice Cream,0,modgrp-4a567045-ffca-4c8b-8647-73843830f3c7,Modifiers,modfr-0e72e1d1-d0f0-48b2-a161-93a0ce4c887e,Cookie Dough,0,False,0,99,True,NULL,NULL,False,,0.5000,True,False,2025-08-22 06:57:39.012643,2025-08-22 06:57:39.012643,2026-06-21 13:00:05.236981
org-tf5i2lw1qz,Sakshi Demo,loc-f9507722-f4c3-45a1-a7a6-6358548bea05,A&w Lab new(Dont take order),catlg-5f49688b-1b0a-4963-9e20-90dba233b023,A&w Lab new(Dont take order) Catalog,itm-63f19d85-cb3d-40f7-b74c-3d7701cf5b56,12oz Ice Cream,0,modgrp-4a567045-ffca-4c8b-8647-73843830f3c7,Modifiers,modfr-15719f15-f20d-407f-868e-07098b9990b8,**Allergy Alert***,0,False,0,99,True,NULL,NULL,False,,NULL,True,False,2025-08-22 06:57:39.012641,2025-08-22 06:57:39.012641,2026-06-21 13:00:05.236981
org-tf5i2lw1qz,Sakshi Demo,loc-f9507722-f4c3-45a1-a7a6-6358548bea05,A&w Lab new(Dont take order),catlg-5f49688b-1b0a-4963-9e20-90dba233b023,A&w Lab new(Dont take order) Catalog,itm-63f19d85-cb3d-40f7-b74c-3d7701cf5b56,12oz Ice Cream,0,modgrp-4a567045-ffca-4c8b-8647-73843830f3c7,Modifiers,modfr-17ee7392-5017-4beb-87ad-f8779456a98c,Chocolate Syrup,0,False,0,99,True,NULL,NULL,False,,0.5000,True,False,2025-08-22 06:57:39.012648,2025-08-22 06:57:39.012648,2026-06-21 13:00:05.236981
org-tf5i2lw1qz,Sakshi Demo,loc-f9507722-f4c3-45a1-a7a6-6358548bea05,A&w Lab new(Dont take order),catlg-5f49688b-1b0a-4963-9e20-90dba233b023,A&w Lab new(Dont take order) Catalog,itm-63f19d85-cb3d-40f7-b74c-3d7701cf5b56,12oz Ice Cream,0,modgrp-4a567045-ffca-4c8b-8647-73843830f3c7,Modifiers,modfr-195ca4b7-b610-4f6c-b945-9fac1a185388,Open Food,0,False,0,99,True,NULL,NULL,False,,NULL,True,False,2025-08-22 06:57:39.012645,2025-08-22 06:57:39.012645,2026-06-21 13:00:05.236981
org-tf5i2lw1qz,Sakshi Demo,loc-f9507722-f4c3-45a1-a7a6-6358548bea05,A&w Lab new(Dont take order),catlg-5f49688b-1b0a-4963-9e20-90dba233b023,A&w Lab new(Dont take order) Catalog,itm-6111f62f-7b1f-4085-80f6-a04f71e65d45,Mini Meal - Bacon Single,0,modgrp-714a3554-6806-4a29-9e33-7ee10d1b2af6,Sauce,modfr-292ddb3b-7e37-409d-aee3-c24128a31eca,Marinara,0,False,0,8,True,NULL,NULL,False,,0.2500,True,False,2025-08-22 06:57:39.012656,2025-08-22 06:57:39.012656,2026-06-21 12:57:49.224706
org-tf5i2lw1qz,Sakshi Demo,loc-f9507722-f4c3-45a1-a7a6-6358548bea05,A&w Lab new(Dont take order),catlg-5f49688b-1b0a-4963-9e20-90dba233b023,A&w Lab new(Dont take order) Catalog,itm-6111f62f-7b1f-4085-80f6-a04f71e65d45,Mini Meal - Bacon Single,0,modgrp-714a3554-6806-4a29-9e33-7ee10d1b2af6,Sauce,modfr-2a81febd-94dc-4471-a19b-b81d59dd2734,Spicy Papa Sauce,0,False,0,8,True,NULL,NULL,False,,0.2500,True,False,2025-08-22 06:57:39.012654,2025-08-22 06:57:39.012654,2026-06-21 12:57:49.224706
org-tf5i2lw1qz,Sakshi Demo,loc-f9507722-f4c3-45a1-a7a6-6358548bea05,A&w Lab new(Dont take order),catlg-5f49688b-1b0a-4963-9e20-90dba233b023,A&w Lab new(Dont take order) Catalog,itm-6111f62f-7b1f-4085-80f6-a04f71e65d45,Mini Meal - Bacon Single,0,modgrp-714a3554-6806-4a29-9e33-7ee10d1b2af6,Sauce,modfr-2b083dd1-5a19-48d5-8c9e-83721369e8ac,Mustard Pkt,0,False,0,8,True,NULL,NULL,False,,0.2500,True,False,2025-08-22 06:57:39.012658,2025-08-22 06:57:39.012658,2026-06-21 12:57:49.224706
org-tf5i2lw1qz,Sakshi Demo,loc-f9507722-f4c3-45a1-a7a6-6358548bea05,A&w Lab new(Dont take order),catlg-5f49688b-1b0a-4963-9e20-90dba233b023,A&w Lab new(Dont take order) Catalog,itm-6111f62f-7b1f-4085-80f6-a04f71e65d45,Mini Meal - Bacon Single,0,modgrp-714a3554-6806-4a29-9e33-7ee10d1b2af6,Sauce,modfr-2cd9a486-1d14-4d60-a9be-029988a0f9cf,Honey Mustard,0,False,0,8,True,NULL,NULL,False,,0.2500,True,False,2025-08-22 06:57:39.012651,2025-08-22 06:57:39.012651,2026-06-21 12:57:49.224706
org-tf5i2lw1qz,Sakshi Demo,loc-f9507722-f4c3-45a1-a7a6-6358548bea05,A&w Lab new(Dont take order),catlg-5f49688b-1b0a-4963-9e20-90dba233b023,A&w Lab new(Dont take order) Catalog,itm-6111f62f-7b1f-4085-80f6-a04f71e65d45,Mini Meal - Bacon Single,0,modgrp-714a3554-6806-4a29-9e33-7ee10d1b2af6,Sauce,modfr-2d3af169-267e-4bb9-bb39-bf1bed85e1d0,No Sauce,0,False,0,8,True,NULL,NULL,False,,NULL,True,False,2025-08-22 06:57:39.012655,2025-08-22 06:57:39.012655,2026-06-21 12:57:49.224706
org-tf5i2lw1qz,Sakshi Demo,loc-f9507722-f4c3-45a1-a7a6-6358548bea05,A&w Lab new(Dont take order),catlg-5f49688b-1b0a-4963-9e20-90dba233b023,A&w Lab new(Dont take order) Catalog,itm-6111f62f-7b1f-4085-80f6-a04f71e65d45,Mini Meal - Bacon Single,0,modgrp-714a3554-6806-4a29-9e33-7ee10d1b2af6,Sauce,modfr-2e44d443-ac25-4153-8f8a-eaa012030aa6,AW Sauce,0,False,0,8,True,NULL,NULL,False,,0.2500,True,False,2025-08-22 06:57:39.01266,2025-08-22 06:57:39.01266,2026-06-21 12:57:49.224706
org-tf5i2lw1qz,Sakshi Demo,loc-f9507722-f4c3-45a1-a7a6-6358548bea05,A&w Lab new(Dont take order),catlg-5f49688b-1b0a-4963-9e20-90dba233b023,A&w Lab new(Dont take order) Catalog,itm-6111f62f-7b1f-4085-80f6-a04f71e65d45,Mini Meal - Bacon Single,0,modgrp-714a3554-6806-4a29-9e33-7ee10d1b2af6,Sauce,modfr-36d60814-bf93-42aa-a157-63f7ab6546cf,Ketchup,0,False,0,8,True,NULL,NULL,False,,NULL,True,False,2025-08-22 06:57:39.012652,2025-08-22 06:57:39.012652,2026-06-21 12:57:49.224706
org-tf5i2lw1qz,Sakshi Demo,loc-f9507722-f4c3-45a1-a7a6-6358548bea05,A&w Lab new(Dont take order),catlg-5f49688b-1b0a-4963-9e20-90dba233b023,A&w Lab new(Dont take order) Catalog,itm-6111f62f-7b1f-4085-80f6-a04f71e65d45,Mini Meal - Bacon Single,0,modgrp-714a3554-6806-4a29-9e33-7ee10d1b2af6,Sauce,modfr-451c83fd-91fe-4d9c-8541-0b75d1b2c115,Sweet Relish ,0,False,0,8,True,NULL,NULL,False,,NULL,True,False,2025-08-22 06:57:39.012654,2025-08-22 06:57:39.012654,2026-06-21 12:57:49.224706
org-tf5i2lw1qz,Sakshi Demo,loc-f9507722-f4c3-45a1-a7a6-6358548bea05,A&w Lab new(Dont take order),catlg-5f49688b-1b0a-4963-9e20-90dba233b023,A&w Lab new(Dont take order) Catalog,itm-6111f62f-7b1f-4085-80f6-a04f71e65d45,Mini Meal - Bacon Single,0,modgrp-714a3554-6806-4a29-9e33-7ee10d1b2af6,Sauce,modfr-63cdc41a-51c3-4db0-850c-adcf28442577,Papa Sauce,0,False,0,8,True,NULL,NULL,False,,0.2500,True,False,2025-08-22 06:57:39.012653,2025-08-22 06:57:39.012653,2026-06-21 12:57:49.224706
org-tf5i2lw1qz,Sakshi Demo,loc-f9507722-f4c3-45a1-a7a6-6358548bea05,A&w Lab new(Dont take order),catlg-5f49688b-1b0a-4963-9e20-90dba233b023,A&w Lab new(Dont take order) Catalog,itm-6111f62f-7b1f-4085-80f6-a04f71e65d45,Mini Meal - Bacon Single,0,modgrp-714a3554-6806-4a29-9e33-7ee10d1b2af6,Sauce,modfr-69dda00b-eeb0-4cbe-b96b-2b404ef6e312,Ranch,0,False,0,8,True,NULL,NULL,False,,0.2500,True,False,2025-08-22 06:57:39.012653,2025-08-22 06:57:39.012653,2026-06-21 12:57:49.224706
org-tf5i2lw1qz,Sakshi Demo,loc-f9507722-f4c3-45a1-a7a6-6358548bea05,A&w Lab new(Dont take order),catlg-5f49688b-1b0a-4963-9e20-90dba233b023,A&w Lab new(Dont take order) Catalog,itm-6111f62f-7b1f-4085-80f6-a04f71e65d45,Mini Meal - Bacon Single,0,modgrp-714a3554-6806-4a29-9e33-7ee10d1b2af6,Sauce,modfr-b20c0605-f799-4d08-a072-f7f7f4986398,Sweet Thai Chili,0,False,0,8,True,NULL,NULL,False,,0.2500,True,False,2025-08-22 06:57:39.012657,2025-08-22 06:57:39.012657,2026-06-21 12:57:49.224706
org-tf5i2lw1qz,Sakshi Demo,loc-f9507722-f4c3-45a1-a7a6-6358548bea05,A&w Lab new(Dont take order),catlg-5f49688b-1b0a-4963-9e20-90dba233b023,A&w Lab new(Dont take order) Catalog,itm-6111f62f-7b1f-4085-80f6-a04f71e65d45,Mini Meal - Bacon Single,0,modgrp-714a3554-6806-4a29-9e33-7ee10d1b2af6,Sauce,modfr-b22c2ec1-c1e4-49b0-ae25-36f4758af9c7,Ketchup Pkt,0,False,0,8,True,NULL,NULL,False,,0.2500,True,False,2025-08-22 06:57:39.012658,2025-08-22 06:57:39.012658,2026-06-21 12:57:49.224706
org-tf5i2lw1qz,Sakshi Demo,loc-f9507722-f4c3-45a1-a7a6-6358548bea05,A&w Lab new(Dont take order),catlg-5f49688b-1b0a-4963-9e20-90dba233b023,A&w Lab new(Dont take order) Catalog,itm-6111f62f-7b1f-4085-80f6-a04f71e65d45,Mini Meal - Bacon Single,0,modgrp-714a3554-6806-4a29-9e33-7ee10d1b2af6,Sauce,modfr-b286d49a-7dca-411a-824f-016be46ee189,Fry Sauce,0,False,0,8,True,NULL,NULL,False,,0.5000,True,False,2025-08-22 06:57:39.012658,2025-08-22 06:57:39.012658,2026-06-21 12:57:49.224706
org-tf5i2lw1qz,Sakshi Demo,loc-f9507722-f4c3-45a1-a7a6-6358548bea05,A&w Lab new(Dont take order),catlg-5f49688b-1b0a-4963-9e20-90dba233b023,A&w Lab new(Dont take order) Catalog,itm-6111f62f-7b1f-4085-80f6-a04f71e65d45,Mini Meal - Bacon Single,0,modgrp-714a3554-6806-4a29-9e33-7ee10d1b2af6,Sauce,modfr-b758430e-3ccf-437f-b95a-fbac4315d3dc,Mayo Pkt,0,False,0,8,True,NULL,NULL,False,,NULL,True,False,2025-08-22 06:57:39.012656,2025-08-22 06:57:39.012656,2026-06-21 12:57:49.224706
org-tf5i2lw1qz,Sakshi Demo,loc-f9507722-f4c3-45a1-a7a6-6358548bea05,A&w Lab new(Dont take order),catlg-5f49688b-1b0a-4963-9e20-90dba233b023,A&w Lab new(Dont take order) Catalog,itm-6111f62f-7b1f-4085-80f6-a04f71e65d45,Mini Meal - Bacon Single,0,modgrp-714a3554-6806-4a29-9e33-7ee10d1b2af6,Sauce,modfr-c2a93153-69be-4086-a9a3-330b1276b6e8,3 Pepper Fire Sauce,0,False,0,8,True,NULL,NULL,False,,0.2500,True,False,2025-08-22 06:57:39.01266,2025-08-22 06:57:39.01266,2026-06-21 12:57:49.224706
org-tf5i2lw1qz,Sakshi Demo,loc-f9507722-f4c3-45a1-a7a6-6358548bea05,A&w Lab new(Dont take order),catlg-5f49688b-1b0a-4963-9e20-90dba233b023,A&w Lab new(Dont take order) Catalog,itm-6111f62f-7b1f-4085-80f6-a04f71e65d45,Mini Meal - Bacon Single,0,modgrp-714a3554-6806-4a29-9e33-7ee10d1b2af6,Sauce,modfr-ddec8a33-674e-41fb-8a19-39d169a176fb,Buffalo Sauce,0,False,0,8,True,NULL,NULL,False,,0.2500,True,False,2025-08-22 06:57:39.012656,2025-08-22 06:57:39.012656,2026-06-21 12:57:49.224706
org-tf5i2lw1qz,Sakshi Demo,loc-f9507722-f4c3-45a1-a7a6-6358548bea05,A&w Lab new(Dont take order),catlg-5f49688b-1b0a-4963-9e20-90dba233b023,A&w Lab new(Dont take order) Catalog,itm-6111f62f-7b1f-4085-80f6-a04f71e65d45,Mini Meal - Bacon Single,0,modgrp-714a3554-6806-4a29-9e33-7ee10d1b2af6,Sauce,modfr-e17f370c-e3d2-4932-988f-392c24871efd,Sweet & Sour,0,False,0,8,True,NULL,NULL,False,,NULL,True,False,2025-08-22 06:57:39.012656,2025-08-22 06:57:39.012656,2026-06-21 12:57:49.224706
org-tf5i2lw1qz,Sakshi Demo,loc-f9507722-f4c3-45a1-a7a6-6358548bea05,A&w Lab new(Dont take order),catlg-5f49688b-1b0a-4963-9e20-90dba233b023,A&w Lab new(Dont take order) Catalog,itm-6111f62f-7b1f-4085-80f6-a04f71e65d45,Mini Meal - Bacon Single,0,modgrp-714a3554-6806-4a29-9e33-7ee10d1b2af6,Sauce,modfr-f0022724-2c21-4b4d-bf45-88ebcac4c4c7,Cocktail Sauce,0,False,0,8,True,NULL,NULL,False,,0.2500,True,False,2025-08-22 06:57:39.012651,2025-08-22 06:57:39.012651,2026-06-21 12:57:49.224706
org-2ad9799e-2df3-4ebb-9563-8772f5638552,Rohan's Org,loc-9dd1eaea-e264-4d51-bffb-1abdc65e3fff,Upsell Testing,catlg-e77cf90f-2b34-4aa0-9eb6-642bef1ac285,Upsell Testing Catalog,itm-c4031adb-3c58-4024-8910-9cd2c6d46718,Large Sriracha Cheese Curds (Combo Upgrade Price),0,modgrp-794dfe86-a9b3-4024-a381-90c6b7601221,Chkn & Seafood Food Modifiers,modfr-4b2161c8-3d50-44c2-85a0-e9489e4ff808,Cup of Coney,0,False,0,99,True,NULL,NULL,False,,4.0000,True,False,2025-10-23 16:17:40.406244,2025-10-23 16:17:40.406244,2026-06-21 12:58:11.63698
org-2ad9799e-2df3-4ebb-9563-8772f5638552,Rohan's Org,loc-9dd1eaea-e264-4d51-bffb-1abdc65e3fff,Upsell Testing,catlg-e77cf90f-2b34-4aa0-9eb6-642bef1ac285,Upsell Testing Catalog,itm-c4031adb-3c58-4024-8910-9cd2c6d46718,Large Sriracha Cheese Curds (Combo Upgrade Price),0,modgrp-794dfe86-a9b3-4024-a381-90c6b7601221,Chkn & Seafood Food Modifiers,modfr-4b441a94-f74a-4278-a51c-5dd6f8b85607,DO NOT MAKE,0,False,0,99,True,NULL,NULL,False,,NULL,True,False,2025-10-23 16:17:40.406244,2025-10-23 16:17:40.406244,2026-06-21 12:58:11.63698
org-2ad9799e-2df3-4ebb-9563-8772f5638552,Rohan's Org,loc-9dd1eaea-e264-4d51-bffb-1abdc65e3fff,Upsell Testing,catlg-e77cf90f-2b34-4aa0-9eb6-642bef1ac285,Upsell Testing Catalog,itm-c4031adb-3c58-4024-8910-9cd2c6d46718,Large Sriracha Cheese Curds (Combo Upgrade Price),0,modgrp-794dfe86-a9b3-4024-a381-90c6b7601221,Chkn & Seafood Food Modifiers,modfr-4de53b5c-2278-430e-8758-955bcb3ca1f5,Onions,0,False,0,99,True,NULL,NULL,False,,0.5000,True,False,2025-10-23 16:17:40.406244,2025-10-23 16:17:40.406244,2026-06-21 12:58:11.63698
org-2ad9799e-2df3-4ebb-9563-8772f5638552,Rohan's Org,loc-9dd1eaea-e264-4d51-bffb-1abdc65e3fff,Upsell Testing,catlg-e77cf90f-2b34-4aa0-9eb6-642bef1ac285,Upsell Testing Catalog,itm-c4031adb-3c58-4024-8910-9cd2c6d46718,Large Sriracha Cheese Curds (Combo Upgrade Price),0,modgrp-794dfe86-a9b3-4024-a381-90c6b7601221,Chkn & Seafood Food Modifiers,modfr-4e53b82d-05be-4319-9d55-dfad3af9139f,Crispy Onions,0,False,0,99,True,NULL,NULL,False,,0.5000,True,False,2025-10-23 16:17:40.406244,2025-10-23 16:17:40.406244,2026-06-21 12:58:11.63698
org-2ad9799e-2df3-4ebb-9563-8772f5638552,Rohan's Org,loc-9dd1eaea-e264-4d51-bffb-1abdc65e3fff,Upsell Testing,catlg-e77cf90f-2b34-4aa0-9eb6-642bef1ac285,Upsell Testing Catalog,itm-c4031adb-3c58-4024-8910-9cd2c6d46718,Large Sriracha Cheese Curds (Combo Upgrade Price),0,modgrp-794dfe86-a9b3-4024-a381-90c6b7601221,Chkn & Seafood Food Modifiers,modfr-5585842a-8277-40c8-a640-ff1700b02a47,Lettuce,0,False,0,99,True,NULL,NULL,False,,0.5000,True,False,2025-10-23 16:17:40.406244,2025-10-23 16:17:40.406244,2026-06-21 12:58:11.63698
org-2ad9799e-2df3-4ebb-9563-8772f5638552,Rohan's Org,loc-9dd1eaea-e264-4d51-bffb-1abdc65e3fff,Upsell Testing,catlg-e77cf90f-2b34-4aa0-9eb6-642bef1ac285,Upsell Testing Catalog,itm-c4031adb-3c58-4024-8910-9cd2c6d46718,Large Sriracha Cheese Curds (Combo Upgrade Price),0,modgrp-794dfe86-a9b3-4024-a381-90c6b7601221,Chkn & Seafood Food Modifiers,modfr-58a7adb8-f3e2-4746-811c-744ab3db8595,Sweet & Sour Sauce,0,False,0,99,True,NULL,NULL,False,,0.5000,True,False,2025-10-23 16:17:40.406244,2025-10-23 16:17:40.406244,2026-06-21 12:58:11.63698
org-2ad9799e-2df3-4ebb-9563-8772f5638552,Rohan's Org,loc-9dd1eaea-e264-4d51-bffb-1abdc65e3fff,Upsell Testing,catlg-e77cf90f-2b34-4aa0-9eb6-642bef1ac285,Upsell Testing Catalog,itm-c4031adb-3c58-4024-8910-9cd2c6d46718,Large Sriracha Cheese Curds (Combo Upgrade Price),0,modgrp-794dfe86-a9b3-4024-a381-90c6b7601221,Chkn & Seafood Food Modifiers,modfr-5d63f20a-e92c-4df3-a007-9bb238f62f32,Swiss Cheese,0,False,0,99,True,NULL,NULL,False,,0.5000,True,False,2025-10-23 16:17:40.406244,2025-10-23 16:17:40.406244,2026-06-21 12:58:11.63698
org-2ad9799e-2df3-4ebb-9563-8772f5638552,Rohan's Org,loc-9dd1eaea-e264-4d51-bffb-1abdc65e3fff,Upsell Testing,catlg-e77cf90f-2b34-4aa0-9eb6-642bef1ac285,Upsell Testing Catalog,itm-c4031adb-3c58-4024-8910-9cd2c6d46718,Large Sriracha Cheese Curds (Combo Upgrade Price),0,modgrp-794dfe86-a9b3-4024-a381-90c6b7601221,Chkn & Seafood Food Modifiers,modfr-6702d5c3-37c2-4292-a938-2882e8f79367,Fat Free Italian,0,False,0,99,True,NULL,NULL,False,,0.3500,True,False,2025-10-23 16:17:40.406244,2025-10-23 16:17:40.406244,2026-06-21 12:58:11.63698
org-2ad9799e-2df3-4ebb-9563-8772f5638552,Rohan's Org,loc-9dd1eaea-e264-4d51-bffb-1abdc65e3fff,Upsell Testing,catlg-e77cf90f-2b34-4aa0-9eb6-642bef1ac285,Upsell Testing Catalog,itm-c4031adb-3c58-4024-8910-9cd2c6d46718,Large Sriracha Cheese Curds (Combo Upgrade Price),0,modgrp-794dfe86-a9b3-4024-a381-90c6b7601221,Chkn & Seafood Food Modifiers,modfr-674ef389-6c08-4a92-973e-f7047ec6be17,Gravy,0,False,0,99,True,NULL,NULL,False,,0.5000,True,False,2025-10-23 16:17:40.406244,2025-10-23 16:17:40.406244,2026-06-21 12:58:11.63698
org-2ad9799e-2df3-4ebb-9563-8772f5638552,Rohan's Org,loc-9dd1eaea-e264-4d51-bffb-1abdc65e3fff,Upsell Testing,catlg-e77cf90f-2b34-4aa0-9eb6-642bef1ac285,Upsell Testing Catalog,itm-c4031adb-3c58-4024-8910-9cd2c6d46718,Large Sriracha Cheese Curds (Combo Upgrade Price),0,modgrp-794dfe86-a9b3-4024-a381-90c6b7601221,Chkn & Seafood Food Modifiers,modfr-74f43288-fef5-4216-9b6e-c6f9d321020a,See Server,0,False,0,99,True,NULL,NULL,False,,NULL,True,False,2025-10-23 16:17:40.406244,2025-10-23 16:17:40.406244,2026-06-21 12:58:11.63698
org-2ad9799e-2df3-4ebb-9563-8772f5638552,Rohan's Org,loc-9dd1eaea-e264-4d51-bffb-1abdc65e3fff,Upsell Testing,catlg-e77cf90f-2b34-4aa0-9eb6-642bef1ac285,Upsell Testing Catalog,itm-c4031adb-3c58-4024-8910-9cd2c6d46718,Large Sriracha Cheese Curds (Combo Upgrade Price),0,modgrp-794dfe86-a9b3-4024-a381-90c6b7601221,Chkn & Seafood Food Modifiers,modfr-762e388f-9574-429f-b5fa-4fdbe7227eb2,Ranch,0,False,0,99,True,NULL,NULL,False,,0.3500,True,False,2025-10-23 16:17:40.406244,2025-10-23 16:17:40.406244,2026-06-21 12:58:11.63698
org-2ad9799e-2df3-4ebb-9563-8772f5638552,Rohan's Org,loc-9dd1eaea-e264-4d51-bffb-1abdc65e3fff,Upsell Testing,catlg-e77cf90f-2b34-4aa0-9eb6-642bef1ac285,Upsell Testing Catalog,itm-c4031adb-3c58-4024-8910-9cd2c6d46718,Large Sriracha Cheese Curds (Combo Upgrade Price),0,modgrp-794dfe86-a9b3-4024-a381-90c6b7601221,Chkn & Seafood Food Modifiers,modfr-7fba0ed4-8377-48e3-960e-aa817dbbc01b,Lite Italian,0,False,0,99,True,NULL,NULL,False,,NULL,True,False,2025-10-23 16:17:40.406244,2025-10-23 16:17:40.406244,2026-06-21 12:58:11.63698
org-2ad9799e-2df3-4ebb-9563-8772f5638552,Rohan's Org,loc-9dd1eaea-e264-4d51-bffb-1abdc65e3fff,Upsell Testing,catlg-e77cf90f-2b34-4aa0-9eb6-642bef1ac285,Upsell Testing Catalog,itm-c4031adb-3c58-4024-8910-9cd2c6d46718,Large Sriracha Cheese Curds (Combo Upgrade Price),0,modgrp-794dfe86-a9b3-4024-a381-90c6b7601221,Chkn & Seafood Food Modifiers,modfr-81dcc755-025c-4074-a438-c992dfb08f78,Well Done,0,False,0,99,True,NULL,NULL,False,,NULL,True,False,2025-10-23 16:17:40.406244,2025-10-23 16:17:40.406244,2026-06-21 12:58:11.63698
org-2ad9799e-2df3-4ebb-9563-8772f5638552,Rohan's Org,loc-9dd1eaea-e264-4d51-bffb-1abdc65e3fff,Upsell Testing,catlg-e77cf90f-2b34-4aa0-9eb6-642bef1ac285,Upsell Testing Catalog,itm-c4031adb-3c58-4024-8910-9cd2c6d46718,Large Sriracha Cheese Curds (Combo Upgrade Price),0,modgrp-794dfe86-a9b3-4024-a381-90c6b7601221,Chkn & Seafood Food Modifiers,modfr-82b6b3ec-94ac-4756-ad26-c447ac9f82d9,Bacon,0,False,0,99,True,NULL,NULL,False,,1.0000,True,False,2025-10-23 16:17:40.406244,2025-10-23 16:17:40.406244,2026-06-21 12:58:11.63698
org-2ad9799e-2df3-4ebb-9563-8772f5638552,Rohan's Org,loc-9dd1eaea-e264-4d51-bffb-1abdc65e3fff,Upsell Testing,catlg-e77cf90f-2b34-4aa0-9eb6-642bef1ac285,Upsell Testing Catalog,itm-c4031adb-3c58-4024-8910-9cd2c6d46718,Large Sriracha Cheese Curds (Combo Upgrade Price),0,modgrp-794dfe86-a9b3-4024-a381-90c6b7601221,Chkn & Seafood Food Modifiers,modfr-86848405-c74f-4ff1-8e28-69ea1812d9fa,American Chz,0,False,0,99,True,NULL,NULL,False,,0.5000,True,False,2025-10-23 16:17:40.406244,2025-10-23 16:17:40.406244,2026-06-21 12:58:11.63698
org-2ad9799e-2df3-4ebb-9563-8772f5638552,Rohan's Org,loc-9dd1eaea-e264-4d51-bffb-1abdc65e3fff,Upsell Testing,catlg-e77cf90f-2b34-4aa0-9eb6-642bef1ac285,Upsell Testing Catalog,itm-c4031adb-3c58-4024-8910-9cd2c6d46718,Large Sriracha Cheese Curds (Combo Upgrade Price),0,modgrp-794dfe86-a9b3-4024-a381-90c6b7601221,Chkn & Seafood Food Modifiers,modfr-9201a668-d5bc-41cf-9f8a-e3ae97f3a5e1,Relish,0,False,0,99,True,NULL,NULL,False,,NULL,True,False,2025-10-23 16:17:40.406244,2025-10-23 16:17:40.406244,2026-06-21 12:58:11.63698
org-tf5i2lw1qz,Sakshi Demo,loc-f9507722-f4c3-45a1-a7a6-6358548bea05,A&w Lab new(Dont take order),catlg-5f49688b-1b0a-4963-9e20-90dba233b023,A&w Lab new(Dont take order) Catalog,itm-6111f62f-7b1f-4085-80f6-a04f71e65d45,Mini Meal - Bacon Single,0,modgrp-8fd04014-ad65-4701-88dc-3aa99760bcd5,1pc Ckn Tender Sauce,modfr-01116117-d2c5-4ee7-9713-392330d6350c,French,0,False,0,8,True,NULL,NULL,False,,NULL,True,False,2025-08-22 06:57:39.012681,2025-08-22 06:57:39.012681,2026-06-21 12:57:49.224706
org-tf5i2lw1qz,Sakshi Demo,loc-f9507722-f4c3-45a1-a7a6-6358548bea05,A&w Lab new(Dont take order),catlg-5f49688b-1b0a-4963-9e20-90dba233b023,A&w Lab new(Dont take order) Catalog,itm-6111f62f-7b1f-4085-80f6-a04f71e65d45,Mini Meal - Bacon Single,0,modgrp-8fd04014-ad65-4701-88dc-3aa99760bcd5,1pc Ckn Tender Sauce,modfr-24ddc0bc-7bc7-4863-9c34-2397f0090b41,Sweet & Sour Sauce,0,False,0,8,True,NULL,NULL,False,,0.5000,True,False,2025-08-22 06:57:39.012659,2025-08-22 06:57:39.012659,2026-06-21 12:57:49.224706
org-tf5i2lw1qz,Sakshi Demo,loc-f9507722-f4c3-45a1-a7a6-6358548bea05,A&w Lab new(Dont take order),catlg-5f49688b-1b0a-4963-9e20-90dba233b023,A&w Lab new(Dont take order) Catalog,itm-6111f62f-7b1f-4085-80f6-a04f71e65d45,Mini Meal - Bacon Single,0,modgrp-8fd04014-ad65-4701-88dc-3aa99760bcd5,1pc Ckn Tender Sauce,modfr-26265f60-ae51-410d-aefe-1b0458f94fc9,Chz Sauce,0,False,0,8,True,NULL,NULL,False,,0.5000,True,False,2025-08-22 06:57:39.012651,2025-08-22 06:57:39.012651,2026-06-21 12:57:49.224706
org-tf5i2lw1qz,Sakshi Demo,loc-f9507722-f4c3-45a1-a7a6-6358548bea05,A&w Lab new(Dont take order),catlg-5f49688b-1b0a-4963-9e20-90dba233b023,A&w Lab new(Dont take order) Catalog,itm-6111f62f-7b1f-4085-80f6-a04f71e65d45,Mini Meal - Bacon Single,0,modgrp-8fd04014-ad65-4701-88dc-3aa99760bcd5,1pc Ckn Tender Sauce,modfr-275bcc70-d9a8-40c6-b40e-cefece6f1f99,Tartar,0,False,0,8,True,NULL,NULL,False,,0.2500,True,False,2025-08-22 06:57:39.012655,2025-08-22 06:57:39.012655,2026-06-21 12:57:49.224706
org-tf5i2lw1qz,Sakshi Demo,loc-f9507722-f4c3-45a1-a7a6-6358548bea05,A&w Lab new(Dont take order),catlg-5f49688b-1b0a-4963-9e20-90dba233b023,A&w Lab new(Dont take order) Catalog,itm-6111f62f-7b1f-4085-80f6-a04f71e65d45,Mini Meal - Bacon Single,0,modgrp-8fd04014-ad65-4701-88dc-3aa99760bcd5,1pc Ckn Tender Sauce,modfr-276ef1cd-4cf7-4224-9fc5-f2d2d7a696f5,BBQ Sauce,0,False,0,8,True,NULL,NULL,False,,0.2500,True,False,2025-08-22 06:57:39.012649,2025-08-22 06:57:39.012649,2026-06-21 12:57:49.224706
org-tf5i2lw1qz,Sakshi Demo,loc-f9507722-f4c3-45a1-a7a6-6358548bea05,A&w Lab new(Dont take order),catlg-5f49688b-1b0a-4963-9e20-90dba233b023,A&w Lab new(Dont take order) Catalog,itm-6111f62f-7b1f-4085-80f6-a04f71e65d45,Mini Meal - Bacon Single,0,modgrp-8fd04014-ad65-4701-88dc-3aa99760bcd5,1pc Ckn Tender Sauce,modfr-292ddb3b-7e37-409d-aee3-c24128a31eca,Marinara,0,False,0,8,True,NULL,NULL,False,,0.2500,True,False,2025-08-22 06:57:39.012656,2025-08-22 06:57:39.012656,2026-06-21 12:57:49.224706
org-tf5i2lw1qz,Sakshi Demo,loc-f9507722-f4c3-45a1-a7a6-6358548bea05,A&w Lab new(Dont take order),catlg-5f49688b-1b0a-4963-9e20-90dba233b023,A&w Lab new(Dont take order) Catalog,itm-6111f62f-7b1f-4085-80f6-a04f71e65d45,Mini Meal - Bacon Single,0,modgrp-8fd04014-ad65-4701-88dc-3aa99760bcd5,1pc Ckn Tender Sauce,modfr-2a81febd-94dc-4471-a19b-b81d59dd2734,Spicy Papa Sauce,0,False,0,8,True,NULL,NULL,False,,0.2500,True,False,2025-08-22 06:57:39.012654,2025-08-22 06:57:39.012654,2026-06-21 12:57:49.224706
org-tf5i2lw1qz,Sakshi Demo,loc-f9507722-f4c3-45a1-a7a6-6358548bea05,A&w Lab new(Dont take order),catlg-5f49688b-1b0a-4963-9e20-90dba233b023,A&w Lab new(Dont take order) Catalog,itm-6111f62f-7b1f-4085-80f6-a04f71e65d45,Mini Meal - Bacon Single,0,modgrp-8fd04014-ad65-4701-88dc-3aa99760bcd5,1pc Ckn Tender Sauce,modfr-2b083dd1-5a19-48d5-8c9e-83721369e8ac,Mustard Pkt,0,False,0,8,True,NULL,NULL,False,,0.2500,True,False,2025-08-22 06:57:39.012658,2025-08-22 06:57:39.012658,2026-06-21 12:57:49.224706
org-tf5i2lw1qz,Sakshi Demo,loc-f9507722-f4c3-45a1-a7a6-6358548bea05,A&w Lab new(Dont take order),catlg-5f49688b-1b0a-4963-9e20-90dba233b023,A&w Lab new(Dont take order) Catalog,itm-6111f62f-7b1f-4085-80f6-a04f71e65d45,Mini Meal - Bacon Single,0,modgrp-8fd04014-ad65-4701-88dc-3aa99760bcd5,1pc Ckn Tender Sauce,modfr-2cd9a486-1d14-4d60-a9be-029988a0f9cf,Honey Mustard,0,False,0,8,True,NULL,NULL,False,,0.2500,True,False,2025-08-22 06:57:39.012651,2025-08-22 06:57:39.012651,2026-06-21 12:57:49.224706
org-tf5i2lw1qz,Sakshi Demo,loc-f9507722-f4c3-45a1-a7a6-6358548bea05,A&w Lab new(Dont take order),catlg-5f49688b-1b0a-4963-9e20-90dba233b023,A&w Lab new(Dont take order) Catalog,itm-6111f62f-7b1f-4085-80f6-a04f71e65d45,Mini Meal - Bacon Single,0,modgrp-8fd04014-ad65-4701-88dc-3aa99760bcd5,1pc Ckn Tender Sauce,modfr-2d3af169-267e-4bb9-bb39-bf1bed85e1d0,No Sauce,0,False,0,8,True,NULL,NULL,False,,NULL,True,False,2025-08-22 06:57:39.012655,2025-08-22 06:57:39.012655,2026-06-21 12:57:49.224706
org-tf5i2lw1qz,Sakshi Demo,loc-f9507722-f4c3-45a1-a7a6-6358548bea05,A&w Lab new(Dont take order),catlg-5f49688b-1b0a-4963-9e20-90dba233b023,A&w Lab new(Dont take order) Catalog,itm-6111f62f-7b1f-4085-80f6-a04f71e65d45,Mini Meal - Bacon Single,0,modgrp-8fd04014-ad65-4701-88dc-3aa99760bcd5,1pc Ckn Tender Sauce,modfr-2e44d443-ac25-4153-8f8a-eaa012030aa6,AW Sauce,0,False,0,8,True,NULL,NULL,False,,0.2500,True,False,2025-08-22 06:57:39.01266,2025-08-22 06:57:39.01266,2026-06-21 12:57:49.224706
org-tf5i2lw1qz,Sakshi Demo,loc-f9507722-f4c3-45a1-a7a6-6358548bea05,A&w Lab new(Dont take order),catlg-5f49688b-1b0a-4963-9e20-90dba233b023,A&w Lab new(Dont take order) Catalog,itm-6111f62f-7b1f-4085-80f6-a04f71e65d45,Mini Meal - Bacon Single,0,modgrp-8fd04014-ad65-4701-88dc-3aa99760bcd5,1pc Ckn Tender Sauce,modfr-36d60814-bf93-42aa-a157-63f7ab6546cf,Ketchup,0,False,0,8,True,NULL,NULL,False,,NULL,True,False,2025-08-22 06:57:39.012652,2025-08-22 06:57:39.012652,2026-06-21 12:57:49.224706
org-tf5i2lw1qz,Sakshi Demo,loc-f9507722-f4c3-45a1-a7a6-6358548bea05,A&w Lab new(Dont take order),catlg-5f49688b-1b0a-4963-9e20-90dba233b023,A&w Lab new(Dont take order) Catalog,itm-6111f62f-7b1f-4085-80f6-a04f71e65d45,Mini Meal - Bacon Single,0,modgrp-8fd04014-ad65-4701-88dc-3aa99760bcd5,1pc Ckn Tender Sauce,modfr-451c83fd-91fe-4d9c-8541-0b75d1b2c115,Sweet Relish ,0,False,0,8,True,NULL,NULL,False,,NULL,True,False,2025-08-22 06:57:39.012654,2025-08-22 06:57:39.012654,2026-06-21 12:57:49.224706
org-tf5i2lw1qz,Sakshi Demo,loc-f9507722-f4c3-45a1-a7a6-6358548bea05,A&w Lab new(Dont take order),catlg-5f49688b-1b0a-4963-9e20-90dba233b023,A&w Lab new(Dont take order) Catalog,itm-6111f62f-7b1f-4085-80f6-a04f71e65d45,Mini Meal - Bacon Single,0,modgrp-8fd04014-ad65-4701-88dc-3aa99760bcd5,1pc Ckn Tender Sauce,modfr-63cdc41a-51c3-4db0-850c-adcf28442577,Papa Sauce,0,False,0,8,True,NULL,NULL,False,,0.2500,True,False,2025-08-22 06:57:39.012653,2025-08-22 06:57:39.012653,2026-06-21 12:57:49.224706
org-tf5i2lw1qz,Sakshi Demo,loc-f9507722-f4c3-45a1-a7a6-6358548bea05,A&w Lab new(Dont take order),catlg-5f49688b-1b0a-4963-9e20-90dba233b023,A&w Lab new(Dont take order) Catalog,itm-6111f62f-7b1f-4085-80f6-a04f71e65d45,Mini Meal - Bacon Single,0,modgrp-8fd04014-ad65-4701-88dc-3aa99760bcd5,1pc Ckn Tender Sauce,modfr-69dda00b-eeb0-4cbe-b96b-2b404ef6e312,Ranch,0,False,0,8,True,NULL,NULL,False,,0.2500,True,False,2025-08-22 06:57:39.012653,2025-08-22 06:57:39.012653,2026-06-21 12:57:49.224706
org-tf5i2lw1qz,Sakshi Demo,loc-f9507722-f4c3-45a1-a7a6-6358548bea05,A&w Lab new(Dont take order),catlg-5f49688b-1b0a-4963-9e20-90dba233b023,A&w Lab new(Dont take order) Catalog,itm-6111f62f-7b1f-4085-80f6-a04f71e65d45,Mini Meal - Bacon Single,0,modgrp-8fd04014-ad65-4701-88dc-3aa99760bcd5,1pc Ckn Tender Sauce,modfr-aa8af7cb-ebbf-4050-9632-96407604b57e,Syrup,0,False,0,8,True,NULL,NULL,False,,0.3500,True,False,2025-08-22 06:57:39.004957,2025-08-22 06:57:36.185409,2026-06-21 12:57:49.224706
org-tf5i2lw1qz,Sakshi Demo,loc-f9507722-f4c3-45a1-a7a6-6358548bea05,A&w Lab new(Dont take order),catlg-5f49688b-1b0a-4963-9e20-90dba233b023,A&w Lab new(Dont take order) Catalog,itm-6111f62f-7b1f-4085-80f6-a04f71e65d45,Mini Meal - Bacon Single,0,modgrp-8fd04014-ad65-4701-88dc-3aa99760bcd5,1pc Ckn Tender Sauce,modfr-b20c0605-f799-4d08-a072-f7f7f4986398,Sweet Thai Chili,0,False,0,8,True,NULL,NULL,False,,0.2500,True,False,2025-08-22 06:57:39.012657,2025-08-22 06:57:39.012657,2026-06-21 12:57:49.224706
org-2ad9799e-2df3-4ebb-9563-8772f5638552,Rohan's Org,loc-9dd1eaea-e264-4d51-bffb-1abdc65e3fff,Upsell Testing,catlg-e77cf90f-2b34-4aa0-9eb6-642bef1ac285,Upsell Testing Catalog,itm-c4031adb-3c58-4024-8910-9cd2c6d46718,Large Sriracha Cheese Curds (Combo Upgrade Price),0,modgrp-794dfe86-a9b3-4024-a381-90c6b7601221,Chkn & Seafood Food Modifiers,modfr-939ca2a1-c244-4d48-8b59-2d2e03a285f3,Cheese,0,False,0,99,True,NULL,NULL,False,,0.5000,True,False,2025-10-23 16:17:40.406244,2025-10-23 16:17:40.406244,2026-06-21 12:58:11.63698
org-2ad9799e-2df3-4ebb-9563-8772f5638552,Rohan's Org,loc-9dd1eaea-e264-4d51-bffb-1abdc65e3fff,Upsell Testing,catlg-e77cf90f-2b34-4aa0-9eb6-642bef1ac285,Upsell Testing Catalog,itm-c4031adb-3c58-4024-8910-9cd2c6d46718,Large Sriracha Cheese Curds (Combo Upgrade Price),0,modgrp-794dfe86-a9b3-4024-a381-90c6b7601221,Chkn & Seafood Food Modifiers,modfr-9ac481a7-2b43-4e4a-b1bf-d153299d66d3,Sweet Relish ,0,False,0,99,True,NULL,NULL,False,,NULL,True,False,2025-10-23 16:17:40.406244,2025-10-23 16:17:40.406244,2026-06-21 12:58:11.63698
org-2ad9799e-2df3-4ebb-9563-8772f5638552,Rohan's Org,loc-9dd1eaea-e264-4d51-bffb-1abdc65e3fff,Upsell Testing,catlg-e77cf90f-2b34-4aa0-9eb6-642bef1ac285,Upsell Testing Catalog,itm-c4031adb-3c58-4024-8910-9cd2c6d46718,Large Sriracha Cheese Curds (Combo Upgrade Price),0,modgrp-794dfe86-a9b3-4024-a381-90c6b7601221,Chkn & Seafood Food Modifiers,modfr-a23a330b-7bb8-425a-a98f-e153d9a39071,Fat Free Ranch,0,False,0,99,True,NULL,NULL,False,,0.3500,True,False,2025-10-23 16:17:40.406244,2025-10-23 16:17:40.406244,2026-06-21 12:58:11.63698
org-2ad9799e-2df3-4ebb-9563-8772f5638552,Rohan's Org,loc-9dd1eaea-e264-4d51-bffb-1abdc65e3fff,Upsell Testing,catlg-e77cf90f-2b34-4aa0-9eb6-642bef1ac285,Upsell Testing Catalog,itm-c4031adb-3c58-4024-8910-9cd2c6d46718,Large Sriracha Cheese Curds (Combo Upgrade Price),0,modgrp-794dfe86-a9b3-4024-a381-90c6b7601221,Chkn & Seafood Food Modifiers,modfr-a4fba93b-f205-472f-b42a-62b948cf15ef,Grilled Onions,0,False,0,99,True,NULL,NULL,False,,0.5000,True,False,2025-10-23 16:17:40.406244,2025-10-23 16:17:40.406244,2026-06-21 12:58:11.63698
org-2ad9799e-2df3-4ebb-9563-8772f5638552,Rohan's Org,loc-9dd1eaea-e264-4d51-bffb-1abdc65e3fff,Upsell Testing,catlg-e77cf90f-2b34-4aa0-9eb6-642bef1ac285,Upsell Testing Catalog,itm-c4031adb-3c58-4024-8910-9cd2c6d46718,Large Sriracha Cheese Curds (Combo Upgrade Price),0,modgrp-794dfe86-a9b3-4024-a381-90c6b7601221,Chkn & Seafood Food Modifiers,modfr-a588be61-025e-413d-a76f-c31a21b485e2,French,0,False,0,99,True,NULL,NULL,False,,0.2500,True,False,2025-10-23 16:17:40.406244,2025-10-23 16:17:40.406244,2026-06-21 12:58:11.63698
org-2ad9799e-2df3-4ebb-9563-8772f5638552,Rohan's Org,loc-9dd1eaea-e264-4d51-bffb-1abdc65e3fff,Upsell Testing,catlg-e77cf90f-2b34-4aa0-9eb6-642bef1ac285,Upsell Testing Catalog,itm-c4031adb-3c58-4024-8910-9cd2c6d46718,Large Sriracha Cheese Curds (Combo Upgrade Price),0,modgrp-794dfe86-a9b3-4024-a381-90c6b7601221,Chkn & Seafood Food Modifiers,modfr-a5a69a53-3c54-43a5-a372-0db442fc51da,No Sauce,0,False,0,99,True,NULL,NULL,False,,NULL,True,False,2025-10-23 16:17:40.406244,2025-10-23 16:17:40.406244,2026-06-21 12:58:11.63698
org-2ad9799e-2df3-4ebb-9563-8772f5638552,Rohan's Org,loc-9dd1eaea-e264-4d51-bffb-1abdc65e3fff,Upsell Testing,catlg-e77cf90f-2b34-4aa0-9eb6-642bef1ac285,Upsell Testing Catalog,itm-c4031adb-3c58-4024-8910-9cd2c6d46718,Large Sriracha Cheese Curds (Combo Upgrade Price),0,modgrp-794dfe86-a9b3-4024-a381-90c6b7601221,Chkn & Seafood Food Modifiers,modfr-a7713ede-57b8-419c-a02f-539b12606c28,Italian,0,False,0,99,True,NULL,NULL,False,,NULL,True,False,2025-10-23 16:17:40.406244,2025-10-23 16:17:40.406244,2026-06-21 12:58:11.63698
org-2ad9799e-2df3-4ebb-9563-8772f5638552,Rohan's Org,loc-9dd1eaea-e264-4d51-bffb-1abdc65e3fff,Upsell Testing,catlg-e77cf90f-2b34-4aa0-9eb6-642bef1ac285,Upsell Testing Catalog,itm-c4031adb-3c58-4024-8910-9cd2c6d46718,Large Sriracha Cheese Curds (Combo Upgrade Price),0,modgrp-794dfe86-a9b3-4024-a381-90c6b7601221,Chkn & Seafood Food Modifiers,modfr-a8b1be21-2214-4e68-bfee-6b332fa10798,Salt,0,False,0,99,True,NULL,NULL,False,,NULL,True,False,2025-10-23 16:17:40.406244,2025-10-23 16:17:40.406244,2026-06-21 12:58:11.63698
org-2ad9799e-2df3-4ebb-9563-8772f5638552,Rohan's Org,loc-9dd1eaea-e264-4d51-bffb-1abdc65e3fff,Upsell Testing,catlg-e77cf90f-2b34-4aa0-9eb6-642bef1ac285,Upsell Testing Catalog,itm-c4031adb-3c58-4024-8910-9cd2c6d46718,Large Sriracha Cheese Curds (Combo Upgrade Price),0,modgrp-794dfe86-a9b3-4024-a381-90c6b7601221,Chkn & Seafood Food Modifiers,modfr-b44082df-c316-4c95-8360-0a1954861e3c,Jalapenos,0,False,0,99,True,NULL,NULL,False,,0.5000,True,False,2025-10-23 16:17:40.406244,2025-10-23 16:17:40.406244,2026-06-21 12:58:11.63698
org-2ad9799e-2df3-4ebb-9563-8772f5638552,Rohan's Org,loc-9dd1eaea-e264-4d51-bffb-1abdc65e3fff,Upsell Testing,catlg-e77cf90f-2b34-4aa0-9eb6-642bef1ac285,Upsell Testing Catalog,itm-c4031adb-3c58-4024-8910-9cd2c6d46718,Large Sriracha Cheese Curds (Combo Upgrade Price),0,modgrp-794dfe86-a9b3-4024-a381-90c6b7601221,Chkn & Seafood Food Modifiers,modfr-b496d8f2-6ca2-4b08-b75c-4714f453ba09,Lite Ranch,0,False,0,99,True,NULL,NULL,False,,0.3500,True,False,2025-10-23 16:17:40.406244,2025-10-23 16:17:40.406244,2026-06-21 12:58:11.63698
org-2ad9799e-2df3-4ebb-9563-8772f5638552,Rohan's Org,loc-9dd1eaea-e264-4d51-bffb-1abdc65e3fff,Upsell Testing,catlg-e77cf90f-2b34-4aa0-9eb6-642bef1ac285,Upsell Testing Catalog,itm-c4031adb-3c58-4024-8910-9cd2c6d46718,Large Sriracha Cheese Curds (Combo Upgrade Price),0,modgrp-794dfe86-a9b3-4024-a381-90c6b7601221,Chkn & Seafood Food Modifiers,modfr-b49769f2-6301-41d4-8333-73e4c734ceba,Cut,0,False,0,99,True,NULL,NULL,False,,NULL,True,False,2025-10-23 16:17:40.406244,2025-10-23 16:17:40.406244,2026-06-21 12:58:11.63698
org-2ad9799e-2df3-4ebb-9563-8772f5638552,Rohan's Org,loc-9dd1eaea-e264-4d51-bffb-1abdc65e3fff,Upsell Testing,catlg-e77cf90f-2b34-4aa0-9eb6-642bef1ac285,Upsell Testing Catalog,itm-c4031adb-3c58-4024-8910-9cd2c6d46718,Large Sriracha Cheese Curds (Combo Upgrade Price),0,modgrp-794dfe86-a9b3-4024-a381-90c6b7601221,Chkn & Seafood Food Modifiers,modfr-b72a2657-6336-4911-ae2f-8baeee454ee3,AW Sauce,0,False,0,99,True,NULL,NULL,False,,0.2500,True,False,2025-10-23 16:17:40.406244,2025-10-23 16:17:40.406244,2026-06-21 12:58:11.63698
org-2ad9799e-2df3-4ebb-9563-8772f5638552,Rohan's Org,loc-9dd1eaea-e264-4d51-bffb-1abdc65e3fff,Upsell Testing,catlg-e77cf90f-2b34-4aa0-9eb6-642bef1ac285,Upsell Testing Catalog,itm-c4031adb-3c58-4024-8910-9cd2c6d46718,Large Sriracha Cheese Curds (Combo Upgrade Price),0,modgrp-794dfe86-a9b3-4024-a381-90c6b7601221,Chkn & Seafood Food Modifiers,modfr-b981632d-b297-474f-8131-6add4f39757a,3 Pepper Fire Sauce,0,False,0,99,True,NULL,NULL,False,,0.2500,True,False,2025-10-23 16:17:40.406244,2025-10-23 16:17:40.406244,2026-06-21 12:58:11.63698
org-2ad9799e-2df3-4ebb-9563-8772f5638552,Rohan's Org,loc-9dd1eaea-e264-4d51-bffb-1abdc65e3fff,Upsell Testing,catlg-e77cf90f-2b34-4aa0-9eb6-642bef1ac285,Upsell Testing Catalog,itm-c4031adb-3c58-4024-8910-9cd2c6d46718,Large Sriracha Cheese Curds (Combo Upgrade Price),0,modgrp-794dfe86-a9b3-4024-a381-90c6b7601221,Chkn & Seafood Food Modifiers,modfr-cf388f28-b554-486c-883d-44b53cd7a153,Coney Sauce,0,False,0,99,True,NULL,NULL,False,,0.5000,True,False,2025-10-23 16:17:40.406244,2025-10-23 16:17:40.406244,2026-06-21 12:58:11.63698
org-2ad9799e-2df3-4ebb-9563-8772f5638552,Rohan's Org,loc-9dd1eaea-e264-4d51-bffb-1abdc65e3fff,Upsell Testing,catlg-e77cf90f-2b34-4aa0-9eb6-642bef1ac285,Upsell Testing Catalog,itm-c4031adb-3c58-4024-8910-9cd2c6d46718,Large Sriracha Cheese Curds (Combo Upgrade Price),0,modgrp-794dfe86-a9b3-4024-a381-90c6b7601221,Chkn & Seafood Food Modifiers,modfr-e5515ea2-afe4-4526-bb77-5dfa7987cded,**Allergy Alert***,0,False,0,99,True,NULL,NULL,False,,NULL,True,False,2025-10-23 16:17:40.406244,2025-10-23 16:17:40.406244,2026-06-21 12:58:11.63698
org-2ad9799e-2df3-4ebb-9563-8772f5638552,Rohan's Org,loc-9dd1eaea-e264-4d51-bffb-1abdc65e3fff,Upsell Testing,catlg-e77cf90f-2b34-4aa0-9eb6-642bef1ac285,Upsell Testing Catalog,itm-c4031adb-3c58-4024-8910-9cd2c6d46718,Large Sriracha Cheese Curds (Combo Upgrade Price),0,modgrp-794dfe86-a9b3-4024-a381-90c6b7601221,Chkn & Seafood Food Modifiers,modfr-e6834cd7-cc7c-4ecc-a759-b42ce3c86bd5,Mustard,0,False,0,99,True,NULL,NULL,False,,NULL,True,False,2025-10-23 16:17:40.406244,2025-10-23 16:17:40.406244,2026-06-21 12:58:11.63698
org-tf5i2lw1qz,Sakshi Demo,loc-f9507722-f4c3-45a1-a7a6-6358548bea05,A&w Lab new(Dont take order),catlg-5f49688b-1b0a-4963-9e20-90dba233b023,A&w Lab new(Dont take order) Catalog,itm-6111f62f-7b1f-4085-80f6-a04f71e65d45,Mini Meal - Bacon Single,0,modgrp-8fd04014-ad65-4701-88dc-3aa99760bcd5,1pc Ckn Tender Sauce,modfr-b22c2ec1-c1e4-49b0-ae25-36f4758af9c7,Ketchup Pkt,0,False,0,8,True,NULL,NULL,False,,0.2500,True,False,2025-08-22 06:57:39.012658,2025-08-22 06:57:39.012658,2026-06-21 12:57:49.224706
org-tf5i2lw1qz,Sakshi Demo,loc-f9507722-f4c3-45a1-a7a6-6358548bea05,A&w Lab new(Dont take order),catlg-5f49688b-1b0a-4963-9e20-90dba233b023,A&w Lab new(Dont take order) Catalog,itm-6111f62f-7b1f-4085-80f6-a04f71e65d45,Mini Meal - Bacon Single,0,modgrp-8fd04014-ad65-4701-88dc-3aa99760bcd5,1pc Ckn Tender Sauce,modfr-b286d49a-7dca-411a-824f-016be46ee189,Fry Sauce,0,False,0,8,True,NULL,NULL,False,,0.5000,True,False,2025-08-22 06:57:39.012658,2025-08-22 06:57:39.012658,2026-06-21 12:57:49.224706
org-tf5i2lw1qz,Sakshi Demo,loc-f9507722-f4c3-45a1-a7a6-6358548bea05,A&w Lab new(Dont take order),catlg-5f49688b-1b0a-4963-9e20-90dba233b023,A&w Lab new(Dont take order) Catalog,itm-6111f62f-7b1f-4085-80f6-a04f71e65d45,Mini Meal - Bacon Single,0,modgrp-8fd04014-ad65-4701-88dc-3aa99760bcd5,1pc Ckn Tender Sauce,modfr-b758430e-3ccf-437f-b95a-fbac4315d3dc,Mayo Pkt,0,False,0,8,True,NULL,NULL,False,,NULL,True,False,2025-08-22 06:57:39.012656,2025-08-22 06:57:39.012656,2026-06-21 12:57:49.224706
org-tf5i2lw1qz,Sakshi Demo,loc-f9507722-f4c3-45a1-a7a6-6358548bea05,A&w Lab new(Dont take order),catlg-5f49688b-1b0a-4963-9e20-90dba233b023,A&w Lab new(Dont take order) Catalog,itm-6111f62f-7b1f-4085-80f6-a04f71e65d45,Mini Meal - Bacon Single,0,modgrp-8fd04014-ad65-4701-88dc-3aa99760bcd5,1pc Ckn Tender Sauce,modfr-c2a93153-69be-4086-a9a3-330b1276b6e8,3 Pepper Fire Sauce,0,False,0,8,True,NULL,NULL,False,,0.2500,True,False,2025-08-22 06:57:39.01266,2025-08-22 06:57:39.01266,2026-06-21 12:57:49.224706
org-tf5i2lw1qz,Sakshi Demo,loc-f9507722-f4c3-45a1-a7a6-6358548bea05,A&w Lab new(Dont take order),catlg-5f49688b-1b0a-4963-9e20-90dba233b023,A&w Lab new(Dont take order) Catalog,itm-6111f62f-7b1f-4085-80f6-a04f71e65d45,Mini Meal - Bacon Single,0,modgrp-8fd04014-ad65-4701-88dc-3aa99760bcd5,1pc Ckn Tender Sauce,modfr-ddec8a33-674e-41fb-8a19-39d169a176fb,Buffalo Sauce,0,False,0,8,True,NULL,NULL,False,,0.2500,True,False,2025-08-22 06:57:39.012656,2025-08-22 06:57:39.012656,2026-06-21 12:57:49.224706
org-tf5i2lw1qz,Sakshi Demo,loc-f9507722-f4c3-45a1-a7a6-6358548bea05,A&w Lab new(Dont take order),catlg-5f49688b-1b0a-4963-9e20-90dba233b023,A&w Lab new(Dont take order) Catalog,itm-6111f62f-7b1f-4085-80f6-a04f71e65d45,Mini Meal - Bacon Single,0,modgrp-8fd04014-ad65-4701-88dc-3aa99760bcd5,1pc Ckn Tender Sauce,modfr-f0022724-2c21-4b4d-bf45-88ebcac4c4c7,Cocktail Sauce,0,False,0,8,True,NULL,NULL,False,,0.2500,True,False,2025-08-22 06:57:39.012651,2025-08-22 06:57:39.012651,2026-06-21 12:57:49.224706
org-tf5i2lw1qz,Sakshi Demo,loc-f9507722-f4c3-45a1-a7a6-6358548bea05,A&w Lab new(Dont take order),catlg-5f49688b-1b0a-4963-9e20-90dba233b023,A&w Lab new(Dont take order) Catalog,itm-5933df8f-0d3e-46c5-b114-68f5bb828476,Medium Float (OLO),0,modgrp-f9b90ac9-229c-438b-ba0b-3abefc1b2cd2,-,modfr-4434ac48-44dc-430a-bebe-6ee2c395ce6e,Reg Orange Float,0,False,1,1,True,NULL,NULL,False,,3.4900,True,False,2025-08-22 06:57:39.012665,2025-08-22 06:57:39.012665,2026-06-21 12:57:49.224706
org-tf5i2lw1qz,Sakshi Demo,loc-f9507722-f4c3-45a1-a7a6-6358548bea05,A&w Lab new(Dont take order),catlg-5f49688b-1b0a-4963-9e20-90dba233b023,A&w Lab new(Dont take order) Catalog,itm-5933df8f-0d3e-46c5-b114-68f5bb828476,Medium Float (OLO),0,modgrp-f9b90ac9-229c-438b-ba0b-3abefc1b2cd2,-,modfr-dfb75be4-c0d4-42ae-9f63-46ff12ba48a6,Reg RB Float,0,False,1,1,True,NULL,NULL,False,,3.4900,True,False,2025-08-22 06:57:39.012664,2025-08-22 06:57:39.012664,2026-06-21 12:57:49.224706
org-tf5i2lw1qz,Sakshi Demo,loc-f9507722-f4c3-45a1-a7a6-6358548bea05,A&w Lab new(Dont take order),catlg-5f49688b-1b0a-4963-9e20-90dba233b023,A&w Lab new(Dont take order) Catalog,itm-5933df8f-0d3e-46c5-b114-68f5bb828476,Medium Float (OLO),0,modgrp-f9b90ac9-229c-438b-ba0b-3abefc1b2cd2,-,modfr-e40ec340-e615-499d-8d16-dd85120329ae,Reg Pepsi Float,0,False,1,1,True,NULL,NULL,False,,3.4900,True,False,2025-08-22 06:57:39.012664,2025-08-22 06:57:39.012664,2026-06-21 12:57:49.224706
org-tf5i2lw1qz,Sakshi Demo,loc-f9507722-f4c3-45a1-a7a6-6358548bea05,A&w Lab new(Dont take order),catlg-5f49688b-1b0a-4963-9e20-90dba233b023,A&w Lab new(Dont take order) Catalog,itm-5933df8f-0d3e-46c5-b114-68f5bb828476,Medium Float (OLO),0,modgrp-f9b90ac9-229c-438b-ba0b-3abefc1b2cd2,-,modfr-fba6d6df-cd71-4025-8244-09c94f9c553a,Reg Diet RB Float,0,False,1,1,True,NULL,NULL,False,,3.4900,True,False,2025-08-22 06:57:39.012664,2025-08-22 06:57:39.012664,2026-06-21 12:57:49.224706
org-tf5i2lw1qz,Sakshi Demo,loc-f9507722-f4c3-45a1-a7a6-6358548bea05,A&w Lab new(Dont take order),catlg-5f49688b-1b0a-4963-9e20-90dba233b023,A&w Lab new(Dont take order) Catalog,itm-59548cb0-dd19-470a-afb7-f5f43bee1979,30pc Corn Dog Nuggets,0,modgrp-49f6b8c4-7d89-420c-9c0d-bacb0d0a372d,Chkn & Seafood Food Modifiers,modfr-01116117-d2c5-4ee7-9713-392330d6350c,French,0,False,0,99,True,NULL,NULL,False,,NULL,True,False,2025-08-22 06:57:39.012681,2025-08-22 06:57:39.012681,2026-06-21 12:57:49.224706
org-tf5i2lw1qz,Sakshi Demo,loc-f9507722-f4c3-45a1-a7a6-6358548bea05,A&w Lab new(Dont take order),catlg-5f49688b-1b0a-4963-9e20-90dba233b023,A&w Lab new(Dont take order) Catalog,itm-59548cb0-dd19-470a-afb7-f5f43bee1979,30pc Corn Dog Nuggets,0,modgrp-49f6b8c4-7d89-420c-9c0d-bacb0d0a372d,Chkn & Seafood Food Modifiers,modfr-0212976e-34e0-41a7-8b79-092452b2c82c,DO NOT MAKE,0,False,0,99,True,NULL,NULL,False,,NULL,True,False,2025-08-22 06:57:39.012644,2025-08-22 06:57:39.012644,2026-06-21 12:57:49.224706
org-tf5i2lw1qz,Sakshi Demo,loc-f9507722-f4c3-45a1-a7a6-6358548bea05,A&w Lab new(Dont take order),catlg-5f49688b-1b0a-4963-9e20-90dba233b023,A&w Lab new(Dont take order) Catalog,itm-59548cb0-dd19-470a-afb7-f5f43bee1979,30pc Corn Dog Nuggets,0,modgrp-49f6b8c4-7d89-420c-9c0d-bacb0d0a372d,Chkn & Seafood Food Modifiers,modfr-040fa3ee-a661-4666-914c-b980dc825dd8,Fat Free Ranch,0,False,0,99,True,NULL,NULL,False,,0.3500,True,False,2025-08-22 06:57:39.012684,2025-08-22 06:57:39.012684,2026-06-21 12:57:49.224706
org-tf5i2lw1qz,Sakshi Demo,loc-f9507722-f4c3-45a1-a7a6-6358548bea05,A&w Lab new(Dont take order),catlg-5f49688b-1b0a-4963-9e20-90dba233b023,A&w Lab new(Dont take order) Catalog,itm-59548cb0-dd19-470a-afb7-f5f43bee1979,30pc Corn Dog Nuggets,0,modgrp-49f6b8c4-7d89-420c-9c0d-bacb0d0a372d,Chkn & Seafood Food Modifiers,modfr-079d68f0-2663-4546-9a8c-22c9bb9d253b,Crispy Onions,0,False,0,99,True,NULL,NULL,False,,0.5000,True,False,2025-08-22 06:57:39.012659,2025-08-22 06:57:39.012659,2026-06-21 12:57:49.224706
org-tf5i2lw1qz,Sakshi Demo,loc-f9507722-f4c3-45a1-a7a6-6358548bea05,A&w Lab new(Dont take order),catlg-5f49688b-1b0a-4963-9e20-90dba233b023,A&w Lab new(Dont take order) Catalog,itm-59548cb0-dd19-470a-afb7-f5f43bee1979,30pc Corn Dog Nuggets,0,modgrp-49f6b8c4-7d89-420c-9c0d-bacb0d0a372d,Chkn & Seafood Food Modifiers,modfr-15719f15-f20d-407f-868e-07098b9990b8,**Allergy Alert***,0,False,0,99,True,NULL,NULL,False,,NULL,True,False,2025-08-22 06:57:39.012641,2025-08-22 06:57:39.012641,2026-06-21 12:57:49.224706
org-tf5i2lw1qz,Sakshi Demo,loc-f9507722-f4c3-45a1-a7a6-6358548bea05,A&w Lab new(Dont take order),catlg-5f49688b-1b0a-4963-9e20-90dba233b023,A&w Lab new(Dont take order) Catalog,itm-59548cb0-dd19-470a-afb7-f5f43bee1979,30pc Corn Dog Nuggets,0,modgrp-49f6b8c4-7d89-420c-9c0d-bacb0d0a372d,Chkn & Seafood Food Modifiers,modfr-186d99c6-4478-408d-a215-3684e5fe14b6,Thousand Island,0,False,0,99,True,NULL,NULL,False,,NULL,True,False,2025-08-22 06:57:39.012683,2025-08-22 06:57:39.012683,2026-06-21 12:57:49.224706
org-tf5i2lw1qz,Sakshi Demo,loc-f9507722-f4c3-45a1-a7a6-6358548bea05,A&w Lab new(Dont take order),catlg-5f49688b-1b0a-4963-9e20-90dba233b023,A&w Lab new(Dont take order) Catalog,itm-59548cb0-dd19-470a-afb7-f5f43bee1979,30pc Corn Dog Nuggets,0,modgrp-49f6b8c4-7d89-420c-9c0d-bacb0d0a372d,Chkn & Seafood Food Modifiers,modfr-1d8f1ac6-fa54-419e-990d-ae99d25d17e9,Coney Sauce,0,False,0,99,True,NULL,NULL,False,,0.5000,True,False,2025-08-22 06:57:39.012651,2025-08-22 06:57:39.012651,2026-06-21 12:57:49.224706
org-2ad9799e-2df3-4ebb-9563-8772f5638552,Rohan's Org,loc-9dd1eaea-e264-4d51-bffb-1abdc65e3fff,Upsell Testing,catlg-e77cf90f-2b34-4aa0-9eb6-642bef1ac285,Upsell Testing Catalog,itm-c4031adb-3c58-4024-8910-9cd2c6d46718,Large Sriracha Cheese Curds (Combo Upgrade Price),0,modgrp-794dfe86-a9b3-4024-a381-90c6b7601221,Chkn & Seafood Food Modifiers,modfr-4b2161c8-3d50-44c2-85a0-e9489e4ff808,Cup of Coney,0,False,0,99,True,NULL,NULL,False,,4.0000,True,False,2025-10-23 16:17:40.406244,2025-10-23 16:17:40.406244,2026-06-21 12:59:53.214634
org-2ad9799e-2df3-4ebb-9563-8772f5638552,Rohan's Org,loc-9dd1eaea-e264-4d51-bffb-1abdc65e3fff,Upsell Testing,catlg-e77cf90f-2b34-4aa0-9eb6-642bef1ac285,Upsell Testing Catalog,itm-c4031adb-3c58-4024-8910-9cd2c6d46718,Large Sriracha Cheese Curds (Combo Upgrade Price),0,modgrp-794dfe86-a9b3-4024-a381-90c6b7601221,Chkn & Seafood Food Modifiers,modfr-4b441a94-f74a-4278-a51c-5dd6f8b85607,DO NOT MAKE,0,False,0,99,True,NULL,NULL,False,,NULL,True,False,2025-10-23 16:17:40.406244,2025-10-23 16:17:40.406244,2026-06-21 12:59:53.214634
org-2ad9799e-2df3-4ebb-9563-8772f5638552,Rohan's Org,loc-9dd1eaea-e264-4d51-bffb-1abdc65e3fff,Upsell Testing,catlg-e77cf90f-2b34-4aa0-9eb6-642bef1ac285,Upsell Testing Catalog,itm-c4031adb-3c58-4024-8910-9cd2c6d46718,Large Sriracha Cheese Curds (Combo Upgrade Price),0,modgrp-794dfe86-a9b3-4024-a381-90c6b7601221,Chkn & Seafood Food Modifiers,modfr-4de53b5c-2278-430e-8758-955bcb3ca1f5,Onions,0,False,0,99,True,NULL,NULL,False,,0.5000,True,False,2025-10-23 16:17:40.406244,2025-10-23 16:17:40.406244,2026-06-21 12:59:53.214634
org-2ad9799e-2df3-4ebb-9563-8772f5638552,Rohan's Org,loc-9dd1eaea-e264-4d51-bffb-1abdc65e3fff,Upsell Testing,catlg-e77cf90f-2b34-4aa0-9eb6-642bef1ac285,Upsell Testing Catalog,itm-c4031adb-3c58-4024-8910-9cd2c6d46718,Large Sriracha Cheese Curds (Combo Upgrade Price),0,modgrp-794dfe86-a9b3-4024-a381-90c6b7601221,Chkn & Seafood Food Modifiers,modfr-4e53b82d-05be-4319-9d55-dfad3af9139f,Crispy Onions,0,False,0,99,True,NULL,NULL,False,,0.5000,True,False,2025-10-23 16:17:40.406244,2025-10-23 16:17:40.406244,2026-06-21 12:59:53.214634
org-2ad9799e-2df3-4ebb-9563-8772f5638552,Rohan's Org,loc-9dd1eaea-e264-4d51-bffb-1abdc65e3fff,Upsell Testing,catlg-e77cf90f-2b34-4aa0-9eb6-642bef1ac285,Upsell Testing Catalog,itm-c4031adb-3c58-4024-8910-9cd2c6d46718,Large Sriracha Cheese Curds (Combo Upgrade Price),0,modgrp-794dfe86-a9b3-4024-a381-90c6b7601221,Chkn & Seafood Food Modifiers,modfr-5585842a-8277-40c8-a640-ff1700b02a47,Lettuce,0,False,0,99,True,NULL,NULL,False,,0.5000,True,False,2025-10-23 16:17:40.406244,2025-10-23 16:17:40.406244,2026-06-21 12:59:53.214634
org-2ad9799e-2df3-4ebb-9563-8772f5638552,Rohan's Org,loc-9dd1eaea-e264-4d51-bffb-1abdc65e3fff,Upsell Testing,catlg-e77cf90f-2b34-4aa0-9eb6-642bef1ac285,Upsell Testing Catalog,itm-c4031adb-3c58-4024-8910-9cd2c6d46718,Large Sriracha Cheese Curds (Combo Upgrade Price),0,modgrp-794dfe86-a9b3-4024-a381-90c6b7601221,Chkn & Seafood Food Modifiers,modfr-58a7adb8-f3e2-4746-811c-744ab3db8595,Sweet & Sour Sauce,0,False,0,99,True,NULL,NULL,False,,0.5000,True,False,2025-10-23 16:17:40.406244,2025-10-23 16:17:40.406244,2026-06-21 12:59:53.214634
org-2ad9799e-2df3-4ebb-9563-8772f5638552,Rohan's Org,loc-9dd1eaea-e264-4d51-bffb-1abdc65e3fff,Upsell Testing,catlg-e77cf90f-2b34-4aa0-9eb6-642bef1ac285,Upsell Testing Catalog,itm-c4031adb-3c58-4024-8910-9cd2c6d46718,Large Sriracha Cheese Curds (Combo Upgrade Price),0,modgrp-794dfe86-a9b3-4024-a381-90c6b7601221,Chkn & Seafood Food Modifiers,modfr-5d63f20a-e92c-4df3-a007-9bb238f62f32,Swiss Cheese,0,False,0,99,True,NULL,NULL,False,,0.5000,True,False,2025-10-23 16:17:40.406244,2025-10-23 16:17:40.406244,2026-06-21 12:59:53.214634
org-2ad9799e-2df3-4ebb-9563-8772f5638552,Rohan's Org,loc-9dd1eaea-e264-4d51-bffb-1abdc65e3fff,Upsell Testing,catlg-e77cf90f-2b34-4aa0-9eb6-642bef1ac285,Upsell Testing Catalog,itm-c4031adb-3c58-4024-8910-9cd2c6d46718,Large Sriracha Cheese Curds (Combo Upgrade Price),0,modgrp-794dfe86-a9b3-4024-a381-90c6b7601221,Chkn & Seafood Food Modifiers,modfr-6702d5c3-37c2-4292-a938-2882e8f79367,Fat Free Italian,0,False,0,99,True,NULL,NULL,False,,0.3500,True,False,2025-10-23 16:17:40.406244,2025-10-23 16:17:40.406244,2026-06-21 12:59:53.214634
org-2ad9799e-2df3-4ebb-9563-8772f5638552,Rohan's Org,loc-9dd1eaea-e264-4d51-bffb-1abdc65e3fff,Upsell Testing,catlg-e77cf90f-2b34-4aa0-9eb6-642bef1ac285,Upsell Testing Catalog,itm-c4031adb-3c58-4024-8910-9cd2c6d46718,Large Sriracha Cheese Curds (Combo Upgrade Price),0,modgrp-794dfe86-a9b3-4024-a381-90c6b7601221,Chkn & Seafood Food Modifiers,modfr-674ef389-6c08-4a92-973e-f7047ec6be17,Gravy,0,False,0,99,True,NULL,NULL,False,,0.5000,True,False,2025-10-23 16:17:40.406244,2025-10-23 16:17:40.406244,2026-06-21 12:59:53.214634
org-2ad9799e-2df3-4ebb-9563-8772f5638552,Rohan's Org,loc-9dd1eaea-e264-4d51-bffb-1abdc65e3fff,Upsell Testing,catlg-e77cf90f-2b34-4aa0-9eb6-642bef1ac285,Upsell Testing Catalog,itm-c4031adb-3c58-4024-8910-9cd2c6d46718,Large Sriracha Cheese Curds (Combo Upgrade Price),0,modgrp-794dfe86-a9b3-4024-a381-90c6b7601221,Chkn & Seafood Food Modifiers,modfr-74f43288-fef5-4216-9b6e-c6f9d321020a,See Server,0,False,0,99,True,NULL,NULL,False,,NULL,True,False,2025-10-23 16:17:40.406244,2025-10-23 16:17:40.406244,2026-06-21 12:59:53.214634
org-2ad9799e-2df3-4ebb-9563-8772f5638552,Rohan's Org,loc-9dd1eaea-e264-4d51-bffb-1abdc65e3fff,Upsell Testing,catlg-e77cf90f-2b34-4aa0-9eb6-642bef1ac285,Upsell Testing Catalog,itm-c4031adb-3c58-4024-8910-9cd2c6d46718,Large Sriracha Cheese Curds (Combo Upgrade Price),0,modgrp-794dfe86-a9b3-4024-a381-90c6b7601221,Chkn & Seafood Food Modifiers,modfr-762e388f-9574-429f-b5fa-4fdbe7227eb2,Ranch,0,False,0,99,True,NULL,NULL,False,,0.3500,True,False,2025-10-23 16:17:40.406244,2025-10-23 16:17:40.406244,2026-06-21 12:59:53.214634
org-2ad9799e-2df3-4ebb-9563-8772f5638552,Rohan's Org,loc-9dd1eaea-e264-4d51-bffb-1abdc65e3fff,Upsell Testing,catlg-e77cf90f-2b34-4aa0-9eb6-642bef1ac285,Upsell Testing Catalog,itm-c4031adb-3c58-4024-8910-9cd2c6d46718,Large Sriracha Cheese Curds (Combo Upgrade Price),0,modgrp-794dfe86-a9b3-4024-a381-90c6b7601221,Chkn & Seafood Food Modifiers,modfr-7fba0ed4-8377-48e3-960e-aa817dbbc01b,Lite Italian,0,False,0,99,True,NULL,NULL,False,,NULL,True,False,2025-10-23 16:17:40.406244,2025-10-23 16:17:40.406244,2026-06-21 12:59:53.214634
org-2ad9799e-2df3-4ebb-9563-8772f5638552,Rohan's Org,loc-9dd1eaea-e264-4d51-bffb-1abdc65e3fff,Upsell Testing,catlg-e77cf90f-2b34-4aa0-9eb6-642bef1ac285,Upsell Testing Catalog,itm-c4031adb-3c58-4024-8910-9cd2c6d46718,Large Sriracha Cheese Curds (Combo Upgrade Price),0,modgrp-794dfe86-a9b3-4024-a381-90c6b7601221,Chkn & Seafood Food Modifiers,modfr-81dcc755-025c-4074-a438-c992dfb08f78,Well Done,0,False,0,99,True,NULL,NULL,False,,NULL,True,False,2025-10-23 16:17:40.406244,2025-10-23 16:17:40.406244,2026-06-21 12:59:53.214634
org-2ad9799e-2df3-4ebb-9563-8772f5638552,Rohan's Org,loc-9dd1eaea-e264-4d51-bffb-1abdc65e3fff,Upsell Testing,catlg-e77cf90f-2b34-4aa0-9eb6-642bef1ac285,Upsell Testing Catalog,itm-c4031adb-3c58-4024-8910-9cd2c6d46718,Large Sriracha Cheese Curds (Combo Upgrade Price),0,modgrp-794dfe86-a9b3-4024-a381-90c6b7601221,Chkn & Seafood Food Modifiers,modfr-82b6b3ec-94ac-4756-ad26-c447ac9f82d9,Bacon,0,False,0,99,True,NULL,NULL,False,,1.0000,True,False,2025-10-23 16:17:40.406244,2025-10-23 16:17:40.406244,2026-06-21 12:59:53.214634
org-2ad9799e-2df3-4ebb-9563-8772f5638552,Rohan's Org,loc-9dd1eaea-e264-4d51-bffb-1abdc65e3fff,Upsell Testing,catlg-e77cf90f-2b34-4aa0-9eb6-642bef1ac285,Upsell Testing Catalog,itm-c4031adb-3c58-4024-8910-9cd2c6d46718,Large Sriracha Cheese Curds (Combo Upgrade Price),0,modgrp-794dfe86-a9b3-4024-a381-90c6b7601221,Chkn & Seafood Food Modifiers,modfr-86848405-c74f-4ff1-8e28-69ea1812d9fa,American Chz,0,False,0,99,True,NULL,NULL,False,,0.5000,True,False,2025-10-23 16:17:40.406244,2025-10-23 16:17:40.406244,2026-06-21 12:59:53.214634
org-2ad9799e-2df3-4ebb-9563-8772f5638552,Rohan's Org,loc-9dd1eaea-e264-4d51-bffb-1abdc65e3fff,Upsell Testing,catlg-e77cf90f-2b34-4aa0-9eb6-642bef1ac285,Upsell Testing Catalog,itm-c4031adb-3c58-4024-8910-9cd2c6d46718,Large Sriracha Cheese Curds (Combo Upgrade Price),0,modgrp-794dfe86-a9b3-4024-a381-90c6b7601221,Chkn & Seafood Food Modifiers,modfr-9201a668-d5bc-41cf-9f8a-e3ae97f3a5e1,Relish,0,False,0,99,True,NULL,NULL,False,,NULL,True,False,2025-10-23 16:17:40.406244,2025-10-23 16:17:40.406244,2026-06-21 12:59:53.214634
org-2ad9799e-2df3-4ebb-9563-8772f5638552,Rohan's Org,loc-9dd1eaea-e264-4d51-bffb-1abdc65e3fff,Upsell Testing,catlg-e77cf90f-2b34-4aa0-9eb6-642bef1ac285,Upsell Testing Catalog,itm-a61e2278-50e4-4d38-9f0b-4c7bcd8b7f40,Burrito,0,modgrp-4bec82c6-f7a4-4c04-899b-155c47734ce1,Food Modifiers,modfr-4910d9f1-8266-4736-9701-3124a4736494,Cheddar Cheese,0,False,0,99,True,NULL,NULL,False,,0.5000,True,False,2025-10-23 16:17:40.406244,2025-10-23 16:17:40.406244,2026-06-21 12:59:48.72761
org-2ad9799e-2df3-4ebb-9563-8772f5638552,Rohan's Org,loc-9dd1eaea-e264-4d51-bffb-1abdc65e3fff,Upsell Testing,catlg-e77cf90f-2b34-4aa0-9eb6-642bef1ac285,Upsell Testing Catalog,itm-a61e2278-50e4-4d38-9f0b-4c7bcd8b7f40,Burrito,0,modgrp-4bec82c6-f7a4-4c04-899b-155c47734ce1,Food Modifiers,modfr-4b2161c8-3d50-44c2-85a0-e9489e4ff808,Cup of Coney,0,False,0,99,True,NULL,NULL,False,,4.0000,True,False,2025-10-23 16:17:40.406244,2025-10-23 16:17:40.406244,2026-06-21 12:59:48.72761
org-2ad9799e-2df3-4ebb-9563-8772f5638552,Rohan's Org,loc-9dd1eaea-e264-4d51-bffb-1abdc65e3fff,Upsell Testing,catlg-e77cf90f-2b34-4aa0-9eb6-642bef1ac285,Upsell Testing Catalog,itm-a61e2278-50e4-4d38-9f0b-4c7bcd8b7f40,Burrito,0,modgrp-4bec82c6-f7a4-4c04-899b-155c47734ce1,Food Modifiers,modfr-4b441a94-f74a-4278-a51c-5dd6f8b85607,DO NOT MAKE,0,False,0,99,True,NULL,NULL,False,,NULL,True,False,2025-10-23 16:17:40.406244,2025-10-23 16:17:40.406244,2026-06-21 12:59:48.72761
org-2ad9799e-2df3-4ebb-9563-8772f5638552,Rohan's Org,loc-9dd1eaea-e264-4d51-bffb-1abdc65e3fff,Upsell Testing,catlg-e77cf90f-2b34-4aa0-9eb6-642bef1ac285,Upsell Testing Catalog,itm-a61e2278-50e4-4d38-9f0b-4c7bcd8b7f40,Burrito,0,modgrp-4bec82c6-f7a4-4c04-899b-155c47734ce1,Food Modifiers,modfr-4de53b5c-2278-430e-8758-955bcb3ca1f5,Onions,0,False,0,99,True,NULL,NULL,False,,0.5000,True,False,2025-10-23 16:17:40.406244,2025-10-23 16:17:40.406244,2026-06-21 12:59:48.72761
org-2ad9799e-2df3-4ebb-9563-8772f5638552,Rohan's Org,loc-9dd1eaea-e264-4d51-bffb-1abdc65e3fff,Upsell Testing,catlg-e77cf90f-2b34-4aa0-9eb6-642bef1ac285,Upsell Testing Catalog,itm-a61e2278-50e4-4d38-9f0b-4c7bcd8b7f40,Burrito,0,modgrp-4bec82c6-f7a4-4c04-899b-155c47734ce1,Food Modifiers,modfr-4e53b82d-05be-4319-9d55-dfad3af9139f,Crispy Onions,0,False,0,99,True,NULL,NULL,False,,0.5000,True,False,2025-10-23 16:17:40.406244,2025-10-23 16:17:40.406244,2026-06-21 12:59:48.72761
org-2ad9799e-2df3-4ebb-9563-8772f5638552,Rohan's Org,loc-9dd1eaea-e264-4d51-bffb-1abdc65e3fff,Upsell Testing,catlg-e77cf90f-2b34-4aa0-9eb6-642bef1ac285,Upsell Testing Catalog,itm-a61e2278-50e4-4d38-9f0b-4c7bcd8b7f40,Burrito,0,modgrp-4bec82c6-f7a4-4c04-899b-155c47734ce1,Food Modifiers,modfr-529b6e19-e433-4788-bfee-ff26924041a1,Papa Sauce,0,False,0,99,True,NULL,NULL,False,,0.3500,True,False,2025-10-23 16:17:40.406244,2025-10-23 16:17:40.406244,2026-06-21 12:59:48.72761
org-2ad9799e-2df3-4ebb-9563-8772f5638552,Rohan's Org,loc-9dd1eaea-e264-4d51-bffb-1abdc65e3fff,Upsell Testing,catlg-e77cf90f-2b34-4aa0-9eb6-642bef1ac285,Upsell Testing Catalog,itm-a61e2278-50e4-4d38-9f0b-4c7bcd8b7f40,Burrito,0,modgrp-4bec82c6-f7a4-4c04-899b-155c47734ce1,Food Modifiers,modfr-5585842a-8277-40c8-a640-ff1700b02a47,Lettuce,0,False,0,99,True,NULL,NULL,False,,0.5000,True,False,2025-10-23 16:17:40.406244,2025-10-23 16:17:40.406244,2026-06-21 12:59:48.72761
org-2ad9799e-2df3-4ebb-9563-8772f5638552,Rohan's Org,loc-9dd1eaea-e264-4d51-bffb-1abdc65e3fff,Upsell Testing,catlg-e77cf90f-2b34-4aa0-9eb6-642bef1ac285,Upsell Testing Catalog,itm-a61e2278-50e4-4d38-9f0b-4c7bcd8b7f40,Burrito,0,modgrp-4bec82c6-f7a4-4c04-899b-155c47734ce1,Food Modifiers,modfr-58a7adb8-f3e2-4746-811c-744ab3db8595,Sweet & Sour Sauce,0,False,0,99,True,NULL,NULL,False,,0.5000,True,False,2025-10-23 16:17:40.406244,2025-10-23 16:17:40.406244,2026-06-21 12:59:48.72761
org-2ad9799e-2df3-4ebb-9563-8772f5638552,Rohan's Org,loc-9dd1eaea-e264-4d51-bffb-1abdc65e3fff,Upsell Testing,catlg-e77cf90f-2b34-4aa0-9eb6-642bef1ac285,Upsell Testing Catalog,itm-a61e2278-50e4-4d38-9f0b-4c7bcd8b7f40,Burrito,0,modgrp-4bec82c6-f7a4-4c04-899b-155c47734ce1,Food Modifiers,modfr-58aaa2e4-49f4-4732-b1a0-b512589b1ed2,Mustard Pkt,0,False,0,99,True,NULL,NULL,False,,0.2500,True,False,2025-10-23 16:17:40.406244,2025-10-23 16:17:40.406244,2026-06-21 12:59:48.72761
org-2ad9799e-2df3-4ebb-9563-8772f5638552,Rohan's Org,loc-9dd1eaea-e264-4d51-bffb-1abdc65e3fff,Upsell Testing,catlg-e77cf90f-2b34-4aa0-9eb6-642bef1ac285,Upsell Testing Catalog,itm-a61e2278-50e4-4d38-9f0b-4c7bcd8b7f40,Burrito,0,modgrp-4bec82c6-f7a4-4c04-899b-155c47734ce1,Food Modifiers,modfr-5d63f20a-e92c-4df3-a007-9bb238f62f32,Swiss Cheese,0,False,0,99,True,NULL,NULL,False,,0.5000,True,False,2025-10-23 16:17:40.406244,2025-10-23 16:17:40.406244,2026-06-21 12:59:48.72761
org-2ad9799e-2df3-4ebb-9563-8772f5638552,Rohan's Org,loc-9dd1eaea-e264-4d51-bffb-1abdc65e3fff,Upsell Testing,catlg-e77cf90f-2b34-4aa0-9eb6-642bef1ac285,Upsell Testing Catalog,itm-a61e2278-50e4-4d38-9f0b-4c7bcd8b7f40,Burrito,0,modgrp-4bec82c6-f7a4-4c04-899b-155c47734ce1,Food Modifiers,modfr-6338370f-a518-4f5c-b87b-8c2c085ba641,Spicy Papa Sauce Spread,0,False,0,99,True,NULL,NULL,False,,0.2500,True,False,2025-10-23 16:17:40.406244,2025-10-23 16:17:40.406244,2026-06-21 12:59:48.72761
org-2ad9799e-2df3-4ebb-9563-8772f5638552,Rohan's Org,loc-9dd1eaea-e264-4d51-bffb-1abdc65e3fff,Upsell Testing,catlg-e77cf90f-2b34-4aa0-9eb6-642bef1ac285,Upsell Testing Catalog,itm-a61e2278-50e4-4d38-9f0b-4c7bcd8b7f40,Burrito,0,modgrp-4bec82c6-f7a4-4c04-899b-155c47734ce1,Food Modifiers,modfr-63c3fc8d-6460-4022-be70-18dcf037160e,Tartar,0,False,0,99,True,NULL,NULL,False,,0.2500,True,False,2025-10-23 16:17:40.406244,2025-10-23 16:17:40.406244,2026-06-21 12:59:48.72761
org-2ad9799e-2df3-4ebb-9563-8772f5638552,Rohan's Org,loc-9dd1eaea-e264-4d51-bffb-1abdc65e3fff,Upsell Testing,catlg-e77cf90f-2b34-4aa0-9eb6-642bef1ac285,Upsell Testing Catalog,itm-a61e2278-50e4-4d38-9f0b-4c7bcd8b7f40,Burrito,0,modgrp-4bec82c6-f7a4-4c04-899b-155c47734ce1,Food Modifiers,modfr-74f43288-fef5-4216-9b6e-c6f9d321020a,See Server,0,False,0,99,True,NULL,NULL,False,,NULL,True,False,2025-10-23 16:17:40.406244,2025-10-23 16:17:40.406244,2026-06-21 12:59:48.72761
org-2ad9799e-2df3-4ebb-9563-8772f5638552,Rohan's Org,loc-9dd1eaea-e264-4d51-bffb-1abdc65e3fff,Upsell Testing,catlg-e77cf90f-2b34-4aa0-9eb6-642bef1ac285,Upsell Testing Catalog,itm-a61e2278-50e4-4d38-9f0b-4c7bcd8b7f40,Burrito,0,modgrp-4bec82c6-f7a4-4c04-899b-155c47734ce1,Food Modifiers,modfr-762e388f-9574-429f-b5fa-4fdbe7227eb2,Ranch,0,False,0,99,True,NULL,NULL,False,,0.3500,True,False,2025-10-23 16:17:40.406244,2025-10-23 16:17:40.406244,2026-06-21 12:59:48.72761
org-2ad9799e-2df3-4ebb-9563-8772f5638552,Rohan's Org,loc-9dd1eaea-e264-4d51-bffb-1abdc65e3fff,Upsell Testing,catlg-e77cf90f-2b34-4aa0-9eb6-642bef1ac285,Upsell Testing Catalog,itm-a61e2278-50e4-4d38-9f0b-4c7bcd8b7f40,Burrito,0,modgrp-4bec82c6-f7a4-4c04-899b-155c47734ce1,Food Modifiers,modfr-790f0932-d16e-4d50-98eb-1967879c1353,Sport Peppers,0,False,0,99,True,NULL,NULL,False,,0.5000,True,False,2025-10-23 16:17:40.406244,2025-10-23 16:17:40.406244,2026-06-21 12:59:48.72761
org-2ad9799e-2df3-4ebb-9563-8772f5638552,Rohan's Org,loc-9dd1eaea-e264-4d51-bffb-1abdc65e3fff,Upsell Testing,catlg-e77cf90f-2b34-4aa0-9eb6-642bef1ac285,Upsell Testing Catalog,itm-a61e2278-50e4-4d38-9f0b-4c7bcd8b7f40,Burrito,0,modgrp-4bec82c6-f7a4-4c04-899b-155c47734ce1,Food Modifiers,modfr-7bfc3900-d5ab-442c-b072-aa8ea95b4bbf,Celery Salt,0,False,0,99,True,NULL,NULL,False,,NULL,True,False,2025-10-23 16:17:40.406244,2025-10-23 16:17:40.406244,2026-06-21 12:59:48.72761
org-2ad9799e-2df3-4ebb-9563-8772f5638552,Rohan's Org,loc-9dd1eaea-e264-4d51-bffb-1abdc65e3fff,Upsell Testing,catlg-e77cf90f-2b34-4aa0-9eb6-642bef1ac285,Upsell Testing Catalog,itm-a61e2278-50e4-4d38-9f0b-4c7bcd8b7f40,Burrito,0,modgrp-4bec82c6-f7a4-4c04-899b-155c47734ce1,Food Modifiers,modfr-7fcd630d-66c3-4479-9c7c-63970482e2f6,The Works,0,False,0,99,True,NULL,NULL,False,,NULL,True,False,2025-10-23 16:17:40.406244,2025-10-23 16:17:40.406244,2026-06-21 12:59:48.72761
org-2ad9799e-2df3-4ebb-9563-8772f5638552,Rohan's Org,loc-9dd1eaea-e264-4d51-bffb-1abdc65e3fff,Upsell Testing,catlg-e77cf90f-2b34-4aa0-9eb6-642bef1ac285,Upsell Testing Catalog,itm-a61e2278-50e4-4d38-9f0b-4c7bcd8b7f40,Burrito,0,modgrp-4bec82c6-f7a4-4c04-899b-155c47734ce1,Food Modifiers,modfr-81dcc755-025c-4074-a438-c992dfb08f78,Well Done,0,False,0,99,True,NULL,NULL,False,,NULL,True,False,2025-10-23 16:17:40.406244,2025-10-23 16:17:40.406244,2026-06-21 12:59:48.72761
org-2ad9799e-2df3-4ebb-9563-8772f5638552,Rohan's Org,loc-9dd1eaea-e264-4d51-bffb-1abdc65e3fff,Upsell Testing,catlg-e77cf90f-2b34-4aa0-9eb6-642bef1ac285,Upsell Testing Catalog,itm-c4031adb-3c58-4024-8910-9cd2c6d46718,Large Sriracha Cheese Curds (Combo Upgrade Price),0,modgrp-794dfe86-a9b3-4024-a381-90c6b7601221,Chkn & Seafood Food Modifiers,modfr-939ca2a1-c244-4d48-8b59-2d2e03a285f3,Cheese,0,False,0,99,True,NULL,NULL,False,,0.5000,True,False,2025-10-23 16:17:40.406244,2025-10-23 16:17:40.406244,2026-06-21 12:59:53.214634
org-2ad9799e-2df3-4ebb-9563-8772f5638552,Rohan's Org,loc-9dd1eaea-e264-4d51-bffb-1abdc65e3fff,Upsell Testing,catlg-e77cf90f-2b34-4aa0-9eb6-642bef1ac285,Upsell Testing Catalog,itm-c4031adb-3c58-4024-8910-9cd2c6d46718,Large Sriracha Cheese Curds (Combo Upgrade Price),0,modgrp-794dfe86-a9b3-4024-a381-90c6b7601221,Chkn & Seafood Food Modifiers,modfr-9ac481a7-2b43-4e4a-b1bf-d153299d66d3,Sweet Relish ,0,False,0,99,True,NULL,NULL,False,,NULL,True,False,2025-10-23 16:17:40.406244,2025-10-23 16:17:40.406244,2026-06-21 12:59:53.214634
org-2ad9799e-2df3-4ebb-9563-8772f5638552,Rohan's Org,loc-9dd1eaea-e264-4d51-bffb-1abdc65e3fff,Upsell Testing,catlg-e77cf90f-2b34-4aa0-9eb6-642bef1ac285,Upsell Testing Catalog,itm-c4031adb-3c58-4024-8910-9cd2c6d46718,Large Sriracha Cheese Curds (Combo Upgrade Price),0,modgrp-794dfe86-a9b3-4024-a381-90c6b7601221,Chkn & Seafood Food Modifiers,modfr-a23a330b-7bb8-425a-a98f-e153d9a39071,Fat Free Ranch,0,False,0,99,True,NULL,NULL,False,,0.3500,True,False,2025-10-23 16:17:40.406244,2025-10-23 16:17:40.406244,2026-06-21 12:59:53.214634
org-2ad9799e-2df3-4ebb-9563-8772f5638552,Rohan's Org,loc-9dd1eaea-e264-4d51-bffb-1abdc65e3fff,Upsell Testing,catlg-e77cf90f-2b34-4aa0-9eb6-642bef1ac285,Upsell Testing Catalog,itm-c4031adb-3c58-4024-8910-9cd2c6d46718,Large Sriracha Cheese Curds (Combo Upgrade Price),0,modgrp-794dfe86-a9b3-4024-a381-90c6b7601221,Chkn & Seafood Food Modifiers,modfr-a4fba93b-f205-472f-b42a-62b948cf15ef,Grilled Onions,0,False,0,99,True,NULL,NULL,False,,0.5000,True,False,2025-10-23 16:17:40.406244,2025-10-23 16:17:40.406244,2026-06-21 12:59:53.214634
org-2ad9799e-2df3-4ebb-9563-8772f5638552,Rohan's Org,loc-9dd1eaea-e264-4d51-bffb-1abdc65e3fff,Upsell Testing,catlg-e77cf90f-2b34-4aa0-9eb6-642bef1ac285,Upsell Testing Catalog,itm-c4031adb-3c58-4024-8910-9cd2c6d46718,Large Sriracha Cheese Curds (Combo Upgrade Price),0,modgrp-794dfe86-a9b3-4024-a381-90c6b7601221,Chkn & Seafood Food Modifiers,modfr-a588be61-025e-413d-a76f-c31a21b485e2,French,0,False,0,99,True,NULL,NULL,False,,0.2500,True,False,2025-10-23 16:17:40.406244,2025-10-23 16:17:40.406244,2026-06-21 12:59:53.214634
org-2ad9799e-2df3-4ebb-9563-8772f5638552,Rohan's Org,loc-9dd1eaea-e264-4d51-bffb-1abdc65e3fff,Upsell Testing,catlg-e77cf90f-2b34-4aa0-9eb6-642bef1ac285,Upsell Testing Catalog,itm-c4031adb-3c58-4024-8910-9cd2c6d46718,Large Sriracha Cheese Curds (Combo Upgrade Price),0,modgrp-794dfe86-a9b3-4024-a381-90c6b7601221,Chkn & Seafood Food Modifiers,modfr-a5a69a53-3c54-43a5-a372-0db442fc51da,No Sauce,0,False,0,99,True,NULL,NULL,False,,NULL,True,False,2025-10-23 16:17:40.406244,2025-10-23 16:17:40.406244,2026-06-21 12:59:53.214634
org-2ad9799e-2df3-4ebb-9563-8772f5638552,Rohan's Org,loc-9dd1eaea-e264-4d51-bffb-1abdc65e3fff,Upsell Testing,catlg-e77cf90f-2b34-4aa0-9eb6-642bef1ac285,Upsell Testing Catalog,itm-c4031adb-3c58-4024-8910-9cd2c6d46718,Large Sriracha Cheese Curds (Combo Upgrade Price),0,modgrp-794dfe86-a9b3-4024-a381-90c6b7601221,Chkn & Seafood Food Modifiers,modfr-a7713ede-57b8-419c-a02f-539b12606c28,Italian,0,False,0,99,True,NULL,NULL,False,,NULL,True,False,2025-10-23 16:17:40.406244,2025-10-23 16:17:40.406244,2026-06-21 12:59:53.214634
org-2ad9799e-2df3-4ebb-9563-8772f5638552,Rohan's Org,loc-9dd1eaea-e264-4d51-bffb-1abdc65e3fff,Upsell Testing,catlg-e77cf90f-2b34-4aa0-9eb6-642bef1ac285,Upsell Testing Catalog,itm-c4031adb-3c58-4024-8910-9cd2c6d46718,Large Sriracha Cheese Curds (Combo Upgrade Price),0,modgrp-794dfe86-a9b3-4024-a381-90c6b7601221,Chkn & Seafood Food Modifiers,modfr-a8b1be21-2214-4e68-bfee-6b332fa10798,Salt,0,False,0,99,True,NULL,NULL,False,,NULL,True,False,2025-10-23 16:17:40.406244,2025-10-23 16:17:40.406244,2026-06-21 12:59:53.214634
org-2ad9799e-2df3-4ebb-9563-8772f5638552,Rohan's Org,loc-9dd1eaea-e264-4d51-bffb-1abdc65e3fff,Upsell Testing,catlg-e77cf90f-2b34-4aa0-9eb6-642bef1ac285,Upsell Testing Catalog,itm-c4031adb-3c58-4024-8910-9cd2c6d46718,Large Sriracha Cheese Curds (Combo Upgrade Price),0,modgrp-794dfe86-a9b3-4024-a381-90c6b7601221,Chkn & Seafood Food Modifiers,modfr-b44082df-c316-4c95-8360-0a1954861e3c,Jalapenos,0,False,0,99,True,NULL,NULL,False,,0.5000,True,False,2025-10-23 16:17:40.406244,2025-10-23 16:17:40.406244,2026-06-21 12:59:53.214634
org-2ad9799e-2df3-4ebb-9563-8772f5638552,Rohan's Org,loc-9dd1eaea-e264-4d51-bffb-1abdc65e3fff,Upsell Testing,catlg-e77cf90f-2b34-4aa0-9eb6-642bef1ac285,Upsell Testing Catalog,itm-c4031adb-3c58-4024-8910-9cd2c6d46718,Large Sriracha Cheese Curds (Combo Upgrade Price),0,modgrp-794dfe86-a9b3-4024-a381-90c6b7601221,Chkn & Seafood Food Modifiers,modfr-b496d8f2-6ca2-4b08-b75c-4714f453ba09,Lite Ranch,0,False,0,99,True,NULL,NULL,False,,0.3500,True,False,2025-10-23 16:17:40.406244,2025-10-23 16:17:40.406244,2026-06-21 12:59:53.214634
org-2ad9799e-2df3-4ebb-9563-8772f5638552,Rohan's Org,loc-9dd1eaea-e264-4d51-bffb-1abdc65e3fff,Upsell Testing,catlg-e77cf90f-2b34-4aa0-9eb6-642bef1ac285,Upsell Testing Catalog,itm-c4031adb-3c58-4024-8910-9cd2c6d46718,Large Sriracha Cheese Curds (Combo Upgrade Price),0,modgrp-794dfe86-a9b3-4024-a381-90c6b7601221,Chkn & Seafood Food Modifiers,modfr-b49769f2-6301-41d4-8333-73e4c734ceba,Cut,0,False,0,99,True,NULL,NULL,False,,NULL,True,False,2025-10-23 16:17:40.406244,2025-10-23 16:17:40.406244,2026-06-21 12:59:53.214634
org-2ad9799e-2df3-4ebb-9563-8772f5638552,Rohan's Org,loc-9dd1eaea-e264-4d51-bffb-1abdc65e3fff,Upsell Testing,catlg-e77cf90f-2b34-4aa0-9eb6-642bef1ac285,Upsell Testing Catalog,itm-c4031adb-3c58-4024-8910-9cd2c6d46718,Large Sriracha Cheese Curds (Combo Upgrade Price),0,modgrp-794dfe86-a9b3-4024-a381-90c6b7601221,Chkn & Seafood Food Modifiers,modfr-b72a2657-6336-4911-ae2f-8baeee454ee3,AW Sauce,0,False,0,99,True,NULL,NULL,False,,0.2500,True,False,2025-10-23 16:17:40.406244,2025-10-23 16:17:40.406244,2026-06-21 12:59:53.214634
org-2ad9799e-2df3-4ebb-9563-8772f5638552,Rohan's Org,loc-9dd1eaea-e264-4d51-bffb-1abdc65e3fff,Upsell Testing,catlg-e77cf90f-2b34-4aa0-9eb6-642bef1ac285,Upsell Testing Catalog,itm-c4031adb-3c58-4024-8910-9cd2c6d46718,Large Sriracha Cheese Curds (Combo Upgrade Price),0,modgrp-794dfe86-a9b3-4024-a381-90c6b7601221,Chkn & Seafood Food Modifiers,modfr-b981632d-b297-474f-8131-6add4f39757a,3 Pepper Fire Sauce,0,False,0,99,True,NULL,NULL,False,,0.2500,True,False,2025-10-23 16:17:40.406244,2025-10-23 16:17:40.406244,2026-06-21 12:59:53.214634
org-2ad9799e-2df3-4ebb-9563-8772f5638552,Rohan's Org,loc-9dd1eaea-e264-4d51-bffb-1abdc65e3fff,Upsell Testing,catlg-e77cf90f-2b34-4aa0-9eb6-642bef1ac285,Upsell Testing Catalog,itm-c4031adb-3c58-4024-8910-9cd2c6d46718,Large Sriracha Cheese Curds (Combo Upgrade Price),0,modgrp-794dfe86-a9b3-4024-a381-90c6b7601221,Chkn & Seafood Food Modifiers,modfr-cf388f28-b554-486c-883d-44b53cd7a153,Coney Sauce,0,False,0,99,True,NULL,NULL,False,,0.5000,True,False,2025-10-23 16:17:40.406244,2025-10-23 16:17:40.406244,2026-06-21 12:59:53.214634
org-2ad9799e-2df3-4ebb-9563-8772f5638552,Rohan's Org,loc-9dd1eaea-e264-4d51-bffb-1abdc65e3fff,Upsell Testing,catlg-e77cf90f-2b34-4aa0-9eb6-642bef1ac285,Upsell Testing Catalog,itm-c4031adb-3c58-4024-8910-9cd2c6d46718,Large Sriracha Cheese Curds (Combo Upgrade Price),0,modgrp-794dfe86-a9b3-4024-a381-90c6b7601221,Chkn & Seafood Food Modifiers,modfr-e5515ea2-afe4-4526-bb77-5dfa7987cded,**Allergy Alert***,0,False,0,99,True,NULL,NULL,False,,NULL,True,False,2025-10-23 16:17:40.406244,2025-10-23 16:17:40.406244,2026-06-21 12:59:53.214634
org-2ad9799e-2df3-4ebb-9563-8772f5638552,Rohan's Org,loc-9dd1eaea-e264-4d51-bffb-1abdc65e3fff,Upsell Testing,catlg-e77cf90f-2b34-4aa0-9eb6-642bef1ac285,Upsell Testing Catalog,itm-c4031adb-3c58-4024-8910-9cd2c6d46718,Large Sriracha Cheese Curds (Combo Upgrade Price),0,modgrp-794dfe86-a9b3-4024-a381-90c6b7601221,Chkn & Seafood Food Modifiers,modfr-e6834cd7-cc7c-4ecc-a759-b42ce3c86bd5,Mustard,0,False,0,99,True,NULL,NULL,False,,NULL,True,False,2025-10-23 16:17:40.406244,2025-10-23 16:17:40.406244,2026-06-21 12:59:53.214634
org-2ad9799e-2df3-4ebb-9563-8772f5638552,Rohan's Org,loc-9dd1eaea-e264-4d51-bffb-1abdc65e3fff,Upsell Testing,catlg-e77cf90f-2b34-4aa0-9eb6-642bef1ac285,Upsell Testing Catalog,itm-a61e2278-50e4-4d38-9f0b-4c7bcd8b7f40,Burrito,0,modgrp-4bec82c6-f7a4-4c04-899b-155c47734ce1,Food Modifiers,modfr-82b6b3ec-94ac-4756-ad26-c447ac9f82d9,Bacon,0,False,0,99,True,NULL,NULL,False,,1.0000,True,False,2025-10-23 16:17:40.406244,2025-10-23 16:17:40.406244,2026-06-21 12:59:48.72761
org-2ad9799e-2df3-4ebb-9563-8772f5638552,Rohan's Org,loc-9dd1eaea-e264-4d51-bffb-1abdc65e3fff,Upsell Testing,catlg-e77cf90f-2b34-4aa0-9eb6-642bef1ac285,Upsell Testing Catalog,itm-a61e2278-50e4-4d38-9f0b-4c7bcd8b7f40,Burrito,0,modgrp-4bec82c6-f7a4-4c04-899b-155c47734ce1,Food Modifiers,modfr-86848405-c74f-4ff1-8e28-69ea1812d9fa,American Chz,0,False,0,99,True,NULL,NULL,False,,0.5000,True,False,2025-10-23 16:17:40.406244,2025-10-23 16:17:40.406244,2026-06-21 12:59:48.72761
org-2ad9799e-2df3-4ebb-9563-8772f5638552,Rohan's Org,loc-9dd1eaea-e264-4d51-bffb-1abdc65e3fff,Upsell Testing,catlg-e77cf90f-2b34-4aa0-9eb6-642bef1ac285,Upsell Testing Catalog,itm-a61e2278-50e4-4d38-9f0b-4c7bcd8b7f40,Burrito,0,modgrp-4bec82c6-f7a4-4c04-899b-155c47734ce1,Food Modifiers,modfr-88d9605e-addd-4d3b-b8c8-54993fe8a569,Ketchup Pkt,0,False,0,99,True,NULL,NULL,False,,NULL,True,False,2025-10-23 16:17:40.406244,2025-10-23 16:17:40.406244,2026-06-21 12:59:48.72761
org-2ad9799e-2df3-4ebb-9563-8772f5638552,Rohan's Org,loc-9dd1eaea-e264-4d51-bffb-1abdc65e3fff,Upsell Testing,catlg-e77cf90f-2b34-4aa0-9eb6-642bef1ac285,Upsell Testing Catalog,itm-a61e2278-50e4-4d38-9f0b-4c7bcd8b7f40,Burrito,0,modgrp-4bec82c6-f7a4-4c04-899b-155c47734ce1,Food Modifiers,modfr-8a29c9c8-5a41-4a69-ab35-ea4cc4937986,Cocktail Sauce,0,False,0,99,True,NULL,NULL,False,,0.3500,True,False,2025-10-23 16:17:40.406244,2025-10-23 16:17:40.406244,2026-06-21 12:59:48.72761
org-2ad9799e-2df3-4ebb-9563-8772f5638552,Rohan's Org,loc-9dd1eaea-e264-4d51-bffb-1abdc65e3fff,Upsell Testing,catlg-e77cf90f-2b34-4aa0-9eb6-642bef1ac285,Upsell Testing Catalog,itm-a61e2278-50e4-4d38-9f0b-4c7bcd8b7f40,Burrito,0,modgrp-4bec82c6-f7a4-4c04-899b-155c47734ce1,Food Modifiers,modfr-8b8bb1a8-bd17-49cc-a0ae-96a261e4d2e1,Sour Cream,0,False,0,99,True,NULL,NULL,False,,0.6000,True,False,2025-10-23 16:17:40.406244,2025-10-23 16:17:40.406244,2026-06-21 12:59:48.72761
org-2ad9799e-2df3-4ebb-9563-8772f5638552,Rohan's Org,loc-9dd1eaea-e264-4d51-bffb-1abdc65e3fff,Upsell Testing,catlg-e77cf90f-2b34-4aa0-9eb6-642bef1ac285,Upsell Testing Catalog,itm-a61e2278-50e4-4d38-9f0b-4c7bcd8b7f40,Burrito,0,modgrp-4bec82c6-f7a4-4c04-899b-155c47734ce1,Food Modifiers,modfr-9201a668-d5bc-41cf-9f8a-e3ae97f3a5e1,Relish,0,False,0,99,True,NULL,NULL,False,,NULL,True,False,2025-10-23 16:17:40.406244,2025-10-23 16:17:40.406244,2026-06-21 12:59:48.72761
org-2ad9799e-2df3-4ebb-9563-8772f5638552,Rohan's Org,loc-9dd1eaea-e264-4d51-bffb-1abdc65e3fff,Upsell Testing,catlg-e77cf90f-2b34-4aa0-9eb6-642bef1ac285,Upsell Testing Catalog,itm-a61e2278-50e4-4d38-9f0b-4c7bcd8b7f40,Burrito,0,modgrp-4bec82c6-f7a4-4c04-899b-155c47734ce1,Food Modifiers,modfr-939ca2a1-c244-4d48-8b59-2d2e03a285f3,Cheese,0,False,0,99,True,NULL,NULL,False,,0.5000,True,False,2025-10-23 16:17:40.406244,2025-10-23 16:17:40.406244,2026-06-21 12:59:48.72761
org-2ad9799e-2df3-4ebb-9563-8772f5638552,Rohan's Org,loc-9dd1eaea-e264-4d51-bffb-1abdc65e3fff,Upsell Testing,catlg-e77cf90f-2b34-4aa0-9eb6-642bef1ac285,Upsell Testing Catalog,itm-a61e2278-50e4-4d38-9f0b-4c7bcd8b7f40,Burrito,0,modgrp-4bec82c6-f7a4-4c04-899b-155c47734ce1,Food Modifiers,modfr-94ec5dbd-6db6-498a-80c5-5b995c10a962,Honey Mustard,0,False,0,99,True,NULL,NULL,False,,0.3500,True,False,2025-10-23 16:17:40.406244,2025-10-23 16:17:40.406244,2026-06-21 12:59:48.72761
org-2ad9799e-2df3-4ebb-9563-8772f5638552,Rohan's Org,loc-9dd1eaea-e264-4d51-bffb-1abdc65e3fff,Upsell Testing,catlg-e77cf90f-2b34-4aa0-9eb6-642bef1ac285,Upsell Testing Catalog,itm-a61e2278-50e4-4d38-9f0b-4c7bcd8b7f40,Burrito,0,modgrp-4bec82c6-f7a4-4c04-899b-155c47734ce1,Food Modifiers,modfr-97b4646a-c724-42d3-92aa-0c788b8cacf7,Olives,0,False,0,99,True,NULL,NULL,False,,0.5000,True,False,2025-10-23 16:17:40.406244,2025-10-23 16:17:40.406244,2026-06-21 12:59:48.72761
org-2ad9799e-2df3-4ebb-9563-8772f5638552,Rohan's Org,loc-9dd1eaea-e264-4d51-bffb-1abdc65e3fff,Upsell Testing,catlg-e77cf90f-2b34-4aa0-9eb6-642bef1ac285,Upsell Testing Catalog,itm-a61e2278-50e4-4d38-9f0b-4c7bcd8b7f40,Burrito,0,modgrp-4bec82c6-f7a4-4c04-899b-155c47734ce1,Food Modifiers,modfr-9ac481a7-2b43-4e4a-b1bf-d153299d66d3,Sweet Relish ,0,False,0,99,True,NULL,NULL,False,,NULL,True,False,2025-10-23 16:17:40.406244,2025-10-23 16:17:40.406244,2026-06-21 12:59:48.72761
org-2ad9799e-2df3-4ebb-9563-8772f5638552,Rohan's Org,loc-9dd1eaea-e264-4d51-bffb-1abdc65e3fff,Upsell Testing,catlg-e77cf90f-2b34-4aa0-9eb6-642bef1ac285,Upsell Testing Catalog,itm-a61e2278-50e4-4d38-9f0b-4c7bcd8b7f40,Burrito,0,modgrp-4bec82c6-f7a4-4c04-899b-155c47734ce1,Food Modifiers,modfr-9f9bcc29-1f0f-4a02-b3a5-13df648bf7a7,Spicy Papa Sauce,0,False,0,99,True,NULL,NULL,False,,0.3500,True,False,2025-10-23 16:17:40.406244,2025-10-23 16:17:40.406244,2026-06-21 12:59:48.72761
org-2ad9799e-2df3-4ebb-9563-8772f5638552,Rohan's Org,loc-9dd1eaea-e264-4d51-bffb-1abdc65e3fff,Upsell Testing,catlg-e77cf90f-2b34-4aa0-9eb6-642bef1ac285,Upsell Testing Catalog,itm-a61e2278-50e4-4d38-9f0b-4c7bcd8b7f40,Burrito,0,modgrp-4bec82c6-f7a4-4c04-899b-155c47734ce1,Food Modifiers,modfr-a4fba93b-f205-472f-b42a-62b948cf15ef,Grilled Onions,0,False,0,99,True,NULL,NULL,False,,0.5000,True,False,2025-10-23 16:17:40.406244,2025-10-23 16:17:40.406244,2026-06-21 12:59:48.72761
org-2ad9799e-2df3-4ebb-9563-8772f5638552,Rohan's Org,loc-9dd1eaea-e264-4d51-bffb-1abdc65e3fff,Upsell Testing,catlg-e77cf90f-2b34-4aa0-9eb6-642bef1ac285,Upsell Testing Catalog,itm-a61e2278-50e4-4d38-9f0b-4c7bcd8b7f40,Burrito,0,modgrp-4bec82c6-f7a4-4c04-899b-155c47734ce1,Food Modifiers,modfr-a5a69a53-3c54-43a5-a372-0db442fc51da,No Sauce,0,False,0,99,True,NULL,NULL,False,,NULL,True,False,2025-10-23 16:17:40.406244,2025-10-23 16:17:40.406244,2026-06-21 12:59:48.72761
org-2ad9799e-2df3-4ebb-9563-8772f5638552,Rohan's Org,loc-9dd1eaea-e264-4d51-bffb-1abdc65e3fff,Upsell Testing,catlg-e77cf90f-2b34-4aa0-9eb6-642bef1ac285,Upsell Testing Catalog,itm-a61e2278-50e4-4d38-9f0b-4c7bcd8b7f40,Burrito,0,modgrp-4bec82c6-f7a4-4c04-899b-155c47734ce1,Food Modifiers,modfr-a8b1be21-2214-4e68-bfee-6b332fa10798,Salt,0,False,0,99,True,NULL,NULL,False,,NULL,True,False,2025-10-23 16:17:40.406244,2025-10-23 16:17:40.406244,2026-06-21 12:59:48.72761
org-2ad9799e-2df3-4ebb-9563-8772f5638552,Rohan's Org,loc-9dd1eaea-e264-4d51-bffb-1abdc65e3fff,Upsell Testing,catlg-e77cf90f-2b34-4aa0-9eb6-642bef1ac285,Upsell Testing Catalog,itm-a61e2278-50e4-4d38-9f0b-4c7bcd8b7f40,Burrito,0,modgrp-4bec82c6-f7a4-4c04-899b-155c47734ce1,Food Modifiers,modfr-b44082df-c316-4c95-8360-0a1954861e3c,Jalapenos,0,False,0,99,True,NULL,NULL,False,,0.5000,True,False,2025-10-23 16:17:40.406244,2025-10-23 16:17:40.406244,2026-06-21 12:59:48.72761
org-2ad9799e-2df3-4ebb-9563-8772f5638552,Rohan's Org,loc-9dd1eaea-e264-4d51-bffb-1abdc65e3fff,Upsell Testing,catlg-e77cf90f-2b34-4aa0-9eb6-642bef1ac285,Upsell Testing Catalog,itm-a61e2278-50e4-4d38-9f0b-4c7bcd8b7f40,Burrito,0,modgrp-4bec82c6-f7a4-4c04-899b-155c47734ce1,Food Modifiers,modfr-b49769f2-6301-41d4-8333-73e4c734ceba,Cut,0,False,0,99,True,NULL,NULL,False,,NULL,True,False,2025-10-23 16:17:40.406244,2025-10-23 16:17:40.406244,2026-06-21 12:59:48.72761
org-2ad9799e-2df3-4ebb-9563-8772f5638552,Rohan's Org,loc-9dd1eaea-e264-4d51-bffb-1abdc65e3fff,Upsell Testing,catlg-e77cf90f-2b34-4aa0-9eb6-642bef1ac285,Upsell Testing Catalog,itm-a61e2278-50e4-4d38-9f0b-4c7bcd8b7f40,Burrito,0,modgrp-4bec82c6-f7a4-4c04-899b-155c47734ce1,Food Modifiers,modfr-b5d970b4-053d-4a5c-a1fb-79bc388a19e7,Pepper Jack Chz,0,False,0,99,True,NULL,NULL,False,,0.5000,True,False,2025-10-23 16:17:40.406244,2025-10-23 16:17:40.406244,2026-06-21 12:59:48.72761
org-2ad9799e-2df3-4ebb-9563-8772f5638552,Rohan's Org,loc-9dd1eaea-e264-4d51-bffb-1abdc65e3fff,Upsell Testing,catlg-e77cf90f-2b34-4aa0-9eb6-642bef1ac285,Upsell Testing Catalog,itm-a61e2278-50e4-4d38-9f0b-4c7bcd8b7f40,Burrito,0,modgrp-4bec82c6-f7a4-4c04-899b-155c47734ce1,Food Modifiers,modfr-b72a2657-6336-4911-ae2f-8baeee454ee3,AW Sauce,0,False,0,99,True,NULL,NULL,False,,0.2500,True,False,2025-10-23 16:17:40.406244,2025-10-23 16:17:40.406244,2026-06-21 12:59:48.72761
org-tf5i2lw1qz,Sakshi Demo,loc-adf5wvprpu,Burger Fi (Symphony),catlg-db643780-e0bb-458b-b624-fa5c74ca8c06,Burger Fi (Symphony) Catalog,itm-dd44ab2e-e562-41ae-aa69-3d7e20498d94,CHOPPED SALAD SM,0,modgrp-f64749f6-ee8d-4d53-b360-de8ca6c5b19b,M-OTHER MODS,modfr-c4f9b324-97c5-4730-8c89-a2eea6041a6a,BAMBINO,0,False,0,0,True,NULL,NULL,False,,NULL,True,False,2025-08-14 02:05:38.265055,2025-08-14 02:05:38.265055,2026-06-21 13:01:32.670927
org-tf5i2lw1qz,Sakshi Demo,loc-f9507722-f4c3-45a1-a7a6-6358548bea05,A&w Lab new(Dont take order),catlg-5f49688b-1b0a-4963-9e20-90dba233b023,A&w Lab new(Dont take order) Catalog,itm-59548cb0-dd19-470a-afb7-f5f43bee1979,30pc Corn Dog Nuggets,0,modgrp-49f6b8c4-7d89-420c-9c0d-bacb0d0a372d,Chkn & Seafood Food Modifiers,modfr-15719f15-f20d-407f-868e-07098b9990b8,**Allergy Alert***,0,False,0,99,True,NULL,NULL,False,,NULL,True,False,2025-08-22 06:57:39.012641,2025-08-22 06:57:39.012641,2026-06-21 13:00:41.434162
org-tf5i2lw1qz,Sakshi Demo,loc-f9507722-f4c3-45a1-a7a6-6358548bea05,A&w Lab new(Dont take order),catlg-5f49688b-1b0a-4963-9e20-90dba233b023,A&w Lab new(Dont take order) Catalog,itm-59548cb0-dd19-470a-afb7-f5f43bee1979,30pc Corn Dog Nuggets,0,modgrp-49f6b8c4-7d89-420c-9c0d-bacb0d0a372d,Chkn & Seafood Food Modifiers,modfr-186d99c6-4478-408d-a215-3684e5fe14b6,Thousand Island,0,False,0,99,True,NULL,NULL,False,,NULL,True,False,2025-08-22 06:57:39.012683,2025-08-22 06:57:39.012683,2026-06-21 13:00:41.434162
org-tf5i2lw1qz,Sakshi Demo,loc-f9507722-f4c3-45a1-a7a6-6358548bea05,A&w Lab new(Dont take order),catlg-5f49688b-1b0a-4963-9e20-90dba233b023,A&w Lab new(Dont take order) Catalog,itm-59548cb0-dd19-470a-afb7-f5f43bee1979,30pc Corn Dog Nuggets,0,modgrp-49f6b8c4-7d89-420c-9c0d-bacb0d0a372d,Chkn & Seafood Food Modifiers,modfr-1d8f1ac6-fa54-419e-990d-ae99d25d17e9,Coney Sauce,0,False,0,99,True,NULL,NULL,False,,0.5000,True,False,2025-08-22 06:57:39.012651,2025-08-22 06:57:39.012651,2026-06-21 13:00:41.434162
org-tf5i2lw1qz,Sakshi Demo,loc-f9507722-f4c3-45a1-a7a6-6358548bea05,A&w Lab new(Dont take order),catlg-5f49688b-1b0a-4963-9e20-90dba233b023,A&w Lab new(Dont take order) Catalog,itm-59548cb0-dd19-470a-afb7-f5f43bee1979,30pc Corn Dog Nuggets,0,modgrp-49f6b8c4-7d89-420c-9c0d-bacb0d0a372d,Chkn & Seafood Food Modifiers,modfr-1df35335-1c77-46b2-b7de-e9006d6f43d7,Jalapenos,0,False,0,99,True,NULL,NULL,False,,NULL,True,False,2025-08-22 06:57:39.012652,2025-08-22 06:57:39.012652,2026-06-21 13:00:41.434162
org-tf5i2lw1qz,Sakshi Demo,loc-f9507722-f4c3-45a1-a7a6-6358548bea05,A&w Lab new(Dont take order),catlg-5f49688b-1b0a-4963-9e20-90dba233b023,A&w Lab new(Dont take order) Catalog,itm-59548cb0-dd19-470a-afb7-f5f43bee1979,30pc Corn Dog Nuggets,0,modgrp-49f6b8c4-7d89-420c-9c0d-bacb0d0a372d,Chkn & Seafood Food Modifiers,modfr-1f5971ae-08e3-456c-b2ca-28ec5aa2d9ad,Cheese,0,False,0,99,True,NULL,NULL,False,,0.5000,True,False,2025-08-22 06:57:39.01266,2025-08-22 06:57:39.01266,2026-06-21 13:00:41.434162
org-tf5i2lw1qz,Sakshi Demo,loc-f9507722-f4c3-45a1-a7a6-6358548bea05,A&w Lab new(Dont take order),catlg-5f49688b-1b0a-4963-9e20-90dba233b023,A&w Lab new(Dont take order) Catalog,itm-59548cb0-dd19-470a-afb7-f5f43bee1979,30pc Corn Dog Nuggets,0,modgrp-49f6b8c4-7d89-420c-9c0d-bacb0d0a372d,Chkn & Seafood Food Modifiers,modfr-2385f4e3-460f-4fa6-b9e7-8793d1b56dc8,No Salt,0,False,0,99,True,NULL,NULL,False,,NULL,True,False,2025-08-22 06:57:39.012657,2025-08-22 06:57:39.012657,2026-06-21 13:00:41.434162
org-tf5i2lw1qz,Sakshi Demo,loc-f9507722-f4c3-45a1-a7a6-6358548bea05,A&w Lab new(Dont take order),catlg-5f49688b-1b0a-4963-9e20-90dba233b023,A&w Lab new(Dont take order) Catalog,itm-59548cb0-dd19-470a-afb7-f5f43bee1979,30pc Corn Dog Nuggets,0,modgrp-49f6b8c4-7d89-420c-9c0d-bacb0d0a372d,Chkn & Seafood Food Modifiers,modfr-24ddc0bc-7bc7-4863-9c34-2397f0090b41,Sweet & Sour Sauce,0,False,0,99,True,NULL,NULL,False,,0.5000,True,False,2025-08-22 06:57:39.012659,2025-08-22 06:57:39.012659,2026-06-21 13:00:41.434162
org-tf5i2lw1qz,Sakshi Demo,loc-f9507722-f4c3-45a1-a7a6-6358548bea05,A&w Lab new(Dont take order),catlg-5f49688b-1b0a-4963-9e20-90dba233b023,A&w Lab new(Dont take order) Catalog,itm-59548cb0-dd19-470a-afb7-f5f43bee1979,30pc Corn Dog Nuggets,0,modgrp-49f6b8c4-7d89-420c-9c0d-bacb0d0a372d,Chkn & Seafood Food Modifiers,modfr-2d3af169-267e-4bb9-bb39-bf1bed85e1d0,No Sauce,0,False,0,99,True,NULL,NULL,False,,NULL,True,False,2025-08-22 06:57:39.012655,2025-08-22 06:57:39.012655,2026-06-21 13:00:41.434162
org-tf5i2lw1qz,Sakshi Demo,loc-f9507722-f4c3-45a1-a7a6-6358548bea05,A&w Lab new(Dont take order),catlg-5f49688b-1b0a-4963-9e20-90dba233b023,A&w Lab new(Dont take order) Catalog,itm-59548cb0-dd19-470a-afb7-f5f43bee1979,30pc Corn Dog Nuggets,0,modgrp-49f6b8c4-7d89-420c-9c0d-bacb0d0a372d,Chkn & Seafood Food Modifiers,modfr-2e44d443-ac25-4153-8f8a-eaa012030aa6,AW Sauce,0,False,0,99,True,NULL,NULL,False,,0.2500,True,False,2025-08-22 06:57:39.01266,2025-08-22 06:57:39.01266,2026-06-21 13:00:41.434162
org-tf5i2lw1qz,Sakshi Demo,loc-f9507722-f4c3-45a1-a7a6-6358548bea05,A&w Lab new(Dont take order),catlg-5f49688b-1b0a-4963-9e20-90dba233b023,A&w Lab new(Dont take order) Catalog,itm-59548cb0-dd19-470a-afb7-f5f43bee1979,30pc Corn Dog Nuggets,0,modgrp-49f6b8c4-7d89-420c-9c0d-bacb0d0a372d,Chkn & Seafood Food Modifiers,modfr-3581395d-200e-4303-9c49-56fa03f9c04a,Mushrooms,0,False,0,99,True,NULL,NULL,False,,0.5000,True,False,2025-08-22 06:57:39.012652,2025-08-22 06:57:39.012652,2026-06-21 13:00:41.434162
org-tf5i2lw1qz,Sakshi Demo,loc-f9507722-f4c3-45a1-a7a6-6358548bea05,A&w Lab new(Dont take order),catlg-5f49688b-1b0a-4963-9e20-90dba233b023,A&w Lab new(Dont take order) Catalog,itm-59548cb0-dd19-470a-afb7-f5f43bee1979,30pc Corn Dog Nuggets,0,modgrp-49f6b8c4-7d89-420c-9c0d-bacb0d0a372d,Chkn & Seafood Food Modifiers,modfr-36d60814-bf93-42aa-a157-63f7ab6546cf,Ketchup,0,False,0,99,True,NULL,NULL,False,,NULL,True,False,2025-08-22 06:57:39.012652,2025-08-22 06:57:39.012652,2026-06-21 13:00:41.434162
org-tf5i2lw1qz,Sakshi Demo,loc-f9507722-f4c3-45a1-a7a6-6358548bea05,A&w Lab new(Dont take order),catlg-5f49688b-1b0a-4963-9e20-90dba233b023,A&w Lab new(Dont take order) Catalog,itm-59548cb0-dd19-470a-afb7-f5f43bee1979,30pc Corn Dog Nuggets,0,modgrp-49f6b8c4-7d89-420c-9c0d-bacb0d0a372d,Chkn & Seafood Food Modifiers,modfr-3a581c46-ac3c-4753-9a5d-3c5277c49aa6,Onions,0,False,0,99,True,NULL,NULL,False,,0.5000,True,False,2025-08-22 06:57:39.012653,2025-08-22 06:57:39.012653,2026-06-21 13:00:41.434162
org-tf5i2lw1qz,Sakshi Demo,loc-f9507722-f4c3-45a1-a7a6-6358548bea05,A&w Lab new(Dont take order),catlg-5f49688b-1b0a-4963-9e20-90dba233b023,A&w Lab new(Dont take order) Catalog,itm-59548cb0-dd19-470a-afb7-f5f43bee1979,30pc Corn Dog Nuggets,0,modgrp-49f6b8c4-7d89-420c-9c0d-bacb0d0a372d,Chkn & Seafood Food Modifiers,modfr-43e04c6d-7c12-4a7b-80c0-a89efd25f7da,Lettuce,0,False,0,99,True,NULL,NULL,False,,0.5000,True,False,2025-08-22 06:57:39.012652,2025-08-22 06:57:39.012652,2026-06-21 13:00:41.434162
org-tf5i2lw1qz,Sakshi Demo,loc-f9507722-f4c3-45a1-a7a6-6358548bea05,A&w Lab new(Dont take order),catlg-5f49688b-1b0a-4963-9e20-90dba233b023,A&w Lab new(Dont take order) Catalog,itm-59548cb0-dd19-470a-afb7-f5f43bee1979,30pc Corn Dog Nuggets,0,modgrp-49f6b8c4-7d89-420c-9c0d-bacb0d0a372d,Chkn & Seafood Food Modifiers,modfr-43e9d07d-5125-49c9-b583-0fc0fbed4819,Burger Patty,0,False,0,99,True,NULL,NULL,False,,1.4000,True,False,2025-08-22 06:57:39.01265,2025-08-22 06:57:39.01265,2026-06-21 13:00:41.434162
org-tf5i2lw1qz,Sakshi Demo,loc-f9507722-f4c3-45a1-a7a6-6358548bea05,A&w Lab new(Dont take order),catlg-5f49688b-1b0a-4963-9e20-90dba233b023,A&w Lab new(Dont take order) Catalog,itm-59548cb0-dd19-470a-afb7-f5f43bee1979,30pc Corn Dog Nuggets,0,modgrp-49f6b8c4-7d89-420c-9c0d-bacb0d0a372d,Chkn & Seafood Food Modifiers,modfr-451c83fd-91fe-4d9c-8541-0b75d1b2c115,Sweet Relish ,0,False,0,99,True,NULL,NULL,False,,NULL,True,False,2025-08-22 06:57:39.012654,2025-08-22 06:57:39.012654,2026-06-21 13:00:41.434162
org-tf5i2lw1qz,Sakshi Demo,loc-f9507722-f4c3-45a1-a7a6-6358548bea05,A&w Lab new(Dont take order),catlg-5f49688b-1b0a-4963-9e20-90dba233b023,A&w Lab new(Dont take order) Catalog,itm-59548cb0-dd19-470a-afb7-f5f43bee1979,30pc Corn Dog Nuggets,0,modgrp-49f6b8c4-7d89-420c-9c0d-bacb0d0a372d,Chkn & Seafood Food Modifiers,modfr-4dcf3ae6-5501-4885-bf9d-37714f4717f4,French,0,False,0,99,True,NULL,NULL,False,,NULL,True,False,2025-08-22 06:57:39.012683,2025-08-22 06:57:39.012683,2026-06-21 13:00:41.434162
org-tf5i2lw1qz,Sakshi Demo,loc-f9507722-f4c3-45a1-a7a6-6358548bea05,A&w Lab new(Dont take order),catlg-5f49688b-1b0a-4963-9e20-90dba233b023,A&w Lab new(Dont take order) Catalog,itm-59548cb0-dd19-470a-afb7-f5f43bee1979,30pc Corn Dog Nuggets,0,modgrp-49f6b8c4-7d89-420c-9c0d-bacb0d0a372d,Chkn & Seafood Food Modifiers,modfr-596840a4-1d42-419b-a8d3-e5305259b81d,Bun,0,False,0,99,True,NULL,NULL,False,,0.5000,True,False,2025-08-22 06:57:39.01265,2025-08-22 06:57:39.01265,2026-06-21 13:00:41.434162
org-2ad9799e-2df3-4ebb-9563-8772f5638552,Rohan's Org,loc-9dd1eaea-e264-4d51-bffb-1abdc65e3fff,Upsell Testing,catlg-e77cf90f-2b34-4aa0-9eb6-642bef1ac285,Upsell Testing Catalog,itm-a61e2278-50e4-4d38-9f0b-4c7bcd8b7f40,Burrito,0,modgrp-4bec82c6-f7a4-4c04-899b-155c47734ce1,Food Modifiers,modfr-b981632d-b297-474f-8131-6add4f39757a,3 Pepper Fire Sauce,0,False,0,99,True,NULL,NULL,False,,0.2500,True,False,2025-10-23 16:17:40.406244,2025-10-23 16:17:40.406244,2026-06-21 12:59:48.72761
org-2ad9799e-2df3-4ebb-9563-8772f5638552,Rohan's Org,loc-9dd1eaea-e264-4d51-bffb-1abdc65e3fff,Upsell Testing,catlg-e77cf90f-2b34-4aa0-9eb6-642bef1ac285,Upsell Testing Catalog,itm-a61e2278-50e4-4d38-9f0b-4c7bcd8b7f40,Burrito,0,modgrp-4bec82c6-f7a4-4c04-899b-155c47734ce1,Food Modifiers,modfr-cf388f28-b554-486c-883d-44b53cd7a153,Coney Sauce,0,False,0,99,True,NULL,NULL,False,,0.5000,True,False,2025-10-23 16:17:40.406244,2025-10-23 16:17:40.406244,2026-06-21 12:59:48.72761
org-2ad9799e-2df3-4ebb-9563-8772f5638552,Rohan's Org,loc-9dd1eaea-e264-4d51-bffb-1abdc65e3fff,Upsell Testing,catlg-e77cf90f-2b34-4aa0-9eb6-642bef1ac285,Upsell Testing Catalog,itm-a61e2278-50e4-4d38-9f0b-4c7bcd8b7f40,Burrito,0,modgrp-4bec82c6-f7a4-4c04-899b-155c47734ce1,Food Modifiers,modfr-dc2b7b8e-3462-4883-b29a-64530144bb9d,BBQ Sauce,0,False,0,99,True,NULL,NULL,False,,0.3500,True,False,2025-10-23 16:17:40.406244,2025-10-23 16:17:40.406244,2026-06-21 12:59:48.72761
org-2ad9799e-2df3-4ebb-9563-8772f5638552,Rohan's Org,loc-9dd1eaea-e264-4d51-bffb-1abdc65e3fff,Upsell Testing,catlg-e77cf90f-2b34-4aa0-9eb6-642bef1ac285,Upsell Testing Catalog,itm-a61e2278-50e4-4d38-9f0b-4c7bcd8b7f40,Burrito,0,modgrp-4bec82c6-f7a4-4c04-899b-155c47734ce1,Food Modifiers,modfr-e0dfc9a4-599e-4123-83b6-d5cf860d5d22,No Bun,0,False,0,99,True,NULL,NULL,False,,NULL,True,False,2025-10-23 16:17:40.406244,2025-10-23 16:17:40.406244,2026-06-21 12:59:48.72761
org-2ad9799e-2df3-4ebb-9563-8772f5638552,Rohan's Org,loc-9dd1eaea-e264-4d51-bffb-1abdc65e3fff,Upsell Testing,catlg-e77cf90f-2b34-4aa0-9eb6-642bef1ac285,Upsell Testing Catalog,itm-a61e2278-50e4-4d38-9f0b-4c7bcd8b7f40,Burrito,0,modgrp-4bec82c6-f7a4-4c04-899b-155c47734ce1,Food Modifiers,modfr-e5390f8d-6a26-4884-b093-1f68f7aa7e64,Mushroom Onion Mix,0,False,0,99,True,NULL,NULL,False,,0.5000,True,False,2025-10-23 16:17:40.406244,2025-10-23 16:17:40.406244,2026-06-21 12:59:48.72761
org-2ad9799e-2df3-4ebb-9563-8772f5638552,Rohan's Org,loc-9dd1eaea-e264-4d51-bffb-1abdc65e3fff,Upsell Testing,catlg-e77cf90f-2b34-4aa0-9eb6-642bef1ac285,Upsell Testing Catalog,itm-a61e2278-50e4-4d38-9f0b-4c7bcd8b7f40,Burrito,0,modgrp-4bec82c6-f7a4-4c04-899b-155c47734ce1,Food Modifiers,modfr-e53dc28a-3806-4c88-b829-c5fb54e31d7c,Fish Patty,0,False,0,99,True,NULL,NULL,False,,2.1900,True,False,2025-10-23 16:17:40.406244,2025-10-23 16:17:40.406244,2026-06-21 12:59:48.72761
org-2ad9799e-2df3-4ebb-9563-8772f5638552,Rohan's Org,loc-9dd1eaea-e264-4d51-bffb-1abdc65e3fff,Upsell Testing,catlg-e77cf90f-2b34-4aa0-9eb6-642bef1ac285,Upsell Testing Catalog,itm-a61e2278-50e4-4d38-9f0b-4c7bcd8b7f40,Burrito,0,modgrp-4bec82c6-f7a4-4c04-899b-155c47734ce1,Food Modifiers,modfr-e5515ea2-afe4-4526-bb77-5dfa7987cded,**Allergy Alert***,0,False,0,99,True,NULL,NULL,False,,NULL,True,False,2025-10-23 16:17:40.406244,2025-10-23 16:17:40.406244,2026-06-21 12:59:48.72761
org-2ad9799e-2df3-4ebb-9563-8772f5638552,Rohan's Org,loc-9dd1eaea-e264-4d51-bffb-1abdc65e3fff,Upsell Testing,catlg-e77cf90f-2b34-4aa0-9eb6-642bef1ac285,Upsell Testing Catalog,itm-a61e2278-50e4-4d38-9f0b-4c7bcd8b7f40,Burrito,0,modgrp-4bec82c6-f7a4-4c04-899b-155c47734ce1,Food Modifiers,modfr-e6834cd7-cc7c-4ecc-a759-b42ce3c86bd5,Mustard,0,False,0,99,True,NULL,NULL,False,,NULL,True,False,2025-10-23 16:17:40.406244,2025-10-23 16:17:40.406244,2026-06-21 12:59:48.72761
org-2ad9799e-2df3-4ebb-9563-8772f5638552,Rohan's Org,loc-9dd1eaea-e264-4d51-bffb-1abdc65e3fff,Upsell Testing,catlg-e77cf90f-2b34-4aa0-9eb6-642bef1ac285,Upsell Testing Catalog,itm-a61e2278-50e4-4d38-9f0b-4c7bcd8b7f40,Burrito,0,modgrp-4bec82c6-f7a4-4c04-899b-155c47734ce1,Food Modifiers,modfr-e9bad9d3-c400-4afc-9c22-8bc0a7d4e760,Sweet & Sour,0,False,0,99,True,NULL,NULL,False,,0.3500,True,False,2025-10-23 16:17:40.406244,2025-10-23 16:17:40.406244,2026-06-21 12:59:48.72761
org-2ad9799e-2df3-4ebb-9563-8772f5638552,Rohan's Org,loc-9dd1eaea-e264-4d51-bffb-1abdc65e3fff,Upsell Testing,catlg-e77cf90f-2b34-4aa0-9eb6-642bef1ac285,Upsell Testing Catalog,itm-a61e2278-50e4-4d38-9f0b-4c7bcd8b7f40,Burrito,0,modgrp-4bec82c6-f7a4-4c04-899b-155c47734ce1,Food Modifiers,modfr-f4b0c23a-c693-4f24-980c-5c5e9e18668a,Chz Sauce,0,False,0,99,True,NULL,NULL,False,,0.5000,True,False,2025-10-23 16:17:40.406244,2025-10-23 16:17:40.406244,2026-06-21 12:59:48.72761
org-2ad9799e-2df3-4ebb-9563-8772f5638552,Rohan's Org,loc-9dd1eaea-e264-4d51-bffb-1abdc65e3fff,Upsell Testing,catlg-e77cf90f-2b34-4aa0-9eb6-642bef1ac285,Upsell Testing Catalog,itm-a61e2278-50e4-4d38-9f0b-4c7bcd8b7f40,Burrito,0,modgrp-4bec82c6-f7a4-4c04-899b-155c47734ce1,Food Modifiers,modfr-fac30587-6692-4bf8-86aa-50563d24674a,Marinara,0,False,0,99,True,NULL,NULL,False,,0.3500,True,False,2025-10-23 16:17:40.406244,2025-10-23 16:17:40.406244,2026-06-21 12:59:48.72761
org-2ad9799e-2df3-4ebb-9563-8772f5638552,Rohan's Org,loc-9dd1eaea-e264-4d51-bffb-1abdc65e3fff,Upsell Testing,catlg-e77cf90f-2b34-4aa0-9eb6-642bef1ac285,Upsell Testing Catalog,itm-a61e2278-50e4-4d38-9f0b-4c7bcd8b7f40,Burrito,0,modgrp-e767c952-37cd-4985-a3fa-257c6846a0f3,No Modifiers,modfr-0b7372d0-1bb2-4248-8b4a-b67edee7aed8,No Chz Sauce,0,False,0,99,True,NULL,NULL,False,,NULL,True,False,2025-10-23 16:17:40.406244,2025-10-23 16:17:40.406244,2026-06-21 12:59:48.72761
org-2ad9799e-2df3-4ebb-9563-8772f5638552,Rohan's Org,loc-9dd1eaea-e264-4d51-bffb-1abdc65e3fff,Upsell Testing,catlg-e77cf90f-2b34-4aa0-9eb6-642bef1ac285,Upsell Testing Catalog,itm-a61e2278-50e4-4d38-9f0b-4c7bcd8b7f40,Burrito,0,modgrp-e767c952-37cd-4985-a3fa-257c6846a0f3,No Modifiers,modfr-26de1c51-bfd2-4899-8028-1da22a4ca6a1,No Mustard,0,False,0,99,True,NULL,NULL,False,,NULL,True,False,2025-10-23 16:17:40.406244,2025-10-23 16:17:40.406244,2026-06-21 12:59:48.72761
org-2ad9799e-2df3-4ebb-9563-8772f5638552,Rohan's Org,loc-9dd1eaea-e264-4d51-bffb-1abdc65e3fff,Upsell Testing,catlg-e77cf90f-2b34-4aa0-9eb6-642bef1ac285,Upsell Testing Catalog,itm-a61e2278-50e4-4d38-9f0b-4c7bcd8b7f40,Burrito,0,modgrp-e767c952-37cd-4985-a3fa-257c6846a0f3,No Modifiers,modfr-2ba6ab29-2e2a-4c6c-b26b-0c8a33c49d27,No Coney Sauce,0,False,0,99,True,NULL,NULL,False,,NULL,True,False,2025-10-23 16:17:40.406244,2025-10-23 16:17:40.406244,2026-06-21 12:59:48.72761
org-2ad9799e-2df3-4ebb-9563-8772f5638552,Rohan's Org,loc-9dd1eaea-e264-4d51-bffb-1abdc65e3fff,Upsell Testing,catlg-e77cf90f-2b34-4aa0-9eb6-642bef1ac285,Upsell Testing Catalog,itm-a61e2278-50e4-4d38-9f0b-4c7bcd8b7f40,Burrito,0,modgrp-e767c952-37cd-4985-a3fa-257c6846a0f3,No Modifiers,modfr-2fb08a9a-746b-4564-a274-52df5a5065eb,Plain,0,False,0,99,True,NULL,NULL,False,,NULL,True,False,2025-10-23 16:17:40.406244,2025-10-23 16:17:40.406244,2026-06-21 12:59:48.72761
org-2ad9799e-2df3-4ebb-9563-8772f5638552,Rohan's Org,loc-9dd1eaea-e264-4d51-bffb-1abdc65e3fff,Upsell Testing,catlg-e77cf90f-2b34-4aa0-9eb6-642bef1ac285,Upsell Testing Catalog,itm-a61e2278-50e4-4d38-9f0b-4c7bcd8b7f40,Burrito,0,modgrp-e767c952-37cd-4985-a3fa-257c6846a0f3,No Modifiers,modfr-a491f2d3-8933-4869-b7c7-5ef9c58139e8,No Pickles,0,False,0,99,True,NULL,NULL,False,,NULL,True,False,2025-10-23 16:17:40.406244,2025-10-23 16:17:40.406244,2026-06-21 12:59:48.72761
org-2ad9799e-2df3-4ebb-9563-8772f5638552,Rohan's Org,loc-9dd1eaea-e264-4d51-bffb-1abdc65e3fff,Upsell Testing,catlg-e77cf90f-2b34-4aa0-9eb6-642bef1ac285,Upsell Testing Catalog,itm-a61e2278-50e4-4d38-9f0b-4c7bcd8b7f40,Burrito,0,modgrp-e767c952-37cd-4985-a3fa-257c6846a0f3,No Modifiers,modfr-bf1e647d-24a2-4b3c-871e-e80f136c628e,No Onions,0,False,0,99,True,NULL,NULL,False,,NULL,True,False,2025-10-23 16:17:40.406244,2025-10-23 16:17:40.406244,2026-06-21 12:59:48.72761
org-2ad9799e-2df3-4ebb-9563-8772f5638552,Rohan's Org,loc-9dd1eaea-e264-4d51-bffb-1abdc65e3fff,Upsell Testing,catlg-e77cf90f-2b34-4aa0-9eb6-642bef1ac285,Upsell Testing Catalog,itm-a61e2278-50e4-4d38-9f0b-4c7bcd8b7f40,Burrito,0,modgrp-e767c952-37cd-4985-a3fa-257c6846a0f3,No Modifiers,modfr-e0dfc9a4-599e-4123-83b6-d5cf860d5d22,No Bun,0,False,0,99,True,NULL,NULL,False,,NULL,True,False,2025-10-23 16:17:40.406244,2025-10-23 16:17:40.406244,2026-06-21 12:59:48.72761
org-tf5i2lw1qz,Sakshi Demo,loc-f9507722-f4c3-45a1-a7a6-6358548bea05,A&w Lab new(Dont take order),catlg-5f49688b-1b0a-4963-9e20-90dba233b023,A&w Lab new(Dont take order) Catalog,itm-59548cb0-dd19-470a-afb7-f5f43bee1979,30pc Corn Dog Nuggets,0,modgrp-49f6b8c4-7d89-420c-9c0d-bacb0d0a372d,Chkn & Seafood Food Modifiers,modfr-5dc1baf2-d571-4895-b1ec-1faad0298879,Seasoning,0,False,0,99,True,NULL,NULL,False,,NULL,True,False,2025-08-22 06:57:39.012654,2025-08-22 06:57:39.012654,2026-06-21 13:00:41.434162
org-tf5i2lw1qz,Sakshi Demo,loc-f9507722-f4c3-45a1-a7a6-6358548bea05,A&w Lab new(Dont take order),catlg-5f49688b-1b0a-4963-9e20-90dba233b023,A&w Lab new(Dont take order) Catalog,itm-59548cb0-dd19-470a-afb7-f5f43bee1979,30pc Corn Dog Nuggets,0,modgrp-49f6b8c4-7d89-420c-9c0d-bacb0d0a372d,Chkn & Seafood Food Modifiers,modfr-600274b1-dd7a-411e-b457-ae171b9f21cb,Pickles,0,False,0,99,True,NULL,NULL,False,,0.5000,True,False,2025-08-22 06:57:39.012653,2025-08-22 06:57:39.012653,2026-06-21 13:00:41.434162
org-tf5i2lw1qz,Sakshi Demo,loc-f9507722-f4c3-45a1-a7a6-6358548bea05,A&w Lab new(Dont take order),catlg-5f49688b-1b0a-4963-9e20-90dba233b023,A&w Lab new(Dont take order) Catalog,itm-59548cb0-dd19-470a-afb7-f5f43bee1979,30pc Corn Dog Nuggets,0,modgrp-49f6b8c4-7d89-420c-9c0d-bacb0d0a372d,Chkn & Seafood Food Modifiers,modfr-60eab4a7-5c2f-4049-8e50-3342b2bc6671,No Seasoning,0,False,0,99,True,NULL,NULL,False,,NULL,True,False,2025-08-22 06:57:39.012657,2025-08-22 06:57:39.012657,2026-06-21 13:00:41.434162
org-tf5i2lw1qz,Sakshi Demo,loc-f9507722-f4c3-45a1-a7a6-6358548bea05,A&w Lab new(Dont take order),catlg-5f49688b-1b0a-4963-9e20-90dba233b023,A&w Lab new(Dont take order) Catalog,itm-59548cb0-dd19-470a-afb7-f5f43bee1979,30pc Corn Dog Nuggets,0,modgrp-49f6b8c4-7d89-420c-9c0d-bacb0d0a372d,Chkn & Seafood Food Modifiers,modfr-62d22f1c-917a-483d-a890-73f1b1ca2708,Malt Vinegar,0,False,0,99,True,NULL,NULL,False,,NULL,True,False,2025-08-22 06:57:39.012682,2025-08-22 06:57:39.012682,2026-06-21 13:00:41.434162
org-tf5i2lw1qz,Sakshi Demo,loc-f9507722-f4c3-45a1-a7a6-6358548bea05,A&w Lab new(Dont take order),catlg-5f49688b-1b0a-4963-9e20-90dba233b023,A&w Lab new(Dont take order) Catalog,itm-59548cb0-dd19-470a-afb7-f5f43bee1979,30pc Corn Dog Nuggets,0,modgrp-49f6b8c4-7d89-420c-9c0d-bacb0d0a372d,Chkn & Seafood Food Modifiers,modfr-680f22d5-bf60-474c-8148-79f661ddf828,Lite Ranch,0,False,0,99,True,NULL,NULL,False,,0.3500,True,False,2025-08-22 06:57:39.012683,2025-08-22 06:57:39.012683,2026-06-21 13:00:41.434162
org-tf5i2lw1qz,Sakshi Demo,loc-f9507722-f4c3-45a1-a7a6-6358548bea05,A&w Lab new(Dont take order),catlg-5f49688b-1b0a-4963-9e20-90dba233b023,A&w Lab new(Dont take order) Catalog,itm-59548cb0-dd19-470a-afb7-f5f43bee1979,30pc Corn Dog Nuggets,0,modgrp-49f6b8c4-7d89-420c-9c0d-bacb0d0a372d,Chkn & Seafood Food Modifiers,modfr-69dda00b-eeb0-4cbe-b96b-2b404ef6e312,Ranch,0,False,0,99,True,NULL,NULL,False,,0.2500,True,False,2025-08-22 06:57:39.012653,2025-08-22 06:57:39.012653,2026-06-21 13:00:41.434162
org-tf5i2lw1qz,Sakshi Demo,loc-f9507722-f4c3-45a1-a7a6-6358548bea05,A&w Lab new(Dont take order),catlg-5f49688b-1b0a-4963-9e20-90dba233b023,A&w Lab new(Dont take order) Catalog,itm-59548cb0-dd19-470a-afb7-f5f43bee1979,30pc Corn Dog Nuggets,0,modgrp-49f6b8c4-7d89-420c-9c0d-bacb0d0a372d,Chkn & Seafood Food Modifiers,modfr-78d1279f-4708-41eb-837d-aa1dab26a9a2,Gravy,0,False,0,99,True,NULL,NULL,False,,0.5000,True,False,2025-08-22 06:57:39.012682,2025-08-22 06:57:39.012682,2026-06-21 13:00:41.434162
org-tf5i2lw1qz,Sakshi Demo,loc-f9507722-f4c3-45a1-a7a6-6358548bea05,A&w Lab new(Dont take order),catlg-5f49688b-1b0a-4963-9e20-90dba233b023,A&w Lab new(Dont take order) Catalog,itm-59548cb0-dd19-470a-afb7-f5f43bee1979,30pc Corn Dog Nuggets,0,modgrp-49f6b8c4-7d89-420c-9c0d-bacb0d0a372d,Chkn & Seafood Food Modifiers,modfr-7a12af52-8317-4930-a8ce-5b00c094ebef,Lemon,0,False,0,99,True,NULL,NULL,False,,NULL,True,False,2025-08-22 06:57:39.012682,2025-08-22 06:57:39.012682,2026-06-21 13:00:41.434162
org-tf5i2lw1qz,Sakshi Demo,loc-f9507722-f4c3-45a1-a7a6-6358548bea05,A&w Lab new(Dont take order),catlg-5f49688b-1b0a-4963-9e20-90dba233b023,A&w Lab new(Dont take order) Catalog,itm-59548cb0-dd19-470a-afb7-f5f43bee1979,30pc Corn Dog Nuggets,0,modgrp-49f6b8c4-7d89-420c-9c0d-bacb0d0a372d,Chkn & Seafood Food Modifiers,modfr-9f3f04e5-4a97-4b29-982d-a463fcb73294,Note To Kitchen,0,False,0,99,True,NULL,NULL,False,,NULL,True,False,2025-08-22 06:57:39.012655,2025-08-22 06:57:39.012655,2026-06-21 13:00:41.434162
org-tf5i2lw1qz,Sakshi Demo,loc-f9507722-f4c3-45a1-a7a6-6358548bea05,A&w Lab new(Dont take order),catlg-5f49688b-1b0a-4963-9e20-90dba233b023,A&w Lab new(Dont take order) Catalog,itm-59548cb0-dd19-470a-afb7-f5f43bee1979,30pc Corn Dog Nuggets,0,modgrp-49f6b8c4-7d89-420c-9c0d-bacb0d0a372d,Chkn & Seafood Food Modifiers,modfr-a303b140-9347-41c1-b406-9cabade32e91,See Server,0,False,0,99,True,NULL,NULL,False,,NULL,True,False,2025-08-22 06:57:39.012646,2025-08-22 06:57:39.012646,2026-06-21 13:00:41.434162
org-tf5i2lw1qz,Sakshi Demo,loc-f9507722-f4c3-45a1-a7a6-6358548bea05,A&w Lab new(Dont take order),catlg-5f49688b-1b0a-4963-9e20-90dba233b023,A&w Lab new(Dont take order) Catalog,itm-59548cb0-dd19-470a-afb7-f5f43bee1979,30pc Corn Dog Nuggets,0,modgrp-49f6b8c4-7d89-420c-9c0d-bacb0d0a372d,Chkn & Seafood Food Modifiers,modfr-a6b7a778-e5b5-432f-af9d-13f05ef0647d,Tomato,0,False,0,99,True,NULL,NULL,False,,0.5000,True,False,2025-08-22 06:57:39.012655,2025-08-22 06:57:39.012655,2026-06-21 13:00:41.434162
org-tf5i2lw1qz,Sakshi Demo,loc-f9507722-f4c3-45a1-a7a6-6358548bea05,A&w Lab new(Dont take order),catlg-5f49688b-1b0a-4963-9e20-90dba233b023,A&w Lab new(Dont take order) Catalog,itm-59548cb0-dd19-470a-afb7-f5f43bee1979,30pc Corn Dog Nuggets,0,modgrp-49f6b8c4-7d89-420c-9c0d-bacb0d0a372d,Chkn & Seafood Food Modifiers,modfr-a9fbc7f2-c0a8-4b08-a885-2396099d20a7,Crispy,0,False,0,99,True,NULL,NULL,False,,NULL,True,False,2025-08-22 06:57:39.012657,2025-08-22 06:57:39.012657,2026-06-21 13:00:41.434162
org-tf5i2lw1qz,Sakshi Demo,loc-f9507722-f4c3-45a1-a7a6-6358548bea05,A&w Lab new(Dont take order),catlg-5f49688b-1b0a-4963-9e20-90dba233b023,A&w Lab new(Dont take order) Catalog,itm-59548cb0-dd19-470a-afb7-f5f43bee1979,30pc Corn Dog Nuggets,0,modgrp-49f6b8c4-7d89-420c-9c0d-bacb0d0a372d,Chkn & Seafood Food Modifiers,modfr-ab32817c-f837-4805-836f-7be8ddf09b83,Grilled Onions,0,False,0,99,True,NULL,NULL,False,,0.5000,True,False,2025-08-22 06:57:39.012651,2025-08-22 06:57:39.012651,2026-06-21 13:00:41.434162
org-tf5i2lw1qz,Sakshi Demo,loc-f9507722-f4c3-45a1-a7a6-6358548bea05,A&w Lab new(Dont take order),catlg-5f49688b-1b0a-4963-9e20-90dba233b023,A&w Lab new(Dont take order) Catalog,itm-59548cb0-dd19-470a-afb7-f5f43bee1979,30pc Corn Dog Nuggets,0,modgrp-49f6b8c4-7d89-420c-9c0d-bacb0d0a372d,Chkn & Seafood Food Modifiers,modfr-ae57378e-5cf5-4b7a-ac2d-5792d81252d7,Salt,0,False,0,99,True,NULL,NULL,False,,NULL,True,False,2025-08-22 06:57:39.012654,2025-08-22 06:57:39.012654,2026-06-21 13:00:41.434162
org-tf5i2lw1qz,Sakshi Demo,loc-f9507722-f4c3-45a1-a7a6-6358548bea05,A&w Lab new(Dont take order),catlg-5f49688b-1b0a-4963-9e20-90dba233b023,A&w Lab new(Dont take order) Catalog,itm-59548cb0-dd19-470a-afb7-f5f43bee1979,30pc Corn Dog Nuggets,0,modgrp-49f6b8c4-7d89-420c-9c0d-bacb0d0a372d,Chkn & Seafood Food Modifiers,modfr-b20c0605-f799-4d08-a072-f7f7f4986398,Sweet Thai Chili,0,False,0,99,True,NULL,NULL,False,,0.2500,True,False,2025-08-22 06:57:39.012657,2025-08-22 06:57:39.012657,2026-06-21 13:00:41.434162
org-tf5i2lw1qz,Sakshi Demo,loc-f9507722-f4c3-45a1-a7a6-6358548bea05,A&w Lab new(Dont take order),catlg-5f49688b-1b0a-4963-9e20-90dba233b023,A&w Lab new(Dont take order) Catalog,itm-59548cb0-dd19-470a-afb7-f5f43bee1979,30pc Corn Dog Nuggets,0,modgrp-49f6b8c4-7d89-420c-9c0d-bacb0d0a372d,Chkn & Seafood Food Modifiers,modfr-b286d49a-7dca-411a-824f-016be46ee189,Fry Sauce,0,False,0,99,True,NULL,NULL,False,,0.5000,True,False,2025-08-22 06:57:39.012658,2025-08-22 06:57:39.012658,2026-06-21 13:00:41.434162
org-tf5i2lw1qz,Sakshi Demo,loc-f9507722-f4c3-45a1-a7a6-6358548bea05,A&w Lab new(Dont take order),catlg-5f49688b-1b0a-4963-9e20-90dba233b023,A&w Lab new(Dont take order) Catalog,itm-59548cb0-dd19-470a-afb7-f5f43bee1979,30pc Corn Dog Nuggets,0,modgrp-49f6b8c4-7d89-420c-9c0d-bacb0d0a372d,Chkn & Seafood Food Modifiers,modfr-b3b90b5d-dca0-4d7f-8d36-a4912ea1dd6f,Plain,0,False,0,99,True,NULL,NULL,False,,NULL,True,False,2025-08-22 06:57:39.012645,2025-08-22 06:57:39.012645,2026-06-21 13:00:41.434162
org-2ad9799e-2df3-4ebb-9563-8772f5638552,Rohan's Org,loc-9dd1eaea-e264-4d51-bffb-1abdc65e3fff,Upsell Testing,catlg-e77cf90f-2b34-4aa0-9eb6-642bef1ac285,Upsell Testing Catalog,itm-a61e2278-50e4-4d38-9f0b-4c7bcd8b7f40,Burrito,0,modgrp-e767c952-37cd-4985-a3fa-257c6846a0f3,No Modifiers,modfr-f61ee007-c17e-44fd-8087-04705a7a61f3,No Ketchup,0,False,0,99,True,NULL,NULL,False,,NULL,True,False,2025-10-23 16:17:40.406244,2025-10-23 16:17:40.406244,2026-06-21 12:59:48.72761
org-2ad9799e-2df3-4ebb-9563-8772f5638552,Rohan's Org,loc-9dd1eaea-e264-4d51-bffb-1abdc65e3fff,Upsell Testing,catlg-e77cf90f-2b34-4aa0-9eb6-642bef1ac285,Upsell Testing Catalog,itm-a61e2278-50e4-4d38-9f0b-4c7bcd8b7f40,Burrito,0,modgrp-e767c952-37cd-4985-a3fa-257c6846a0f3,No Modifiers,modfr-fa480376-d051-4200-a84d-8eea84ab6995,No Sweet Relish,0,False,0,99,True,NULL,NULL,False,,NULL,True,False,2025-10-23 16:17:40.406244,2025-10-23 16:17:40.406244,2026-06-21 12:59:48.72761
org-2ad9799e-2df3-4ebb-9563-8772f5638552,Rohan's Org,loc-9dd1eaea-e264-4d51-bffb-1abdc65e3fff,Upsell Testing,catlg-e77cf90f-2b34-4aa0-9eb6-642bef1ac285,Upsell Testing Catalog,itm-c32fc751-5427-4736-9e4d-61281782f0eb,Papa Double,0,modgrp-4bec82c6-f7a4-4c04-899b-155c47734ce1,Food Modifiers,modfr-0116a279-a1e3-4058-b254-6d9f5d5b657a,Fry Sauce,0,False,0,99,True,NULL,NULL,False,,0.5000,True,False,2025-10-23 16:17:40.406244,2025-10-23 16:17:40.406244,2026-06-21 12:59:48.72761
org-2ad9799e-2df3-4ebb-9563-8772f5638552,Rohan's Org,loc-9dd1eaea-e264-4d51-bffb-1abdc65e3fff,Upsell Testing,catlg-e77cf90f-2b34-4aa0-9eb6-642bef1ac285,Upsell Testing Catalog,itm-c32fc751-5427-4736-9e4d-61281782f0eb,Papa Double,0,modgrp-4bec82c6-f7a4-4c04-899b-155c47734ce1,Food Modifiers,modfr-0308586d-5728-483f-bf53-e8fdad9f8d1c,Note To Kitchen,0,False,0,99,True,NULL,NULL,False,,NULL,True,False,2025-10-23 16:17:40.406244,2025-10-23 16:17:40.406244,2026-06-21 12:59:48.72761
org-2ad9799e-2df3-4ebb-9563-8772f5638552,Rohan's Org,loc-9dd1eaea-e264-4d51-bffb-1abdc65e3fff,Upsell Testing,catlg-e77cf90f-2b34-4aa0-9eb6-642bef1ac285,Upsell Testing Catalog,itm-c32fc751-5427-4736-9e4d-61281782f0eb,Papa Double,0,modgrp-4bec82c6-f7a4-4c04-899b-155c47734ce1,Food Modifiers,modfr-0d5020ff-83e7-4cd1-bd5c-5bcec2b994d1,Mozzarella Chz,0,False,0,99,True,NULL,NULL,False,,0.6000,True,False,2025-10-23 16:17:40.406244,2025-10-23 16:17:40.406244,2026-06-21 12:59:48.72761
org-2ad9799e-2df3-4ebb-9563-8772f5638552,Rohan's Org,loc-9dd1eaea-e264-4d51-bffb-1abdc65e3fff,Upsell Testing,catlg-e77cf90f-2b34-4aa0-9eb6-642bef1ac285,Upsell Testing Catalog,itm-c32fc751-5427-4736-9e4d-61281782f0eb,Papa Double,0,modgrp-4bec82c6-f7a4-4c04-899b-155c47734ce1,Food Modifiers,modfr-0fbd57a8-1759-4988-8aa9-98a52feefffe,Beyond Patty,0,False,0,99,True,NULL,NULL,False,,3.0000,True,False,2025-10-23 16:17:40.406244,2025-10-23 16:17:40.406244,2026-06-21 12:59:48.72761
org-2ad9799e-2df3-4ebb-9563-8772f5638552,Rohan's Org,loc-9dd1eaea-e264-4d51-bffb-1abdc65e3fff,Upsell Testing,catlg-e77cf90f-2b34-4aa0-9eb6-642bef1ac285,Upsell Testing Catalog,itm-c32fc751-5427-4736-9e4d-61281782f0eb,Papa Double,0,modgrp-4bec82c6-f7a4-4c04-899b-155c47734ce1,Food Modifiers,modfr-1238e3aa-8feb-47d3-b503-87d5ab415bf1,2 Onion Rings,0,False,0,99,True,NULL,NULL,False,,1.0000,True,False,2025-10-23 16:17:40.406244,2025-10-23 16:17:40.406244,2026-06-21 12:59:48.72761
org-2ad9799e-2df3-4ebb-9563-8772f5638552,Rohan's Org,loc-9dd1eaea-e264-4d51-bffb-1abdc65e3fff,Upsell Testing,catlg-e77cf90f-2b34-4aa0-9eb6-642bef1ac285,Upsell Testing Catalog,itm-c32fc751-5427-4736-9e4d-61281782f0eb,Papa Double,0,modgrp-4bec82c6-f7a4-4c04-899b-155c47734ce1,Food Modifiers,modfr-14e28ec8-e2fd-431d-932c-03ca069202d3,Bun,0,False,0,99,True,NULL,NULL,False,,0.6000,True,False,2025-10-23 16:17:40.406244,2025-10-23 16:17:40.406244,2026-06-21 12:59:48.72761
org-2ad9799e-2df3-4ebb-9563-8772f5638552,Rohan's Org,loc-9dd1eaea-e264-4d51-bffb-1abdc65e3fff,Upsell Testing,catlg-e77cf90f-2b34-4aa0-9eb6-642bef1ac285,Upsell Testing Catalog,itm-c32fc751-5427-4736-9e4d-61281782f0eb,Papa Double,0,modgrp-4bec82c6-f7a4-4c04-899b-155c47734ce1,Food Modifiers,modfr-19eaa48e-6063-4f23-9a15-f51f23d09e75,No Seasoning,0,False,0,99,True,NULL,NULL,False,,NULL,True,False,2025-10-23 16:17:40.406244,2025-10-23 16:17:40.406244,2026-06-21 12:59:48.72761
org-2ad9799e-2df3-4ebb-9563-8772f5638552,Rohan's Org,loc-9dd1eaea-e264-4d51-bffb-1abdc65e3fff,Upsell Testing,catlg-e77cf90f-2b34-4aa0-9eb6-642bef1ac285,Upsell Testing Catalog,itm-c32fc751-5427-4736-9e4d-61281782f0eb,Papa Double,0,modgrp-4bec82c6-f7a4-4c04-899b-155c47734ce1,Food Modifiers,modfr-1a1da687-1152-40e9-9c6e-0588a3f85ecd,Sweet Thai Chili,0,False,0,99,True,NULL,NULL,False,,0.2500,True,False,2025-10-23 16:17:40.406244,2025-10-23 16:17:40.406244,2026-06-21 12:59:48.72761
org-2ad9799e-2df3-4ebb-9563-8772f5638552,Rohan's Org,loc-9dd1eaea-e264-4d51-bffb-1abdc65e3fff,Upsell Testing,catlg-e77cf90f-2b34-4aa0-9eb6-642bef1ac285,Upsell Testing Catalog,itm-c32fc751-5427-4736-9e4d-61281782f0eb,Papa Double,0,modgrp-4bec82c6-f7a4-4c04-899b-155c47734ce1,Food Modifiers,modfr-1eea5019-2f0f-4ac4-9927-e00f915b3c61,Seasoning,0,False,0,99,True,NULL,NULL,False,,NULL,True,False,2025-10-23 16:17:40.406244,2025-10-23 16:17:40.406244,2026-06-21 12:59:48.72761
org-2ad9799e-2df3-4ebb-9563-8772f5638552,Rohan's Org,loc-9dd1eaea-e264-4d51-bffb-1abdc65e3fff,Upsell Testing,catlg-e77cf90f-2b34-4aa0-9eb6-642bef1ac285,Upsell Testing Catalog,itm-c32fc751-5427-4736-9e4d-61281782f0eb,Papa Double,0,modgrp-4bec82c6-f7a4-4c04-899b-155c47734ce1,Food Modifiers,modfr-1fc9272c-28bd-4818-bb73-4aa31fed286b,Pickles,0,False,0,99,True,NULL,NULL,False,,0.5000,True,False,2025-10-23 16:17:40.406244,2025-10-23 16:17:40.406244,2026-06-21 12:59:48.72761
org-2ad9799e-2df3-4ebb-9563-8772f5638552,Rohan's Org,loc-9dd1eaea-e264-4d51-bffb-1abdc65e3fff,Upsell Testing,catlg-e77cf90f-2b34-4aa0-9eb6-642bef1ac285,Upsell Testing Catalog,itm-c32fc751-5427-4736-9e4d-61281782f0eb,Papa Double,0,modgrp-4bec82c6-f7a4-4c04-899b-155c47734ce1,Food Modifiers,modfr-20f0734a-06cb-48fe-a164-08d7dd846e02,**Peanut Allergy**,0,False,0,99,True,NULL,NULL,False,,NULL,True,False,2025-10-23 16:17:40.406244,2025-10-23 16:17:40.406244,2026-06-21 12:59:48.72761
org-2ad9799e-2df3-4ebb-9563-8772f5638552,Rohan's Org,loc-9dd1eaea-e264-4d51-bffb-1abdc65e3fff,Upsell Testing,catlg-e77cf90f-2b34-4aa0-9eb6-642bef1ac285,Upsell Testing Catalog,itm-c32fc751-5427-4736-9e4d-61281782f0eb,Papa Double,0,modgrp-4bec82c6-f7a4-4c04-899b-155c47734ce1,Food Modifiers,modfr-22cb319e-2d5d-4af1-8d0b-2d666e351b74,Tomato,0,False,0,99,True,NULL,NULL,False,,0.5000,True,False,2025-10-23 16:17:40.406244,2025-10-23 16:17:40.406244,2026-06-21 12:59:48.72761
org-2ad9799e-2df3-4ebb-9563-8772f5638552,Rohan's Org,loc-9dd1eaea-e264-4d51-bffb-1abdc65e3fff,Upsell Testing,catlg-e77cf90f-2b34-4aa0-9eb6-642bef1ac285,Upsell Testing Catalog,itm-c32fc751-5427-4736-9e4d-61281782f0eb,Papa Double,0,modgrp-4bec82c6-f7a4-4c04-899b-155c47734ce1,Food Modifiers,modfr-2464c2cb-9427-4d03-8914-3d4acb108685,Crispy,0,False,0,99,True,NULL,NULL,False,,NULL,True,False,2025-10-23 16:17:40.406244,2025-10-23 16:17:40.406244,2026-06-21 12:59:48.72761
org-2ad9799e-2df3-4ebb-9563-8772f5638552,Rohan's Org,loc-9dd1eaea-e264-4d51-bffb-1abdc65e3fff,Upsell Testing,catlg-e77cf90f-2b34-4aa0-9eb6-642bef1ac285,Upsell Testing Catalog,itm-c32fc751-5427-4736-9e4d-61281782f0eb,Papa Double,0,modgrp-4bec82c6-f7a4-4c04-899b-155c47734ce1,Food Modifiers,modfr-2d209fd1-dd87-43d3-af7a-1a847c5ed9de,Burger Patty,0,False,0,99,True,NULL,NULL,False,,2.0000,True,False,2025-10-23 16:17:40.406244,2025-10-23 16:17:40.406244,2026-06-21 12:59:48.72761
org-2ad9799e-2df3-4ebb-9563-8772f5638552,Rohan's Org,loc-9dd1eaea-e264-4d51-bffb-1abdc65e3fff,Upsell Testing,catlg-e77cf90f-2b34-4aa0-9eb6-642bef1ac285,Upsell Testing Catalog,itm-c32fc751-5427-4736-9e4d-61281782f0eb,Papa Double,0,modgrp-4bec82c6-f7a4-4c04-899b-155c47734ce1,Food Modifiers,modfr-2e001d3f-425d-4a60-8c4a-a49b3b6fbd83,No Burger Patty,0,False,0,99,True,NULL,NULL,False,,NULL,True,False,2025-10-23 16:17:40.406244,2025-10-23 16:17:40.406244,2026-06-21 12:59:48.72761
org-2ad9799e-2df3-4ebb-9563-8772f5638552,Rohan's Org,loc-9dd1eaea-e264-4d51-bffb-1abdc65e3fff,Upsell Testing,catlg-e77cf90f-2b34-4aa0-9eb6-642bef1ac285,Upsell Testing Catalog,itm-c32fc751-5427-4736-9e4d-61281782f0eb,Papa Double,0,modgrp-4bec82c6-f7a4-4c04-899b-155c47734ce1,Food Modifiers,modfr-2f3add64-4973-4430-8b50-ef3435481100,Mushrooms,0,False,0,99,True,NULL,NULL,False,,0.5000,True,False,2025-10-23 16:17:40.406244,2025-10-23 16:17:40.406244,2026-06-21 12:59:48.72761
org-tf5i2lw1qz,Sakshi Demo,loc-f9507722-f4c3-45a1-a7a6-6358548bea05,A&w Lab new(Dont take order),catlg-5f49688b-1b0a-4963-9e20-90dba233b023,A&w Lab new(Dont take order) Catalog,itm-59548cb0-dd19-470a-afb7-f5f43bee1979,30pc Corn Dog Nuggets,0,modgrp-49f6b8c4-7d89-420c-9c0d-bacb0d0a372d,Chkn & Seafood Food Modifiers,modfr-b46d34e1-792d-4ef3-bd3b-707f99be7fe6,Hot Sauce,0,False,0,99,True,NULL,NULL,False,,0.2500,True,False,2025-08-22 06:57:39.012682,2025-08-22 06:57:39.012682,2026-06-21 13:00:41.434162
org-tf5i2lw1qz,Sakshi Demo,loc-f9507722-f4c3-45a1-a7a6-6358548bea05,A&w Lab new(Dont take order),catlg-5f49688b-1b0a-4963-9e20-90dba233b023,A&w Lab new(Dont take order) Catalog,itm-59548cb0-dd19-470a-afb7-f5f43bee1979,30pc Corn Dog Nuggets,0,modgrp-49f6b8c4-7d89-420c-9c0d-bacb0d0a372d,Chkn & Seafood Food Modifiers,modfr-b5669eac-1683-40bf-bc53-6ebec4b8daf9,**Peanut Allergy**,0,False,0,99,True,NULL,NULL,False,,NULL,True,False,2025-08-22 06:57:39.012643,2025-08-22 06:57:39.012643,2026-06-21 13:00:41.434162
org-tf5i2lw1qz,Sakshi Demo,loc-f9507722-f4c3-45a1-a7a6-6358548bea05,A&w Lab new(Dont take order),catlg-5f49688b-1b0a-4963-9e20-90dba233b023,A&w Lab new(Dont take order) Catalog,itm-59548cb0-dd19-470a-afb7-f5f43bee1979,30pc Corn Dog Nuggets,0,modgrp-49f6b8c4-7d89-420c-9c0d-bacb0d0a372d,Chkn & Seafood Food Modifiers,modfr-b8f629cb-ba8f-4107-9aab-a17fb40b7bbe,Fat Free Italian,0,False,0,99,True,NULL,NULL,False,,0.3500,True,False,2025-08-22 06:57:39.012684,2025-08-22 06:57:39.012684,2026-06-21 13:00:41.434162
org-tf5i2lw1qz,Sakshi Demo,loc-f9507722-f4c3-45a1-a7a6-6358548bea05,A&w Lab new(Dont take order),catlg-5f49688b-1b0a-4963-9e20-90dba233b023,A&w Lab new(Dont take order) Catalog,itm-59548cb0-dd19-470a-afb7-f5f43bee1979,30pc Corn Dog Nuggets,0,modgrp-49f6b8c4-7d89-420c-9c0d-bacb0d0a372d,Chkn & Seafood Food Modifiers,modfr-c2a93153-69be-4086-a9a3-330b1276b6e8,3 Pepper Fire Sauce,0,False,0,99,True,NULL,NULL,False,,0.2500,True,False,2025-08-22 06:57:39.01266,2025-08-22 06:57:39.01266,2026-06-21 13:00:41.434162
org-tf5i2lw1qz,Sakshi Demo,loc-f9507722-f4c3-45a1-a7a6-6358548bea05,A&w Lab new(Dont take order),catlg-5f49688b-1b0a-4963-9e20-90dba233b023,A&w Lab new(Dont take order) Catalog,itm-59548cb0-dd19-470a-afb7-f5f43bee1979,30pc Corn Dog Nuggets,0,modgrp-49f6b8c4-7d89-420c-9c0d-bacb0d0a372d,Chkn & Seafood Food Modifiers,modfr-c88c7b28-fe0d-4f98-a956-f8a4dc9aa853,Blue Cheese,0,False,0,99,True,NULL,NULL,False,,NULL,True,False,2025-08-22 06:57:39.012683,2025-08-22 06:57:39.012683,2026-06-21 13:00:41.434162
org-tf5i2lw1qz,Sakshi Demo,loc-f9507722-f4c3-45a1-a7a6-6358548bea05,A&w Lab new(Dont take order),catlg-5f49688b-1b0a-4963-9e20-90dba233b023,A&w Lab new(Dont take order) Catalog,itm-59548cb0-dd19-470a-afb7-f5f43bee1979,30pc Corn Dog Nuggets,0,modgrp-49f6b8c4-7d89-420c-9c0d-bacb0d0a372d,Chkn & Seafood Food Modifiers,modfr-cb5581a2-b334-4496-b1a3-97e1cc2e7e12,Salad Dressing,0,False,0,99,True,NULL,NULL,False,,NULL,True,False,2025-08-22 06:57:39.012653,2025-08-22 06:57:39.012653,2026-06-21 13:00:41.434162
org-tf5i2lw1qz,Sakshi Demo,loc-f9507722-f4c3-45a1-a7a6-6358548bea05,A&w Lab new(Dont take order),catlg-5f49688b-1b0a-4963-9e20-90dba233b023,A&w Lab new(Dont take order) Catalog,itm-59548cb0-dd19-470a-afb7-f5f43bee1979,30pc Corn Dog Nuggets,0,modgrp-49f6b8c4-7d89-420c-9c0d-bacb0d0a372d,Chkn & Seafood Food Modifiers,modfr-d623fa49-7924-491d-b2b5-c28ee40c82b4,Swiss Cheese,0,False,0,99,True,NULL,NULL,False,,0.5000,True,False,2025-08-22 06:57:39.012654,2025-08-22 06:57:39.012654,2026-06-21 13:00:41.434162
org-tf5i2lw1qz,Sakshi Demo,loc-f9507722-f4c3-45a1-a7a6-6358548bea05,A&w Lab new(Dont take order),catlg-5f49688b-1b0a-4963-9e20-90dba233b023,A&w Lab new(Dont take order) Catalog,itm-59548cb0-dd19-470a-afb7-f5f43bee1979,30pc Corn Dog Nuggets,0,modgrp-49f6b8c4-7d89-420c-9c0d-bacb0d0a372d,Chkn & Seafood Food Modifiers,modfr-d718469d-2b34-4725-8067-e43f02e2fdad,Bacon,0,False,0,99,True,NULL,NULL,False,,1.0000,True,False,2025-08-22 06:57:39.012649,2025-08-22 06:57:39.012649,2026-06-21 13:00:41.434162
org-tf5i2lw1qz,Sakshi Demo,loc-f9507722-f4c3-45a1-a7a6-6358548bea05,A&w Lab new(Dont take order),catlg-5f49688b-1b0a-4963-9e20-90dba233b023,A&w Lab new(Dont take order) Catalog,itm-59548cb0-dd19-470a-afb7-f5f43bee1979,30pc Corn Dog Nuggets,0,modgrp-49f6b8c4-7d89-420c-9c0d-bacb0d0a372d,Chkn & Seafood Food Modifiers,modfr-d88041f9-10d3-4a55-a6dc-3adc14488946,American Chz,0,False,0,99,True,NULL,0,False,1 cal,0.5000,True,False,2025-08-22 06:57:39.012648,2025-08-22 06:57:39.012648,2026-06-21 13:00:41.434162
org-tf5i2lw1qz,Sakshi Demo,loc-f9507722-f4c3-45a1-a7a6-6358548bea05,A&w Lab new(Dont take order),catlg-5f49688b-1b0a-4963-9e20-90dba233b023,A&w Lab new(Dont take order) Catalog,itm-59548cb0-dd19-470a-afb7-f5f43bee1979,30pc Corn Dog Nuggets,0,modgrp-49f6b8c4-7d89-420c-9c0d-bacb0d0a372d,Chkn & Seafood Food Modifiers,modfr-dd6d1f38-19d2-4155-8311-a94dcf8ee31e,Mustard,0,False,0,99,True,NULL,NULL,False,,NULL,True,False,2025-08-22 06:57:39.012652,2025-08-22 06:57:39.012652,2026-06-21 13:00:41.434162
org-tf5i2lw1qz,Sakshi Demo,loc-f9507722-f4c3-45a1-a7a6-6358548bea05,A&w Lab new(Dont take order),catlg-5f49688b-1b0a-4963-9e20-90dba233b023,A&w Lab new(Dont take order) Catalog,itm-59548cb0-dd19-470a-afb7-f5f43bee1979,30pc Corn Dog Nuggets,0,modgrp-49f6b8c4-7d89-420c-9c0d-bacb0d0a372d,Chkn & Seafood Food Modifiers,modfr-ddec8a33-674e-41fb-8a19-39d169a176fb,Buffalo Sauce,0,False,0,99,True,NULL,NULL,False,,0.2500,True,False,2025-08-22 06:57:39.012656,2025-08-22 06:57:39.012656,2026-06-21 13:00:41.434162
org-tf5i2lw1qz,Sakshi Demo,loc-f9507722-f4c3-45a1-a7a6-6358548bea05,A&w Lab new(Dont take order),catlg-5f49688b-1b0a-4963-9e20-90dba233b023,A&w Lab new(Dont take order) Catalog,itm-59548cb0-dd19-470a-afb7-f5f43bee1979,30pc Corn Dog Nuggets,0,modgrp-49f6b8c4-7d89-420c-9c0d-bacb0d0a372d,Chkn & Seafood Food Modifiers,modfr-e14b30a1-8ea8-4be3-aadc-405a05d8e1a7,Fish Sandwich,0,False,0,99,True,NULL,NULL,False,,5.9900,True,False,2025-08-22 06:57:39.012682,2025-08-22 06:57:39.012682,2026-06-21 13:00:41.434162
org-tf5i2lw1qz,Sakshi Demo,loc-f9507722-f4c3-45a1-a7a6-6358548bea05,A&w Lab new(Dont take order),catlg-5f49688b-1b0a-4963-9e20-90dba233b023,A&w Lab new(Dont take order) Catalog,itm-59548cb0-dd19-470a-afb7-f5f43bee1979,30pc Corn Dog Nuggets,0,modgrp-49f6b8c4-7d89-420c-9c0d-bacb0d0a372d,Chkn & Seafood Food Modifiers,modfr-e17f370c-e3d2-4932-988f-392c24871efd,Sweet & Sour,0,False,0,99,True,NULL,NULL,False,,NULL,True,False,2025-08-22 06:57:39.012656,2025-08-22 06:57:39.012656,2026-06-21 13:00:41.434162
org-tf5i2lw1qz,Sakshi Demo,loc-f9507722-f4c3-45a1-a7a6-6358548bea05,A&w Lab new(Dont take order),catlg-5f49688b-1b0a-4963-9e20-90dba233b023,A&w Lab new(Dont take order) Catalog,itm-59548cb0-dd19-470a-afb7-f5f43bee1979,30pc Corn Dog Nuggets,0,modgrp-49f6b8c4-7d89-420c-9c0d-bacb0d0a372d,Chkn & Seafood Food Modifiers,modfr-e9f0ed73-caff-416c-b915-9524611da21b,Lite Italian,0,False,0,99,True,NULL,NULL,False,,NULL,True,False,2025-08-22 06:57:39.012683,2025-08-22 06:57:39.012683,2026-06-21 13:00:41.434162
org-tf5i2lw1qz,Sakshi Demo,loc-f9507722-f4c3-45a1-a7a6-6358548bea05,A&w Lab new(Dont take order),catlg-5f49688b-1b0a-4963-9e20-90dba233b023,A&w Lab new(Dont take order) Catalog,itm-59548cb0-dd19-470a-afb7-f5f43bee1979,30pc Corn Dog Nuggets,0,modgrp-49f6b8c4-7d89-420c-9c0d-bacb0d0a372d,Chkn & Seafood Food Modifiers,modfr-ef7dada3-85d5-4173-bc25-17d1956e0bd6,Cut,0,False,0,99,True,NULL,NULL,False,,NULL,True,False,2025-08-22 06:57:39.012657,2025-08-22 06:57:39.012657,2026-06-21 13:00:41.434162
org-tf5i2lw1qz,Sakshi Demo,loc-f9507722-f4c3-45a1-a7a6-6358548bea05,A&w Lab new(Dont take order),catlg-5f49688b-1b0a-4963-9e20-90dba233b023,A&w Lab new(Dont take order) Catalog,itm-59548cb0-dd19-470a-afb7-f5f43bee1979,30pc Corn Dog Nuggets,0,modgrp-49f6b8c4-7d89-420c-9c0d-bacb0d0a372d,Chkn & Seafood Food Modifiers,modfr-f4138fb9-f3f4-4a64-aa63-eb3ffbe5d360,Italian,0,False,0,99,True,NULL,NULL,False,,NULL,True,False,2025-08-22 06:57:39.012682,2025-08-22 06:57:39.012682,2026-06-21 13:00:41.434162
org-tf5i2lw1qz,Sakshi Demo,loc-f9507722-f4c3-45a1-a7a6-6358548bea05,A&w Lab new(Dont take order),catlg-5f49688b-1b0a-4963-9e20-90dba233b023,A&w Lab new(Dont take order) Catalog,itm-59548cb0-dd19-470a-afb7-f5f43bee1979,30pc Corn Dog Nuggets,0,modgrp-49f6b8c4-7d89-420c-9c0d-bacb0d0a372d,Chkn & Seafood Food Modifiers,modfr-f45843a2-62e3-401e-8dcb-8854b7b39b2d,Well Done,0,False,0,99,True,NULL,NULL,False,,NULL,True,False,2025-08-22 06:57:39.01266,2025-08-22 06:57:39.01266,2026-06-21 13:00:41.434162
org-2ad9799e-2df3-4ebb-9563-8772f5638552,Rohan's Org,loc-9dd1eaea-e264-4d51-bffb-1abdc65e3fff,Upsell Testing,catlg-e77cf90f-2b34-4aa0-9eb6-642bef1ac285,Upsell Testing Catalog,itm-c32fc751-5427-4736-9e4d-61281782f0eb,Papa Double,0,modgrp-4bec82c6-f7a4-4c04-899b-155c47734ce1,Food Modifiers,modfr-2fb08a9a-746b-4564-a274-52df5a5065eb,Plain,0,False,0,99,True,NULL,NULL,False,,NULL,True,False,2025-10-23 16:17:40.406244,2025-10-23 16:17:40.406244,2026-06-21 12:59:48.72761
org-2ad9799e-2df3-4ebb-9563-8772f5638552,Rohan's Org,loc-9dd1eaea-e264-4d51-bffb-1abdc65e3fff,Upsell Testing,catlg-e77cf90f-2b34-4aa0-9eb6-642bef1ac285,Upsell Testing Catalog,itm-c32fc751-5427-4736-9e4d-61281782f0eb,Papa Double,0,modgrp-4bec82c6-f7a4-4c04-899b-155c47734ce1,Food Modifiers,modfr-31284282-ca54-440b-ac68-bdb722ac1566,No Salt,0,False,0,99,True,NULL,NULL,False,,NULL,True,False,2025-10-23 16:17:40.406244,2025-10-23 16:17:40.406244,2026-06-21 12:59:48.72761
org-2ad9799e-2df3-4ebb-9563-8772f5638552,Rohan's Org,loc-9dd1eaea-e264-4d51-bffb-1abdc65e3fff,Upsell Testing,catlg-e77cf90f-2b34-4aa0-9eb6-642bef1ac285,Upsell Testing Catalog,itm-c32fc751-5427-4736-9e4d-61281782f0eb,Papa Double,0,modgrp-4bec82c6-f7a4-4c04-899b-155c47734ce1,Food Modifiers,modfr-32c220c5-fb9e-4ddd-a9dd-ccef8af65e93,Buffalo Sauce,0,False,0,99,True,NULL,NULL,False,,0.2500,True,False,2025-10-23 16:17:40.406244,2025-10-23 16:17:40.406244,2026-06-21 12:59:48.72761
org-2ad9799e-2df3-4ebb-9563-8772f5638552,Rohan's Org,loc-9dd1eaea-e264-4d51-bffb-1abdc65e3fff,Upsell Testing,catlg-e77cf90f-2b34-4aa0-9eb6-642bef1ac285,Upsell Testing Catalog,itm-c32fc751-5427-4736-9e4d-61281782f0eb,Papa Double,0,modgrp-4bec82c6-f7a4-4c04-899b-155c47734ce1,Food Modifiers,modfr-34bc14cb-24b0-4105-8981-8d3049d84eaa,Garlic/Herb Spread,0,False,0,99,True,NULL,NULL,False,,0.6500,True,False,2025-10-23 16:17:40.406244,2025-10-23 16:17:40.406244,2026-06-21 12:59:48.72761
org-2ad9799e-2df3-4ebb-9563-8772f5638552,Rohan's Org,loc-9dd1eaea-e264-4d51-bffb-1abdc65e3fff,Upsell Testing,catlg-e77cf90f-2b34-4aa0-9eb6-642bef1ac285,Upsell Testing Catalog,itm-c32fc751-5427-4736-9e4d-61281782f0eb,Papa Double,0,modgrp-4bec82c6-f7a4-4c04-899b-155c47734ce1,Food Modifiers,modfr-354917e8-fd28-4b2e-88c3-80fec1029883,Mayo,0,False,0,99,True,NULL,NULL,False,,NULL,True,False,2025-10-23 16:17:40.406244,2025-10-23 16:17:40.406244,2026-06-21 12:59:48.72761
org-2ad9799e-2df3-4ebb-9563-8772f5638552,Rohan's Org,loc-9dd1eaea-e264-4d51-bffb-1abdc65e3fff,Upsell Testing,catlg-e77cf90f-2b34-4aa0-9eb6-642bef1ac285,Upsell Testing Catalog,itm-c32fc751-5427-4736-9e4d-61281782f0eb,Papa Double,0,modgrp-4bec82c6-f7a4-4c04-899b-155c47734ce1,Food Modifiers,modfr-36264431-c4d9-4179-8294-75664f978a45,Garlic Aioli,0,False,0,99,True,NULL,NULL,False,,0.6500,True,False,2025-10-23 16:17:40.406244,2025-10-23 16:17:40.406244,2026-06-21 12:59:48.72761
org-2ad9799e-2df3-4ebb-9563-8772f5638552,Rohan's Org,loc-9dd1eaea-e264-4d51-bffb-1abdc65e3fff,Upsell Testing,catlg-e77cf90f-2b34-4aa0-9eb6-642bef1ac285,Upsell Testing Catalog,itm-c32fc751-5427-4736-9e4d-61281782f0eb,Papa Double,0,modgrp-4bec82c6-f7a4-4c04-899b-155c47734ce1,Food Modifiers,modfr-4808dcd6-ceae-4003-8625-44bb8b40d7bb,Ketchup,0,False,0,99,True,NULL,NULL,False,,NULL,True,False,2025-10-23 16:17:40.406244,2025-10-23 16:17:40.406244,2026-06-21 12:59:48.72761
org-2ad9799e-2df3-4ebb-9563-8772f5638552,Rohan's Org,loc-9dd1eaea-e264-4d51-bffb-1abdc65e3fff,Upsell Testing,catlg-e77cf90f-2b34-4aa0-9eb6-642bef1ac285,Upsell Testing Catalog,itm-c32fc751-5427-4736-9e4d-61281782f0eb,Papa Double,0,modgrp-4bec82c6-f7a4-4c04-899b-155c47734ce1,Food Modifiers,modfr-48801d22-ad7b-41ee-93a6-f7fa6c6b224e,Mayo Pkt,0,False,0,99,True,NULL,NULL,False,,NULL,True,False,2025-10-23 16:17:40.406244,2025-10-23 16:17:40.406244,2026-06-21 12:59:48.72761
org-2ad9799e-2df3-4ebb-9563-8772f5638552,Rohan's Org,loc-9dd1eaea-e264-4d51-bffb-1abdc65e3fff,Upsell Testing,catlg-e77cf90f-2b34-4aa0-9eb6-642bef1ac285,Upsell Testing Catalog,itm-c32fc751-5427-4736-9e4d-61281782f0eb,Papa Double,0,modgrp-4bec82c6-f7a4-4c04-899b-155c47734ce1,Food Modifiers,modfr-4910d9f1-8266-4736-9701-3124a4736494,Cheddar Cheese,0,False,0,99,True,NULL,NULL,False,,0.5000,True,False,2025-10-23 16:17:40.406244,2025-10-23 16:17:40.406244,2026-06-21 12:59:48.72761
org-2ad9799e-2df3-4ebb-9563-8772f5638552,Rohan's Org,loc-9dd1eaea-e264-4d51-bffb-1abdc65e3fff,Upsell Testing,catlg-e77cf90f-2b34-4aa0-9eb6-642bef1ac285,Upsell Testing Catalog,itm-c32fc751-5427-4736-9e4d-61281782f0eb,Papa Double,0,modgrp-4bec82c6-f7a4-4c04-899b-155c47734ce1,Food Modifiers,modfr-4b2161c8-3d50-44c2-85a0-e9489e4ff808,Cup of Coney,0,False,0,99,True,NULL,NULL,False,,4.0000,True,False,2025-10-23 16:17:40.406244,2025-10-23 16:17:40.406244,2026-06-21 12:59:48.72761
org-2ad9799e-2df3-4ebb-9563-8772f5638552,Rohan's Org,loc-9dd1eaea-e264-4d51-bffb-1abdc65e3fff,Upsell Testing,catlg-e77cf90f-2b34-4aa0-9eb6-642bef1ac285,Upsell Testing Catalog,itm-c32fc751-5427-4736-9e4d-61281782f0eb,Papa Double,0,modgrp-4bec82c6-f7a4-4c04-899b-155c47734ce1,Food Modifiers,modfr-4b441a94-f74a-4278-a51c-5dd6f8b85607,DO NOT MAKE,0,False,0,99,True,NULL,NULL,False,,NULL,True,False,2025-10-23 16:17:40.406244,2025-10-23 16:17:40.406244,2026-06-21 12:59:48.72761
org-2ad9799e-2df3-4ebb-9563-8772f5638552,Rohan's Org,loc-9dd1eaea-e264-4d51-bffb-1abdc65e3fff,Upsell Testing,catlg-e77cf90f-2b34-4aa0-9eb6-642bef1ac285,Upsell Testing Catalog,itm-c32fc751-5427-4736-9e4d-61281782f0eb,Papa Double,0,modgrp-4bec82c6-f7a4-4c04-899b-155c47734ce1,Food Modifiers,modfr-4de53b5c-2278-430e-8758-955bcb3ca1f5,Onions,0,False,0,99,True,NULL,NULL,False,,0.5000,True,False,2025-10-23 16:17:40.406244,2025-10-23 16:17:40.406244,2026-06-21 12:59:48.72761
org-2ad9799e-2df3-4ebb-9563-8772f5638552,Rohan's Org,loc-9dd1eaea-e264-4d51-bffb-1abdc65e3fff,Upsell Testing,catlg-e77cf90f-2b34-4aa0-9eb6-642bef1ac285,Upsell Testing Catalog,itm-c32fc751-5427-4736-9e4d-61281782f0eb,Papa Double,0,modgrp-4bec82c6-f7a4-4c04-899b-155c47734ce1,Food Modifiers,modfr-4e53b82d-05be-4319-9d55-dfad3af9139f,Crispy Onions,0,False,0,99,True,NULL,NULL,False,,0.5000,True,False,2025-10-23 16:17:40.406244,2025-10-23 16:17:40.406244,2026-06-21 12:59:48.72761
org-2ad9799e-2df3-4ebb-9563-8772f5638552,Rohan's Org,loc-9dd1eaea-e264-4d51-bffb-1abdc65e3fff,Upsell Testing,catlg-e77cf90f-2b34-4aa0-9eb6-642bef1ac285,Upsell Testing Catalog,itm-c32fc751-5427-4736-9e4d-61281782f0eb,Papa Double,0,modgrp-4bec82c6-f7a4-4c04-899b-155c47734ce1,Food Modifiers,modfr-529b6e19-e433-4788-bfee-ff26924041a1,Papa Sauce,0,False,0,99,True,NULL,NULL,False,,0.3500,True,False,2025-10-23 16:17:40.406244,2025-10-23 16:17:40.406244,2026-06-21 12:59:48.72761
org-2ad9799e-2df3-4ebb-9563-8772f5638552,Rohan's Org,loc-9dd1eaea-e264-4d51-bffb-1abdc65e3fff,Upsell Testing,catlg-e77cf90f-2b34-4aa0-9eb6-642bef1ac285,Upsell Testing Catalog,itm-c32fc751-5427-4736-9e4d-61281782f0eb,Papa Double,0,modgrp-4bec82c6-f7a4-4c04-899b-155c47734ce1,Food Modifiers,modfr-5585842a-8277-40c8-a640-ff1700b02a47,Lettuce,0,False,0,99,True,NULL,NULL,False,,0.5000,True,False,2025-10-23 16:17:40.406244,2025-10-23 16:17:40.406244,2026-06-21 12:59:48.72761
org-2ad9799e-2df3-4ebb-9563-8772f5638552,Rohan's Org,loc-9dd1eaea-e264-4d51-bffb-1abdc65e3fff,Upsell Testing,catlg-e77cf90f-2b34-4aa0-9eb6-642bef1ac285,Upsell Testing Catalog,itm-c32fc751-5427-4736-9e4d-61281782f0eb,Papa Double,0,modgrp-4bec82c6-f7a4-4c04-899b-155c47734ce1,Food Modifiers,modfr-58a7adb8-f3e2-4746-811c-744ab3db8595,Sweet & Sour Sauce,0,False,0,99,True,NULL,NULL,False,,0.5000,True,False,2025-10-23 16:17:40.406244,2025-10-23 16:17:40.406244,2026-06-21 12:59:48.72761
org-2ad9799e-2df3-4ebb-9563-8772f5638552,Rohan's Org,loc-9dd1eaea-e264-4d51-bffb-1abdc65e3fff,Upsell Testing,catlg-e77cf90f-2b34-4aa0-9eb6-642bef1ac285,Upsell Testing Catalog,itm-c32fc751-5427-4736-9e4d-61281782f0eb,Papa Double,0,modgrp-4bec82c6-f7a4-4c04-899b-155c47734ce1,Food Modifiers,modfr-58aaa2e4-49f4-4732-b1a0-b512589b1ed2,Mustard Pkt,0,False,0,99,True,NULL,NULL,False,,0.2500,True,False,2025-10-23 16:17:40.406244,2025-10-23 16:17:40.406244,2026-06-21 12:59:48.72761
org-2ad9799e-2df3-4ebb-9563-8772f5638552,Rohan's Org,loc-9dd1eaea-e264-4d51-bffb-1abdc65e3fff,Upsell Testing,catlg-e77cf90f-2b34-4aa0-9eb6-642bef1ac285,Upsell Testing Catalog,itm-c32fc751-5427-4736-9e4d-61281782f0eb,Papa Double,0,modgrp-4bec82c6-f7a4-4c04-899b-155c47734ce1,Food Modifiers,modfr-5d63f20a-e92c-4df3-a007-9bb238f62f32,Swiss Cheese,0,False,0,99,True,NULL,NULL,False,,0.5000,True,False,2025-10-23 16:17:40.406244,2025-10-23 16:17:40.406244,2026-06-21 12:59:48.72761
org-tf5i2lw1qz,Sakshi Demo,loc-f9507722-f4c3-45a1-a7a6-6358548bea05,A&w Lab new(Dont take order),catlg-5f49688b-1b0a-4963-9e20-90dba233b023,A&w Lab new(Dont take order) Catalog,itm-59548cb0-dd19-470a-afb7-f5f43bee1979,30pc Corn Dog Nuggets,0,modgrp-49f6b8c4-7d89-420c-9c0d-bacb0d0a372d,Chkn & Seafood Food Modifiers,modfr-f4e44609-ef74-49a2-a815-27940d966313,Relish,0,False,0,99,True,NULL,NULL,False,,NULL,True,False,2025-08-22 06:57:39.012656,2025-08-22 06:57:39.012656,2026-06-21 13:00:41.434162
org-tf5i2lw1qz,Sakshi Demo,loc-f9507722-f4c3-45a1-a7a6-6358548bea05,A&w Lab new(Dont take order),catlg-5f49688b-1b0a-4963-9e20-90dba233b023,A&w Lab new(Dont take order) Catalog,itm-59548cb0-dd19-470a-afb7-f5f43bee1979,30pc Corn Dog Nuggets,0,modgrp-714a3554-6806-4a29-9e33-7ee10d1b2af6,Sauce,modfr-01116117-d2c5-4ee7-9713-392330d6350c,French,0,False,0,8,True,NULL,NULL,False,,NULL,True,False,2025-08-22 06:57:39.012681,2025-08-22 06:57:39.012681,2026-06-21 13:00:41.434162
org-tf5i2lw1qz,Sakshi Demo,loc-f9507722-f4c3-45a1-a7a6-6358548bea05,A&w Lab new(Dont take order),catlg-5f49688b-1b0a-4963-9e20-90dba233b023,A&w Lab new(Dont take order) Catalog,itm-59548cb0-dd19-470a-afb7-f5f43bee1979,30pc Corn Dog Nuggets,0,modgrp-714a3554-6806-4a29-9e33-7ee10d1b2af6,Sauce,modfr-24ddc0bc-7bc7-4863-9c34-2397f0090b41,Sweet & Sour Sauce,0,False,0,8,True,NULL,NULL,False,,0.5000,True,False,2025-08-22 06:57:39.012659,2025-08-22 06:57:39.012659,2026-06-21 13:00:41.434162
org-tf5i2lw1qz,Sakshi Demo,loc-f9507722-f4c3-45a1-a7a6-6358548bea05,A&w Lab new(Dont take order),catlg-5f49688b-1b0a-4963-9e20-90dba233b023,A&w Lab new(Dont take order) Catalog,itm-59548cb0-dd19-470a-afb7-f5f43bee1979,30pc Corn Dog Nuggets,0,modgrp-714a3554-6806-4a29-9e33-7ee10d1b2af6,Sauce,modfr-26265f60-ae51-410d-aefe-1b0458f94fc9,Chz Sauce,0,False,0,8,True,NULL,NULL,False,,0.5000,True,False,2025-08-22 06:57:39.012651,2025-08-22 06:57:39.012651,2026-06-21 13:00:41.434162
org-tf5i2lw1qz,Sakshi Demo,loc-f9507722-f4c3-45a1-a7a6-6358548bea05,A&w Lab new(Dont take order),catlg-5f49688b-1b0a-4963-9e20-90dba233b023,A&w Lab new(Dont take order) Catalog,itm-59548cb0-dd19-470a-afb7-f5f43bee1979,30pc Corn Dog Nuggets,0,modgrp-714a3554-6806-4a29-9e33-7ee10d1b2af6,Sauce,modfr-275bcc70-d9a8-40c6-b40e-cefece6f1f99,Tartar,0,False,0,8,True,NULL,NULL,False,,0.2500,True,False,2025-08-22 06:57:39.012655,2025-08-22 06:57:39.012655,2026-06-21 13:00:41.434162
org-tf5i2lw1qz,Sakshi Demo,loc-f9507722-f4c3-45a1-a7a6-6358548bea05,A&w Lab new(Dont take order),catlg-5f49688b-1b0a-4963-9e20-90dba233b023,A&w Lab new(Dont take order) Catalog,itm-59548cb0-dd19-470a-afb7-f5f43bee1979,30pc Corn Dog Nuggets,0,modgrp-714a3554-6806-4a29-9e33-7ee10d1b2af6,Sauce,modfr-276ef1cd-4cf7-4224-9fc5-f2d2d7a696f5,BBQ Sauce,0,False,0,8,True,NULL,NULL,False,,0.2500,True,False,2025-08-22 06:57:39.012649,2025-08-22 06:57:39.012649,2026-06-21 13:00:41.434162
org-tf5i2lw1qz,Sakshi Demo,loc-f9507722-f4c3-45a1-a7a6-6358548bea05,A&w Lab new(Dont take order),catlg-5f49688b-1b0a-4963-9e20-90dba233b023,A&w Lab new(Dont take order) Catalog,itm-59548cb0-dd19-470a-afb7-f5f43bee1979,30pc Corn Dog Nuggets,0,modgrp-714a3554-6806-4a29-9e33-7ee10d1b2af6,Sauce,modfr-292ddb3b-7e37-409d-aee3-c24128a31eca,Marinara,0,False,0,8,True,NULL,NULL,False,,0.2500,True,False,2025-08-22 06:57:39.012656,2025-08-22 06:57:39.012656,2026-06-21 13:00:41.434162
org-tf5i2lw1qz,Sakshi Demo,loc-f9507722-f4c3-45a1-a7a6-6358548bea05,A&w Lab new(Dont take order),catlg-5f49688b-1b0a-4963-9e20-90dba233b023,A&w Lab new(Dont take order) Catalog,itm-59548cb0-dd19-470a-afb7-f5f43bee1979,30pc Corn Dog Nuggets,0,modgrp-714a3554-6806-4a29-9e33-7ee10d1b2af6,Sauce,modfr-2a81febd-94dc-4471-a19b-b81d59dd2734,Spicy Papa Sauce,0,False,0,8,True,NULL,NULL,False,,0.2500,True,False,2025-08-22 06:57:39.012654,2025-08-22 06:57:39.012654,2026-06-21 13:00:41.434162
org-tf5i2lw1qz,Sakshi Demo,loc-f9507722-f4c3-45a1-a7a6-6358548bea05,A&w Lab new(Dont take order),catlg-5f49688b-1b0a-4963-9e20-90dba233b023,A&w Lab new(Dont take order) Catalog,itm-59548cb0-dd19-470a-afb7-f5f43bee1979,30pc Corn Dog Nuggets,0,modgrp-714a3554-6806-4a29-9e33-7ee10d1b2af6,Sauce,modfr-2b083dd1-5a19-48d5-8c9e-83721369e8ac,Mustard Pkt,0,False,0,8,True,NULL,NULL,False,,0.2500,True,False,2025-08-22 06:57:39.012658,2025-08-22 06:57:39.012658,2026-06-21 13:00:41.434162
org-tf5i2lw1qz,Sakshi Demo,loc-f9507722-f4c3-45a1-a7a6-6358548bea05,A&w Lab new(Dont take order),catlg-5f49688b-1b0a-4963-9e20-90dba233b023,A&w Lab new(Dont take order) Catalog,itm-59548cb0-dd19-470a-afb7-f5f43bee1979,30pc Corn Dog Nuggets,0,modgrp-714a3554-6806-4a29-9e33-7ee10d1b2af6,Sauce,modfr-2cd9a486-1d14-4d60-a9be-029988a0f9cf,Honey Mustard,0,False,0,8,True,NULL,NULL,False,,0.2500,True,False,2025-08-22 06:57:39.012651,2025-08-22 06:57:39.012651,2026-06-21 13:00:41.434162
org-tf5i2lw1qz,Sakshi Demo,loc-f9507722-f4c3-45a1-a7a6-6358548bea05,A&w Lab new(Dont take order),catlg-5f49688b-1b0a-4963-9e20-90dba233b023,A&w Lab new(Dont take order) Catalog,itm-59548cb0-dd19-470a-afb7-f5f43bee1979,30pc Corn Dog Nuggets,0,modgrp-714a3554-6806-4a29-9e33-7ee10d1b2af6,Sauce,modfr-2d3af169-267e-4bb9-bb39-bf1bed85e1d0,No Sauce,0,False,0,8,True,NULL,NULL,False,,NULL,True,False,2025-08-22 06:57:39.012655,2025-08-22 06:57:39.012655,2026-06-21 13:00:41.434162
org-tf5i2lw1qz,Sakshi Demo,loc-f9507722-f4c3-45a1-a7a6-6358548bea05,A&w Lab new(Dont take order),catlg-5f49688b-1b0a-4963-9e20-90dba233b023,A&w Lab new(Dont take order) Catalog,itm-59548cb0-dd19-470a-afb7-f5f43bee1979,30pc Corn Dog Nuggets,0,modgrp-714a3554-6806-4a29-9e33-7ee10d1b2af6,Sauce,modfr-2e44d443-ac25-4153-8f8a-eaa012030aa6,AW Sauce,0,False,0,8,True,NULL,NULL,False,,0.2500,True,False,2025-08-22 06:57:39.01266,2025-08-22 06:57:39.01266,2026-06-21 13:00:41.434162
org-tf5i2lw1qz,Sakshi Demo,loc-f9507722-f4c3-45a1-a7a6-6358548bea05,A&w Lab new(Dont take order),catlg-5f49688b-1b0a-4963-9e20-90dba233b023,A&w Lab new(Dont take order) Catalog,itm-59548cb0-dd19-470a-afb7-f5f43bee1979,30pc Corn Dog Nuggets,0,modgrp-714a3554-6806-4a29-9e33-7ee10d1b2af6,Sauce,modfr-36d60814-bf93-42aa-a157-63f7ab6546cf,Ketchup,0,False,0,8,True,NULL,NULL,False,,NULL,True,False,2025-08-22 06:57:39.012652,2025-08-22 06:57:39.012652,2026-06-21 13:00:41.434162
org-tf5i2lw1qz,Sakshi Demo,loc-f9507722-f4c3-45a1-a7a6-6358548bea05,A&w Lab new(Dont take order),catlg-5f49688b-1b0a-4963-9e20-90dba233b023,A&w Lab new(Dont take order) Catalog,itm-59548cb0-dd19-470a-afb7-f5f43bee1979,30pc Corn Dog Nuggets,0,modgrp-714a3554-6806-4a29-9e33-7ee10d1b2af6,Sauce,modfr-451c83fd-91fe-4d9c-8541-0b75d1b2c115,Sweet Relish ,0,False,0,8,True,NULL,NULL,False,,NULL,True,False,2025-08-22 06:57:39.012654,2025-08-22 06:57:39.012654,2026-06-21 13:00:41.434162
org-tf5i2lw1qz,Sakshi Demo,loc-f9507722-f4c3-45a1-a7a6-6358548bea05,A&w Lab new(Dont take order),catlg-5f49688b-1b0a-4963-9e20-90dba233b023,A&w Lab new(Dont take order) Catalog,itm-59548cb0-dd19-470a-afb7-f5f43bee1979,30pc Corn Dog Nuggets,0,modgrp-714a3554-6806-4a29-9e33-7ee10d1b2af6,Sauce,modfr-63cdc41a-51c3-4db0-850c-adcf28442577,Papa Sauce,0,False,0,8,True,NULL,NULL,False,,0.2500,True,False,2025-08-22 06:57:39.012653,2025-08-22 06:57:39.012653,2026-06-21 13:00:41.434162
org-tf5i2lw1qz,Sakshi Demo,loc-f9507722-f4c3-45a1-a7a6-6358548bea05,A&w Lab new(Dont take order),catlg-5f49688b-1b0a-4963-9e20-90dba233b023,A&w Lab new(Dont take order) Catalog,itm-59548cb0-dd19-470a-afb7-f5f43bee1979,30pc Corn Dog Nuggets,0,modgrp-714a3554-6806-4a29-9e33-7ee10d1b2af6,Sauce,modfr-69dda00b-eeb0-4cbe-b96b-2b404ef6e312,Ranch,0,False,0,8,True,NULL,NULL,False,,0.2500,True,False,2025-08-22 06:57:39.012653,2025-08-22 06:57:39.012653,2026-06-21 13:00:41.434162
org-tf5i2lw1qz,Sakshi Demo,loc-f9507722-f4c3-45a1-a7a6-6358548bea05,A&w Lab new(Dont take order),catlg-5f49688b-1b0a-4963-9e20-90dba233b023,A&w Lab new(Dont take order) Catalog,itm-59548cb0-dd19-470a-afb7-f5f43bee1979,30pc Corn Dog Nuggets,0,modgrp-714a3554-6806-4a29-9e33-7ee10d1b2af6,Sauce,modfr-b20c0605-f799-4d08-a072-f7f7f4986398,Sweet Thai Chili,0,False,0,8,True,NULL,NULL,False,,0.2500,True,False,2025-08-22 06:57:39.012657,2025-08-22 06:57:39.012657,2026-06-21 13:00:41.434162
org-tf5i2lw1qz,Sakshi Demo,loc-f9507722-f4c3-45a1-a7a6-6358548bea05,A&w Lab new(Dont take order),catlg-5f49688b-1b0a-4963-9e20-90dba233b023,A&w Lab new(Dont take order) Catalog,itm-59548cb0-dd19-470a-afb7-f5f43bee1979,30pc Corn Dog Nuggets,0,modgrp-714a3554-6806-4a29-9e33-7ee10d1b2af6,Sauce,modfr-b22c2ec1-c1e4-49b0-ae25-36f4758af9c7,Ketchup Pkt,0,False,0,8,True,NULL,NULL,False,,0.2500,True,False,2025-08-22 06:57:39.012658,2025-08-22 06:57:39.012658,2026-06-21 13:00:41.434162
org-2ad9799e-2df3-4ebb-9563-8772f5638552,Rohan's Org,loc-9dd1eaea-e264-4d51-bffb-1abdc65e3fff,Upsell Testing,catlg-e77cf90f-2b34-4aa0-9eb6-642bef1ac285,Upsell Testing Catalog,itm-c32fc751-5427-4736-9e4d-61281782f0eb,Papa Double,0,modgrp-4bec82c6-f7a4-4c04-899b-155c47734ce1,Food Modifiers,modfr-6338370f-a518-4f5c-b87b-8c2c085ba641,Spicy Papa Sauce Spread,0,False,0,99,True,NULL,NULL,False,,0.2500,True,False,2025-10-23 16:17:40.406244,2025-10-23 16:17:40.406244,2026-06-21 12:59:48.72761
org-2ad9799e-2df3-4ebb-9563-8772f5638552,Rohan's Org,loc-9dd1eaea-e264-4d51-bffb-1abdc65e3fff,Upsell Testing,catlg-e77cf90f-2b34-4aa0-9eb6-642bef1ac285,Upsell Testing Catalog,itm-c32fc751-5427-4736-9e4d-61281782f0eb,Papa Double,0,modgrp-4bec82c6-f7a4-4c04-899b-155c47734ce1,Food Modifiers,modfr-63c3fc8d-6460-4022-be70-18dcf037160e,Tartar,0,False,0,99,True,NULL,NULL,False,,0.2500,True,False,2025-10-23 16:17:40.406244,2025-10-23 16:17:40.406244,2026-06-21 12:59:48.72761
org-2ad9799e-2df3-4ebb-9563-8772f5638552,Rohan's Org,loc-9dd1eaea-e264-4d51-bffb-1abdc65e3fff,Upsell Testing,catlg-e77cf90f-2b34-4aa0-9eb6-642bef1ac285,Upsell Testing Catalog,itm-c32fc751-5427-4736-9e4d-61281782f0eb,Papa Double,0,modgrp-4bec82c6-f7a4-4c04-899b-155c47734ce1,Food Modifiers,modfr-74f43288-fef5-4216-9b6e-c6f9d321020a,See Server,0,False,0,99,True,NULL,NULL,False,,NULL,True,False,2025-10-23 16:17:40.406244,2025-10-23 16:17:40.406244,2026-06-21 12:59:48.72761
org-2ad9799e-2df3-4ebb-9563-8772f5638552,Rohan's Org,loc-9dd1eaea-e264-4d51-bffb-1abdc65e3fff,Upsell Testing,catlg-e77cf90f-2b34-4aa0-9eb6-642bef1ac285,Upsell Testing Catalog,itm-c32fc751-5427-4736-9e4d-61281782f0eb,Papa Double,0,modgrp-4bec82c6-f7a4-4c04-899b-155c47734ce1,Food Modifiers,modfr-762e388f-9574-429f-b5fa-4fdbe7227eb2,Ranch,0,False,0,99,True,NULL,NULL,False,,0.3500,True,False,2025-10-23 16:17:40.406244,2025-10-23 16:17:40.406244,2026-06-21 12:59:48.72761
org-2ad9799e-2df3-4ebb-9563-8772f5638552,Rohan's Org,loc-9dd1eaea-e264-4d51-bffb-1abdc65e3fff,Upsell Testing,catlg-e77cf90f-2b34-4aa0-9eb6-642bef1ac285,Upsell Testing Catalog,itm-c32fc751-5427-4736-9e4d-61281782f0eb,Papa Double,0,modgrp-4bec82c6-f7a4-4c04-899b-155c47734ce1,Food Modifiers,modfr-790f0932-d16e-4d50-98eb-1967879c1353,Sport Peppers,0,False,0,99,True,NULL,NULL,False,,0.5000,True,False,2025-10-23 16:17:40.406244,2025-10-23 16:17:40.406244,2026-06-21 12:59:48.72761
org-2ad9799e-2df3-4ebb-9563-8772f5638552,Rohan's Org,loc-9dd1eaea-e264-4d51-bffb-1abdc65e3fff,Upsell Testing,catlg-e77cf90f-2b34-4aa0-9eb6-642bef1ac285,Upsell Testing Catalog,itm-c32fc751-5427-4736-9e4d-61281782f0eb,Papa Double,0,modgrp-4bec82c6-f7a4-4c04-899b-155c47734ce1,Food Modifiers,modfr-7bfc3900-d5ab-442c-b072-aa8ea95b4bbf,Celery Salt,0,False,0,99,True,NULL,NULL,False,,NULL,True,False,2025-10-23 16:17:40.406244,2025-10-23 16:17:40.406244,2026-06-21 12:59:48.72761
org-2ad9799e-2df3-4ebb-9563-8772f5638552,Rohan's Org,loc-9dd1eaea-e264-4d51-bffb-1abdc65e3fff,Upsell Testing,catlg-e77cf90f-2b34-4aa0-9eb6-642bef1ac285,Upsell Testing Catalog,itm-c32fc751-5427-4736-9e4d-61281782f0eb,Papa Double,0,modgrp-4bec82c6-f7a4-4c04-899b-155c47734ce1,Food Modifiers,modfr-7fcd630d-66c3-4479-9c7c-63970482e2f6,The Works,0,False,0,99,True,NULL,NULL,False,,NULL,True,False,2025-10-23 16:17:40.406244,2025-10-23 16:17:40.406244,2026-06-21 12:59:48.72761
org-2ad9799e-2df3-4ebb-9563-8772f5638552,Rohan's Org,loc-9dd1eaea-e264-4d51-bffb-1abdc65e3fff,Upsell Testing,catlg-e77cf90f-2b34-4aa0-9eb6-642bef1ac285,Upsell Testing Catalog,itm-c32fc751-5427-4736-9e4d-61281782f0eb,Papa Double,0,modgrp-4bec82c6-f7a4-4c04-899b-155c47734ce1,Food Modifiers,modfr-81dcc755-025c-4074-a438-c992dfb08f78,Well Done,0,False,0,99,True,NULL,NULL,False,,NULL,True,False,2025-10-23 16:17:40.406244,2025-10-23 16:17:40.406244,2026-06-21 12:59:48.72761
org-2ad9799e-2df3-4ebb-9563-8772f5638552,Rohan's Org,loc-9dd1eaea-e264-4d51-bffb-1abdc65e3fff,Upsell Testing,catlg-e77cf90f-2b34-4aa0-9eb6-642bef1ac285,Upsell Testing Catalog,itm-c32fc751-5427-4736-9e4d-61281782f0eb,Papa Double,0,modgrp-4bec82c6-f7a4-4c04-899b-155c47734ce1,Food Modifiers,modfr-82b6b3ec-94ac-4756-ad26-c447ac9f82d9,Bacon,0,False,0,99,True,NULL,NULL,False,,1.0000,True,False,2025-10-23 16:17:40.406244,2025-10-23 16:17:40.406244,2026-06-21 12:59:48.72761
org-2ad9799e-2df3-4ebb-9563-8772f5638552,Rohan's Org,loc-9dd1eaea-e264-4d51-bffb-1abdc65e3fff,Upsell Testing,catlg-e77cf90f-2b34-4aa0-9eb6-642bef1ac285,Upsell Testing Catalog,itm-c32fc751-5427-4736-9e4d-61281782f0eb,Papa Double,0,modgrp-4bec82c6-f7a4-4c04-899b-155c47734ce1,Food Modifiers,modfr-86848405-c74f-4ff1-8e28-69ea1812d9fa,American Chz,0,False,0,99,True,NULL,NULL,False,,0.5000,True,False,2025-10-23 16:17:40.406244,2025-10-23 16:17:40.406244,2026-06-21 12:59:48.72761
org-2ad9799e-2df3-4ebb-9563-8772f5638552,Rohan's Org,loc-9dd1eaea-e264-4d51-bffb-1abdc65e3fff,Upsell Testing,catlg-e77cf90f-2b34-4aa0-9eb6-642bef1ac285,Upsell Testing Catalog,itm-c32fc751-5427-4736-9e4d-61281782f0eb,Papa Double,0,modgrp-4bec82c6-f7a4-4c04-899b-155c47734ce1,Food Modifiers,modfr-88d9605e-addd-4d3b-b8c8-54993fe8a569,Ketchup Pkt,0,False,0,99,True,NULL,NULL,False,,NULL,True,False,2025-10-23 16:17:40.406244,2025-10-23 16:17:40.406244,2026-06-21 12:59:48.72761
org-2ad9799e-2df3-4ebb-9563-8772f5638552,Rohan's Org,loc-9dd1eaea-e264-4d51-bffb-1abdc65e3fff,Upsell Testing,catlg-e77cf90f-2b34-4aa0-9eb6-642bef1ac285,Upsell Testing Catalog,itm-c32fc751-5427-4736-9e4d-61281782f0eb,Papa Double,0,modgrp-4bec82c6-f7a4-4c04-899b-155c47734ce1,Food Modifiers,modfr-8a29c9c8-5a41-4a69-ab35-ea4cc4937986,Cocktail Sauce,0,False,0,99,True,NULL,NULL,False,,0.3500,True,False,2025-10-23 16:17:40.406244,2025-10-23 16:17:40.406244,2026-06-21 12:59:48.72761
org-2ad9799e-2df3-4ebb-9563-8772f5638552,Rohan's Org,loc-9dd1eaea-e264-4d51-bffb-1abdc65e3fff,Upsell Testing,catlg-e77cf90f-2b34-4aa0-9eb6-642bef1ac285,Upsell Testing Catalog,itm-c32fc751-5427-4736-9e4d-61281782f0eb,Papa Double,0,modgrp-4bec82c6-f7a4-4c04-899b-155c47734ce1,Food Modifiers,modfr-8b8bb1a8-bd17-49cc-a0ae-96a261e4d2e1,Sour Cream,0,False,0,99,True,NULL,NULL,False,,0.6000,True,False,2025-10-23 16:17:40.406244,2025-10-23 16:17:40.406244,2026-06-21 12:59:48.72761
org-2ad9799e-2df3-4ebb-9563-8772f5638552,Rohan's Org,loc-9dd1eaea-e264-4d51-bffb-1abdc65e3fff,Upsell Testing,catlg-e77cf90f-2b34-4aa0-9eb6-642bef1ac285,Upsell Testing Catalog,itm-c32fc751-5427-4736-9e4d-61281782f0eb,Papa Double,0,modgrp-4bec82c6-f7a4-4c04-899b-155c47734ce1,Food Modifiers,modfr-9201a668-d5bc-41cf-9f8a-e3ae97f3a5e1,Relish,0,False,0,99,True,NULL,NULL,False,,NULL,True,False,2025-10-23 16:17:40.406244,2025-10-23 16:17:40.406244,2026-06-21 12:59:48.72761
org-2ad9799e-2df3-4ebb-9563-8772f5638552,Rohan's Org,loc-9dd1eaea-e264-4d51-bffb-1abdc65e3fff,Upsell Testing,catlg-e77cf90f-2b34-4aa0-9eb6-642bef1ac285,Upsell Testing Catalog,itm-c32fc751-5427-4736-9e4d-61281782f0eb,Papa Double,0,modgrp-4bec82c6-f7a4-4c04-899b-155c47734ce1,Food Modifiers,modfr-939ca2a1-c244-4d48-8b59-2d2e03a285f3,Cheese,0,False,0,99,True,NULL,NULL,False,,0.5000,True,False,2025-10-23 16:17:40.406244,2025-10-23 16:17:40.406244,2026-06-21 12:59:48.72761
org-2ad9799e-2df3-4ebb-9563-8772f5638552,Rohan's Org,loc-9dd1eaea-e264-4d51-bffb-1abdc65e3fff,Upsell Testing,catlg-e77cf90f-2b34-4aa0-9eb6-642bef1ac285,Upsell Testing Catalog,itm-c32fc751-5427-4736-9e4d-61281782f0eb,Papa Double,0,modgrp-4bec82c6-f7a4-4c04-899b-155c47734ce1,Food Modifiers,modfr-94ec5dbd-6db6-498a-80c5-5b995c10a962,Honey Mustard,0,False,0,99,True,NULL,NULL,False,,0.3500,True,False,2025-10-23 16:17:40.406244,2025-10-23 16:17:40.406244,2026-06-21 12:59:48.72761
org-2ad9799e-2df3-4ebb-9563-8772f5638552,Rohan's Org,loc-9dd1eaea-e264-4d51-bffb-1abdc65e3fff,Upsell Testing,catlg-e77cf90f-2b34-4aa0-9eb6-642bef1ac285,Upsell Testing Catalog,itm-c32fc751-5427-4736-9e4d-61281782f0eb,Papa Double,0,modgrp-4bec82c6-f7a4-4c04-899b-155c47734ce1,Food Modifiers,modfr-97b4646a-c724-42d3-92aa-0c788b8cacf7,Olives,0,False,0,99,True,NULL,NULL,False,,0.5000,True,False,2025-10-23 16:17:40.406244,2025-10-23 16:17:40.406244,2026-06-21 12:59:48.72761
org-2ad9799e-2df3-4ebb-9563-8772f5638552,Rohan's Org,loc-9dd1eaea-e264-4d51-bffb-1abdc65e3fff,Upsell Testing,catlg-e77cf90f-2b34-4aa0-9eb6-642bef1ac285,Upsell Testing Catalog,itm-c32fc751-5427-4736-9e4d-61281782f0eb,Papa Double,0,modgrp-4bec82c6-f7a4-4c04-899b-155c47734ce1,Food Modifiers,modfr-9ac481a7-2b43-4e4a-b1bf-d153299d66d3,Sweet Relish ,0,False,0,99,True,NULL,NULL,False,,NULL,True,False,2025-10-23 16:17:40.406244,2025-10-23 16:17:40.406244,2026-06-21 12:59:48.72761
org-tf5i2lw1qz,Sakshi Demo,loc-f9507722-f4c3-45a1-a7a6-6358548bea05,A&w Lab new(Dont take order),catlg-5f49688b-1b0a-4963-9e20-90dba233b023,A&w Lab new(Dont take order) Catalog,itm-59548cb0-dd19-470a-afb7-f5f43bee1979,30pc Corn Dog Nuggets,0,modgrp-714a3554-6806-4a29-9e33-7ee10d1b2af6,Sauce,modfr-b286d49a-7dca-411a-824f-016be46ee189,Fry Sauce,0,False,0,8,True,NULL,NULL,False,,0.5000,True,False,2025-08-22 06:57:39.012658,2025-08-22 06:57:39.012658,2026-06-21 13:00:41.434162
org-tf5i2lw1qz,Sakshi Demo,loc-f9507722-f4c3-45a1-a7a6-6358548bea05,A&w Lab new(Dont take order),catlg-5f49688b-1b0a-4963-9e20-90dba233b023,A&w Lab new(Dont take order) Catalog,itm-59548cb0-dd19-470a-afb7-f5f43bee1979,30pc Corn Dog Nuggets,0,modgrp-714a3554-6806-4a29-9e33-7ee10d1b2af6,Sauce,modfr-b758430e-3ccf-437f-b95a-fbac4315d3dc,Mayo Pkt,0,False,0,8,True,NULL,NULL,False,,NULL,True,False,2025-08-22 06:57:39.012656,2025-08-22 06:57:39.012656,2026-06-21 13:00:41.434162
org-tf5i2lw1qz,Sakshi Demo,loc-f9507722-f4c3-45a1-a7a6-6358548bea05,A&w Lab new(Dont take order),catlg-5f49688b-1b0a-4963-9e20-90dba233b023,A&w Lab new(Dont take order) Catalog,itm-59548cb0-dd19-470a-afb7-f5f43bee1979,30pc Corn Dog Nuggets,0,modgrp-714a3554-6806-4a29-9e33-7ee10d1b2af6,Sauce,modfr-c2a93153-69be-4086-a9a3-330b1276b6e8,3 Pepper Fire Sauce,0,False,0,8,True,NULL,NULL,False,,0.2500,True,False,2025-08-22 06:57:39.01266,2025-08-22 06:57:39.01266,2026-06-21 13:00:41.434162
org-tf5i2lw1qz,Sakshi Demo,loc-f9507722-f4c3-45a1-a7a6-6358548bea05,A&w Lab new(Dont take order),catlg-5f49688b-1b0a-4963-9e20-90dba233b023,A&w Lab new(Dont take order) Catalog,itm-59548cb0-dd19-470a-afb7-f5f43bee1979,30pc Corn Dog Nuggets,0,modgrp-714a3554-6806-4a29-9e33-7ee10d1b2af6,Sauce,modfr-ddec8a33-674e-41fb-8a19-39d169a176fb,Buffalo Sauce,0,False,0,8,True,NULL,NULL,False,,0.2500,True,False,2025-08-22 06:57:39.012656,2025-08-22 06:57:39.012656,2026-06-21 13:00:41.434162
org-tf5i2lw1qz,Sakshi Demo,loc-f9507722-f4c3-45a1-a7a6-6358548bea05,A&w Lab new(Dont take order),catlg-5f49688b-1b0a-4963-9e20-90dba233b023,A&w Lab new(Dont take order) Catalog,itm-59548cb0-dd19-470a-afb7-f5f43bee1979,30pc Corn Dog Nuggets,0,modgrp-714a3554-6806-4a29-9e33-7ee10d1b2af6,Sauce,modfr-e17f370c-e3d2-4932-988f-392c24871efd,Sweet & Sour,0,False,0,8,True,NULL,NULL,False,,NULL,True,False,2025-08-22 06:57:39.012656,2025-08-22 06:57:39.012656,2026-06-21 13:00:41.434162
org-tf5i2lw1qz,Sakshi Demo,loc-f9507722-f4c3-45a1-a7a6-6358548bea05,A&w Lab new(Dont take order),catlg-5f49688b-1b0a-4963-9e20-90dba233b023,A&w Lab new(Dont take order) Catalog,itm-59548cb0-dd19-470a-afb7-f5f43bee1979,30pc Corn Dog Nuggets,0,modgrp-714a3554-6806-4a29-9e33-7ee10d1b2af6,Sauce,modfr-f0022724-2c21-4b4d-bf45-88ebcac4c4c7,Cocktail Sauce,0,False,0,8,True,NULL,NULL,False,,0.2500,True,False,2025-08-22 06:57:39.012651,2025-08-22 06:57:39.012651,2026-06-21 13:00:41.434162
org-tf5i2lw1qz,Sakshi Demo,loc-f9507722-f4c3-45a1-a7a6-6358548bea05,A&w Lab new(Dont take order),catlg-5f49688b-1b0a-4963-9e20-90dba233b023,A&w Lab new(Dont take order) Catalog,itm-59548cb0-dd19-470a-afb7-f5f43bee1979,30pc Corn Dog Nuggets,0,modgrp-cecb37b7-c8bd-47ba-92f3-d543cafcebe7,*Pick 2 Side Sauce,modfr-01116117-d2c5-4ee7-9713-392330d6350c,French,0,False,0,7,True,NULL,NULL,False,,NULL,True,False,2025-08-22 06:57:39.012681,2025-08-22 06:57:39.012681,2026-06-21 13:00:41.434162
org-tf5i2lw1qz,Sakshi Demo,loc-f9507722-f4c3-45a1-a7a6-6358548bea05,A&w Lab new(Dont take order),catlg-5f49688b-1b0a-4963-9e20-90dba233b023,A&w Lab new(Dont take order) Catalog,itm-59548cb0-dd19-470a-afb7-f5f43bee1979,30pc Corn Dog Nuggets,0,modgrp-cecb37b7-c8bd-47ba-92f3-d543cafcebe7,*Pick 2 Side Sauce,modfr-24ddc0bc-7bc7-4863-9c34-2397f0090b41,Sweet & Sour Sauce,0,False,0,7,True,NULL,NULL,False,,0.5000,True,False,2025-08-22 06:57:39.012659,2025-08-22 06:57:39.012659,2026-06-21 13:00:41.434162
org-tf5i2lw1qz,Sakshi Demo,loc-f9507722-f4c3-45a1-a7a6-6358548bea05,A&w Lab new(Dont take order),catlg-5f49688b-1b0a-4963-9e20-90dba233b023,A&w Lab new(Dont take order) Catalog,itm-59548cb0-dd19-470a-afb7-f5f43bee1979,30pc Corn Dog Nuggets,0,modgrp-cecb37b7-c8bd-47ba-92f3-d543cafcebe7,*Pick 2 Side Sauce,modfr-26265f60-ae51-410d-aefe-1b0458f94fc9,Chz Sauce,0,False,0,7,True,NULL,NULL,False,,0.5000,True,False,2025-08-22 06:57:39.012651,2025-08-22 06:57:39.012651,2026-06-21 13:00:41.434162
org-tf5i2lw1qz,Sakshi Demo,loc-f9507722-f4c3-45a1-a7a6-6358548bea05,A&w Lab new(Dont take order),catlg-5f49688b-1b0a-4963-9e20-90dba233b023,A&w Lab new(Dont take order) Catalog,itm-59548cb0-dd19-470a-afb7-f5f43bee1979,30pc Corn Dog Nuggets,0,modgrp-cecb37b7-c8bd-47ba-92f3-d543cafcebe7,*Pick 2 Side Sauce,modfr-275bcc70-d9a8-40c6-b40e-cefece6f1f99,Tartar,0,False,0,7,True,NULL,NULL,False,,0.2500,True,False,2025-08-22 06:57:39.012655,2025-08-22 06:57:39.012655,2026-06-21 13:00:41.434162
org-tf5i2lw1qz,Sakshi Demo,loc-f9507722-f4c3-45a1-a7a6-6358548bea05,A&w Lab new(Dont take order),catlg-5f49688b-1b0a-4963-9e20-90dba233b023,A&w Lab new(Dont take order) Catalog,itm-59548cb0-dd19-470a-afb7-f5f43bee1979,30pc Corn Dog Nuggets,0,modgrp-cecb37b7-c8bd-47ba-92f3-d543cafcebe7,*Pick 2 Side Sauce,modfr-276ef1cd-4cf7-4224-9fc5-f2d2d7a696f5,BBQ Sauce,0,False,0,7,True,NULL,NULL,False,,0.2500,True,False,2025-08-22 06:57:39.012649,2025-08-22 06:57:39.012649,2026-06-21 13:00:41.434162
org-tf5i2lw1qz,Sakshi Demo,loc-f9507722-f4c3-45a1-a7a6-6358548bea05,A&w Lab new(Dont take order),catlg-5f49688b-1b0a-4963-9e20-90dba233b023,A&w Lab new(Dont take order) Catalog,itm-59548cb0-dd19-470a-afb7-f5f43bee1979,30pc Corn Dog Nuggets,0,modgrp-cecb37b7-c8bd-47ba-92f3-d543cafcebe7,*Pick 2 Side Sauce,modfr-292ddb3b-7e37-409d-aee3-c24128a31eca,Marinara,0,False,0,7,True,NULL,NULL,False,,0.2500,True,False,2025-08-22 06:57:39.012656,2025-08-22 06:57:39.012656,2026-06-21 13:00:41.434162
org-tf5i2lw1qz,Sakshi Demo,loc-f9507722-f4c3-45a1-a7a6-6358548bea05,A&w Lab new(Dont take order),catlg-5f49688b-1b0a-4963-9e20-90dba233b023,A&w Lab new(Dont take order) Catalog,itm-59548cb0-dd19-470a-afb7-f5f43bee1979,30pc Corn Dog Nuggets,0,modgrp-cecb37b7-c8bd-47ba-92f3-d543cafcebe7,*Pick 2 Side Sauce,modfr-2a81febd-94dc-4471-a19b-b81d59dd2734,Spicy Papa Sauce,0,False,0,7,True,NULL,NULL,False,,0.2500,True,False,2025-08-22 06:57:39.012654,2025-08-22 06:57:39.012654,2026-06-21 13:00:41.434162
org-tf5i2lw1qz,Sakshi Demo,loc-f9507722-f4c3-45a1-a7a6-6358548bea05,A&w Lab new(Dont take order),catlg-5f49688b-1b0a-4963-9e20-90dba233b023,A&w Lab new(Dont take order) Catalog,itm-59548cb0-dd19-470a-afb7-f5f43bee1979,30pc Corn Dog Nuggets,0,modgrp-cecb37b7-c8bd-47ba-92f3-d543cafcebe7,*Pick 2 Side Sauce,modfr-2b083dd1-5a19-48d5-8c9e-83721369e8ac,Mustard Pkt,0,False,0,7,True,NULL,NULL,False,,0.2500,True,False,2025-08-22 06:57:39.012658,2025-08-22 06:57:39.012658,2026-06-21 13:00:41.434162
org-tf5i2lw1qz,Sakshi Demo,loc-f9507722-f4c3-45a1-a7a6-6358548bea05,A&w Lab new(Dont take order),catlg-5f49688b-1b0a-4963-9e20-90dba233b023,A&w Lab new(Dont take order) Catalog,itm-59548cb0-dd19-470a-afb7-f5f43bee1979,30pc Corn Dog Nuggets,0,modgrp-cecb37b7-c8bd-47ba-92f3-d543cafcebe7,*Pick 2 Side Sauce,modfr-2cd9a486-1d14-4d60-a9be-029988a0f9cf,Honey Mustard,0,False,0,7,True,NULL,NULL,False,,0.2500,True,False,2025-08-22 06:57:39.012651,2025-08-22 06:57:39.012651,2026-06-21 13:00:41.434162
org-tf5i2lw1qz,Sakshi Demo,loc-f9507722-f4c3-45a1-a7a6-6358548bea05,A&w Lab new(Dont take order),catlg-5f49688b-1b0a-4963-9e20-90dba233b023,A&w Lab new(Dont take order) Catalog,itm-59548cb0-dd19-470a-afb7-f5f43bee1979,30pc Corn Dog Nuggets,0,modgrp-cecb37b7-c8bd-47ba-92f3-d543cafcebe7,*Pick 2 Side Sauce,modfr-2d3af169-267e-4bb9-bb39-bf1bed85e1d0,No Sauce,0,False,0,7,True,NULL,NULL,False,,NULL,True,False,2025-08-22 06:57:39.012655,2025-08-22 06:57:39.012655,2026-06-21 13:00:41.434162
org-tf5i2lw1qz,Sakshi Demo,loc-f9507722-f4c3-45a1-a7a6-6358548bea05,A&w Lab new(Dont take order),catlg-5f49688b-1b0a-4963-9e20-90dba233b023,A&w Lab new(Dont take order) Catalog,itm-59548cb0-dd19-470a-afb7-f5f43bee1979,30pc Corn Dog Nuggets,0,modgrp-cecb37b7-c8bd-47ba-92f3-d543cafcebe7,*Pick 2 Side Sauce,modfr-2e44d443-ac25-4153-8f8a-eaa012030aa6,AW Sauce,0,False,0,7,True,NULL,NULL,False,,0.2500,True,False,2025-08-22 06:57:39.01266,2025-08-22 06:57:39.01266,2026-06-21 13:00:41.434162
org-tf5i2lw1qz,Sakshi Demo,loc-f9507722-f4c3-45a1-a7a6-6358548bea05,A&w Lab new(Dont take order),catlg-5f49688b-1b0a-4963-9e20-90dba233b023,A&w Lab new(Dont take order) Catalog,itm-59548cb0-dd19-470a-afb7-f5f43bee1979,30pc Corn Dog Nuggets,0,modgrp-cecb37b7-c8bd-47ba-92f3-d543cafcebe7,*Pick 2 Side Sauce,modfr-36d60814-bf93-42aa-a157-63f7ab6546cf,Ketchup,0,False,0,7,True,NULL,NULL,False,,NULL,True,False,2025-08-22 06:57:39.012652,2025-08-22 06:57:39.012652,2026-06-21 13:00:41.434162
org-tf5i2lw1qz,Sakshi Demo,loc-f9507722-f4c3-45a1-a7a6-6358548bea05,A&w Lab new(Dont take order),catlg-5f49688b-1b0a-4963-9e20-90dba233b023,A&w Lab new(Dont take order) Catalog,itm-603d57fc-3747-4353-9993-2de3f5c811bc,Chili Soup Bowl,0,modgrp-b72ffade-4c38-473e-bfc0-101f7fdc4e1f,Food Modifiers,modfr-ea2b6fa5-8cf7-4968-ad24-2a1f664c1b7e,Sport Peppers,0,False,0,99,True,NULL,NULL,False,,0.5000,True,False,2025-08-22 06:57:39.012661,2025-08-22 06:57:39.012661,2026-06-21 12:59:55.315563
org-tf5i2lw1qz,Sakshi Demo,loc-f9507722-f4c3-45a1-a7a6-6358548bea05,A&w Lab new(Dont take order),catlg-5f49688b-1b0a-4963-9e20-90dba233b023,A&w Lab new(Dont take order) Catalog,itm-603d57fc-3747-4353-9993-2de3f5c811bc,Chili Soup Bowl,0,modgrp-b72ffade-4c38-473e-bfc0-101f7fdc4e1f,Food Modifiers,modfr-ef7dada3-85d5-4173-bc25-17d1956e0bd6,Cut,0,False,0,99,True,NULL,NULL,False,,NULL,True,False,2025-08-22 06:57:39.012657,2025-08-22 06:57:39.012657,2026-06-21 12:59:55.315563
org-tf5i2lw1qz,Sakshi Demo,loc-f9507722-f4c3-45a1-a7a6-6358548bea05,A&w Lab new(Dont take order),catlg-5f49688b-1b0a-4963-9e20-90dba233b023,A&w Lab new(Dont take order) Catalog,itm-603d57fc-3747-4353-9993-2de3f5c811bc,Chili Soup Bowl,0,modgrp-b72ffade-4c38-473e-bfc0-101f7fdc4e1f,Food Modifiers,modfr-f0022724-2c21-4b4d-bf45-88ebcac4c4c7,Cocktail Sauce,0,False,0,99,True,NULL,NULL,False,,0.2500,True,False,2025-08-22 06:57:39.012651,2025-08-22 06:57:39.012651,2026-06-21 12:59:55.315563
org-tf5i2lw1qz,Sakshi Demo,loc-f9507722-f4c3-45a1-a7a6-6358548bea05,A&w Lab new(Dont take order),catlg-5f49688b-1b0a-4963-9e20-90dba233b023,A&w Lab new(Dont take order) Catalog,itm-603d57fc-3747-4353-9993-2de3f5c811bc,Chili Soup Bowl,0,modgrp-b72ffade-4c38-473e-bfc0-101f7fdc4e1f,Food Modifiers,modfr-f45843a2-62e3-401e-8dcb-8854b7b39b2d,Well Done,0,False,0,99,True,NULL,NULL,False,,NULL,True,False,2025-08-22 06:57:39.01266,2025-08-22 06:57:39.01266,2026-06-21 12:59:55.315563
org-tf5i2lw1qz,Sakshi Demo,loc-f9507722-f4c3-45a1-a7a6-6358548bea05,A&w Lab new(Dont take order),catlg-5f49688b-1b0a-4963-9e20-90dba233b023,A&w Lab new(Dont take order) Catalog,itm-603d57fc-3747-4353-9993-2de3f5c811bc,Chili Soup Bowl,0,modgrp-b72ffade-4c38-473e-bfc0-101f7fdc4e1f,Food Modifiers,modfr-f4e44609-ef74-49a2-a815-27940d966313,Relish,0,False,0,99,True,NULL,NULL,False,,NULL,True,False,2025-08-22 06:57:39.012656,2025-08-22 06:57:39.012656,2026-06-21 12:59:55.315563
org-tf5i2lw1qz,Sakshi Demo,loc-f9507722-f4c3-45a1-a7a6-6358548bea05,A&w Lab new(Dont take order),catlg-5f49688b-1b0a-4963-9e20-90dba233b023,A&w Lab new(Dont take order) Catalog,itm-6111f62f-7b1f-4085-80f6-a04f71e65d45,Mini Meal - Bacon Single,0,modgrp-49f6b8c4-7d89-420c-9c0d-bacb0d0a372d,Chkn & Seafood Food Modifiers,modfr-01116117-d2c5-4ee7-9713-392330d6350c,French,0,False,0,99,True,NULL,NULL,False,,NULL,True,False,2025-08-22 06:57:39.012681,2025-08-22 06:57:39.012681,2026-06-21 12:59:55.315563
org-tf5i2lw1qz,Sakshi Demo,loc-f9507722-f4c3-45a1-a7a6-6358548bea05,A&w Lab new(Dont take order),catlg-5f49688b-1b0a-4963-9e20-90dba233b023,A&w Lab new(Dont take order) Catalog,itm-6111f62f-7b1f-4085-80f6-a04f71e65d45,Mini Meal - Bacon Single,0,modgrp-49f6b8c4-7d89-420c-9c0d-bacb0d0a372d,Chkn & Seafood Food Modifiers,modfr-0212976e-34e0-41a7-8b79-092452b2c82c,DO NOT MAKE,0,False,0,99,True,NULL,NULL,False,,NULL,True,False,2025-08-22 06:57:39.012644,2025-08-22 06:57:39.012644,2026-06-21 12:59:55.315563
org-tf5i2lw1qz,Sakshi Demo,loc-f9507722-f4c3-45a1-a7a6-6358548bea05,A&w Lab new(Dont take order),catlg-5f49688b-1b0a-4963-9e20-90dba233b023,A&w Lab new(Dont take order) Catalog,itm-6111f62f-7b1f-4085-80f6-a04f71e65d45,Mini Meal - Bacon Single,0,modgrp-49f6b8c4-7d89-420c-9c0d-bacb0d0a372d,Chkn & Seafood Food Modifiers,modfr-040fa3ee-a661-4666-914c-b980dc825dd8,Fat Free Ranch,0,False,0,99,True,NULL,NULL,False,,0.3500,True,False,2025-08-22 06:57:39.012684,2025-08-22 06:57:39.012684,2026-06-21 12:59:55.315563
org-tf5i2lw1qz,Sakshi Demo,loc-f9507722-f4c3-45a1-a7a6-6358548bea05,A&w Lab new(Dont take order),catlg-5f49688b-1b0a-4963-9e20-90dba233b023,A&w Lab new(Dont take order) Catalog,itm-6111f62f-7b1f-4085-80f6-a04f71e65d45,Mini Meal - Bacon Single,0,modgrp-49f6b8c4-7d89-420c-9c0d-bacb0d0a372d,Chkn & Seafood Food Modifiers,modfr-079d68f0-2663-4546-9a8c-22c9bb9d253b,Crispy Onions,0,False,0,99,True,NULL,NULL,False,,0.5000,True,False,2025-08-22 06:57:39.012659,2025-08-22 06:57:39.012659,2026-06-21 12:59:55.315563
org-tf5i2lw1qz,Sakshi Demo,loc-f9507722-f4c3-45a1-a7a6-6358548bea05,A&w Lab new(Dont take order),catlg-5f49688b-1b0a-4963-9e20-90dba233b023,A&w Lab new(Dont take order) Catalog,itm-6111f62f-7b1f-4085-80f6-a04f71e65d45,Mini Meal - Bacon Single,0,modgrp-49f6b8c4-7d89-420c-9c0d-bacb0d0a372d,Chkn & Seafood Food Modifiers,modfr-15719f15-f20d-407f-868e-07098b9990b8,**Allergy Alert***,0,False,0,99,True,NULL,NULL,False,,NULL,True,False,2025-08-22 06:57:39.012641,2025-08-22 06:57:39.012641,2026-06-21 12:59:55.315563
org-tf5i2lw1qz,Sakshi Demo,loc-f9507722-f4c3-45a1-a7a6-6358548bea05,A&w Lab new(Dont take order),catlg-5f49688b-1b0a-4963-9e20-90dba233b023,A&w Lab new(Dont take order) Catalog,itm-6111f62f-7b1f-4085-80f6-a04f71e65d45,Mini Meal - Bacon Single,0,modgrp-49f6b8c4-7d89-420c-9c0d-bacb0d0a372d,Chkn & Seafood Food Modifiers,modfr-186d99c6-4478-408d-a215-3684e5fe14b6,Thousand Island,0,False,0,99,True,NULL,NULL,False,,NULL,True,False,2025-08-22 06:57:39.012683,2025-08-22 06:57:39.012683,2026-06-21 12:59:55.315563
org-tf5i2lw1qz,Sakshi Demo,loc-f9507722-f4c3-45a1-a7a6-6358548bea05,A&w Lab new(Dont take order),catlg-5f49688b-1b0a-4963-9e20-90dba233b023,A&w Lab new(Dont take order) Catalog,itm-6111f62f-7b1f-4085-80f6-a04f71e65d45,Mini Meal - Bacon Single,0,modgrp-49f6b8c4-7d89-420c-9c0d-bacb0d0a372d,Chkn & Seafood Food Modifiers,modfr-1d8f1ac6-fa54-419e-990d-ae99d25d17e9,Coney Sauce,0,False,0,99,True,NULL,NULL,False,,0.5000,True,False,2025-08-22 06:57:39.012651,2025-08-22 06:57:39.012651,2026-06-21 12:59:55.315563
org-tf5i2lw1qz,Sakshi Demo,loc-f9507722-f4c3-45a1-a7a6-6358548bea05,A&w Lab new(Dont take order),catlg-5f49688b-1b0a-4963-9e20-90dba233b023,A&w Lab new(Dont take order) Catalog,itm-6111f62f-7b1f-4085-80f6-a04f71e65d45,Mini Meal - Bacon Single,0,modgrp-49f6b8c4-7d89-420c-9c0d-bacb0d0a372d,Chkn & Seafood Food Modifiers,modfr-1df35335-1c77-46b2-b7de-e9006d6f43d7,Jalapenos,0,False,0,99,True,NULL,NULL,False,,NULL,True,False,2025-08-22 06:57:39.012652,2025-08-22 06:57:39.012652,2026-06-21 12:59:55.315563
org-tf5i2lw1qz,Sakshi Demo,loc-f9507722-f4c3-45a1-a7a6-6358548bea05,A&w Lab new(Dont take order),catlg-5f49688b-1b0a-4963-9e20-90dba233b023,A&w Lab new(Dont take order) Catalog,itm-6111f62f-7b1f-4085-80f6-a04f71e65d45,Mini Meal - Bacon Single,0,modgrp-49f6b8c4-7d89-420c-9c0d-bacb0d0a372d,Chkn & Seafood Food Modifiers,modfr-1f5971ae-08e3-456c-b2ca-28ec5aa2d9ad,Cheese,0,False,0,99,True,NULL,NULL,False,,0.5000,True,False,2025-08-22 06:57:39.01266,2025-08-22 06:57:39.01266,2026-06-21 12:59:55.315563
org-tf5i2lw1qz,Sakshi Demo,loc-f9507722-f4c3-45a1-a7a6-6358548bea05,A&w Lab new(Dont take order),catlg-5f49688b-1b0a-4963-9e20-90dba233b023,A&w Lab new(Dont take order) Catalog,itm-6111f62f-7b1f-4085-80f6-a04f71e65d45,Mini Meal - Bacon Single,0,modgrp-49f6b8c4-7d89-420c-9c0d-bacb0d0a372d,Chkn & Seafood Food Modifiers,modfr-2385f4e3-460f-4fa6-b9e7-8793d1b56dc8,No Salt,0,False,0,99,True,NULL,NULL,False,,NULL,True,False,2025-08-22 06:57:39.012657,2025-08-22 06:57:39.012657,2026-06-21 12:59:55.315563
org-tf5i2lw1qz,Sakshi Demo,loc-f9507722-f4c3-45a1-a7a6-6358548bea05,A&w Lab new(Dont take order),catlg-5f49688b-1b0a-4963-9e20-90dba233b023,A&w Lab new(Dont take order) Catalog,itm-6111f62f-7b1f-4085-80f6-a04f71e65d45,Mini Meal - Bacon Single,0,modgrp-49f6b8c4-7d89-420c-9c0d-bacb0d0a372d,Chkn & Seafood Food Modifiers,modfr-24ddc0bc-7bc7-4863-9c34-2397f0090b41,Sweet & Sour Sauce,0,False,0,99,True,NULL,NULL,False,,0.5000,True,False,2025-08-22 06:57:39.012659,2025-08-22 06:57:39.012659,2026-06-21 12:59:55.315563
org-tf5i2lw1qz,Sakshi Demo,loc-f9507722-f4c3-45a1-a7a6-6358548bea05,A&w Lab new(Dont take order),catlg-5f49688b-1b0a-4963-9e20-90dba233b023,A&w Lab new(Dont take order) Catalog,itm-6111f62f-7b1f-4085-80f6-a04f71e65d45,Mini Meal - Bacon Single,0,modgrp-49f6b8c4-7d89-420c-9c0d-bacb0d0a372d,Chkn & Seafood Food Modifiers,modfr-2d3af169-267e-4bb9-bb39-bf1bed85e1d0,No Sauce,0,False,0,99,True,NULL,NULL,False,,NULL,True,False,2025-08-22 06:57:39.012655,2025-08-22 06:57:39.012655,2026-06-21 12:59:55.315563
org-2ad9799e-2df3-4ebb-9563-8772f5638552,Rohan's Org,loc-9dd1eaea-e264-4d51-bffb-1abdc65e3fff,Upsell Testing,catlg-e77cf90f-2b34-4aa0-9eb6-642bef1ac285,Upsell Testing Catalog,itm-c4031adb-3c58-4024-8910-9cd2c6d46718,Large Sriracha Cheese Curds (Combo Upgrade Price),0,modgrp-794dfe86-a9b3-4024-a381-90c6b7601221,Chkn & Seafood Food Modifiers,modfr-a5a69a53-3c54-43a5-a372-0db442fc51da,No Sauce,0,False,0,99,True,NULL,NULL,False,,NULL,True,False,2025-10-23 16:17:40.406244,2025-10-23 16:17:40.406244,2026-06-21 12:59:59.234443
org-2ad9799e-2df3-4ebb-9563-8772f5638552,Rohan's Org,loc-9dd1eaea-e264-4d51-bffb-1abdc65e3fff,Upsell Testing,catlg-e77cf90f-2b34-4aa0-9eb6-642bef1ac285,Upsell Testing Catalog,itm-c4031adb-3c58-4024-8910-9cd2c6d46718,Large Sriracha Cheese Curds (Combo Upgrade Price),0,modgrp-794dfe86-a9b3-4024-a381-90c6b7601221,Chkn & Seafood Food Modifiers,modfr-a7713ede-57b8-419c-a02f-539b12606c28,Italian,0,False,0,99,True,NULL,NULL,False,,NULL,True,False,2025-10-23 16:17:40.406244,2025-10-23 16:17:40.406244,2026-06-21 12:59:59.234443
org-2ad9799e-2df3-4ebb-9563-8772f5638552,Rohan's Org,loc-9dd1eaea-e264-4d51-bffb-1abdc65e3fff,Upsell Testing,catlg-e77cf90f-2b34-4aa0-9eb6-642bef1ac285,Upsell Testing Catalog,itm-c4031adb-3c58-4024-8910-9cd2c6d46718,Large Sriracha Cheese Curds (Combo Upgrade Price),0,modgrp-794dfe86-a9b3-4024-a381-90c6b7601221,Chkn & Seafood Food Modifiers,modfr-a8b1be21-2214-4e68-bfee-6b332fa10798,Salt,0,False,0,99,True,NULL,NULL,False,,NULL,True,False,2025-10-23 16:17:40.406244,2025-10-23 16:17:40.406244,2026-06-21 12:59:59.234443
org-2ad9799e-2df3-4ebb-9563-8772f5638552,Rohan's Org,loc-9dd1eaea-e264-4d51-bffb-1abdc65e3fff,Upsell Testing,catlg-e77cf90f-2b34-4aa0-9eb6-642bef1ac285,Upsell Testing Catalog,itm-c4031adb-3c58-4024-8910-9cd2c6d46718,Large Sriracha Cheese Curds (Combo Upgrade Price),0,modgrp-794dfe86-a9b3-4024-a381-90c6b7601221,Chkn & Seafood Food Modifiers,modfr-b44082df-c316-4c95-8360-0a1954861e3c,Jalapenos,0,False,0,99,True,NULL,NULL,False,,0.5000,True,False,2025-10-23 16:17:40.406244,2025-10-23 16:17:40.406244,2026-06-21 12:59:59.234443
org-2ad9799e-2df3-4ebb-9563-8772f5638552,Rohan's Org,loc-9dd1eaea-e264-4d51-bffb-1abdc65e3fff,Upsell Testing,catlg-e77cf90f-2b34-4aa0-9eb6-642bef1ac285,Upsell Testing Catalog,itm-c4031adb-3c58-4024-8910-9cd2c6d46718,Large Sriracha Cheese Curds (Combo Upgrade Price),0,modgrp-794dfe86-a9b3-4024-a381-90c6b7601221,Chkn & Seafood Food Modifiers,modfr-b496d8f2-6ca2-4b08-b75c-4714f453ba09,Lite Ranch,0,False,0,99,True,NULL,NULL,False,,0.3500,True,False,2025-10-23 16:17:40.406244,2025-10-23 16:17:40.406244,2026-06-21 12:59:59.234443
org-2ad9799e-2df3-4ebb-9563-8772f5638552,Rohan's Org,loc-9dd1eaea-e264-4d51-bffb-1abdc65e3fff,Upsell Testing,catlg-e77cf90f-2b34-4aa0-9eb6-642bef1ac285,Upsell Testing Catalog,itm-c4031adb-3c58-4024-8910-9cd2c6d46718,Large Sriracha Cheese Curds (Combo Upgrade Price),0,modgrp-794dfe86-a9b3-4024-a381-90c6b7601221,Chkn & Seafood Food Modifiers,modfr-b49769f2-6301-41d4-8333-73e4c734ceba,Cut,0,False,0,99,True,NULL,NULL,False,,NULL,True,False,2025-10-23 16:17:40.406244,2025-10-23 16:17:40.406244,2026-06-21 12:59:59.234443
org-2ad9799e-2df3-4ebb-9563-8772f5638552,Rohan's Org,loc-9dd1eaea-e264-4d51-bffb-1abdc65e3fff,Upsell Testing,catlg-e77cf90f-2b34-4aa0-9eb6-642bef1ac285,Upsell Testing Catalog,itm-c4031adb-3c58-4024-8910-9cd2c6d46718,Large Sriracha Cheese Curds (Combo Upgrade Price),0,modgrp-794dfe86-a9b3-4024-a381-90c6b7601221,Chkn & Seafood Food Modifiers,modfr-b72a2657-6336-4911-ae2f-8baeee454ee3,AW Sauce,0,False,0,99,True,NULL,NULL,False,,0.2500,True,False,2025-10-23 16:17:40.406244,2025-10-23 16:17:40.406244,2026-06-21 12:59:59.234443
org-2ad9799e-2df3-4ebb-9563-8772f5638552,Rohan's Org,loc-9dd1eaea-e264-4d51-bffb-1abdc65e3fff,Upsell Testing,catlg-e77cf90f-2b34-4aa0-9eb6-642bef1ac285,Upsell Testing Catalog,itm-c4031adb-3c58-4024-8910-9cd2c6d46718,Large Sriracha Cheese Curds (Combo Upgrade Price),0,modgrp-794dfe86-a9b3-4024-a381-90c6b7601221,Chkn & Seafood Food Modifiers,modfr-b981632d-b297-474f-8131-6add4f39757a,3 Pepper Fire Sauce,0,False,0,99,True,NULL,NULL,False,,0.2500,True,False,2025-10-23 16:17:40.406244,2025-10-23 16:17:40.406244,2026-06-21 12:59:59.234443
org-2ad9799e-2df3-4ebb-9563-8772f5638552,Rohan's Org,loc-9dd1eaea-e264-4d51-bffb-1abdc65e3fff,Upsell Testing,catlg-e77cf90f-2b34-4aa0-9eb6-642bef1ac285,Upsell Testing Catalog,itm-c4031adb-3c58-4024-8910-9cd2c6d46718,Large Sriracha Cheese Curds (Combo Upgrade Price),0,modgrp-794dfe86-a9b3-4024-a381-90c6b7601221,Chkn & Seafood Food Modifiers,modfr-cf388f28-b554-486c-883d-44b53cd7a153,Coney Sauce,0,False,0,99,True,NULL,NULL,False,,0.5000,True,False,2025-10-23 16:17:40.406244,2025-10-23 16:17:40.406244,2026-06-21 12:59:59.234443
org-2ad9799e-2df3-4ebb-9563-8772f5638552,Rohan's Org,loc-9dd1eaea-e264-4d51-bffb-1abdc65e3fff,Upsell Testing,catlg-e77cf90f-2b34-4aa0-9eb6-642bef1ac285,Upsell Testing Catalog,itm-c4031adb-3c58-4024-8910-9cd2c6d46718,Large Sriracha Cheese Curds (Combo Upgrade Price),0,modgrp-794dfe86-a9b3-4024-a381-90c6b7601221,Chkn & Seafood Food Modifiers,modfr-e5515ea2-afe4-4526-bb77-5dfa7987cded,**Allergy Alert***,0,False,0,99,True,NULL,NULL,False,,NULL,True,False,2025-10-23 16:17:40.406244,2025-10-23 16:17:40.406244,2026-06-21 12:59:59.234443
org-2ad9799e-2df3-4ebb-9563-8772f5638552,Rohan's Org,loc-9dd1eaea-e264-4d51-bffb-1abdc65e3fff,Upsell Testing,catlg-e77cf90f-2b34-4aa0-9eb6-642bef1ac285,Upsell Testing Catalog,itm-c4031adb-3c58-4024-8910-9cd2c6d46718,Large Sriracha Cheese Curds (Combo Upgrade Price),0,modgrp-794dfe86-a9b3-4024-a381-90c6b7601221,Chkn & Seafood Food Modifiers,modfr-e6834cd7-cc7c-4ecc-a759-b42ce3c86bd5,Mustard,0,False,0,99,True,NULL,NULL,False,,NULL,True,False,2025-10-23 16:17:40.406244,2025-10-23 16:17:40.406244,2026-06-21 12:59:59.234443
org-2ad9799e-2df3-4ebb-9563-8772f5638552,Rohan's Org,loc-9dd1eaea-e264-4d51-bffb-1abdc65e3fff,Upsell Testing,catlg-e77cf90f-2b34-4aa0-9eb6-642bef1ac285,Upsell Testing Catalog,itm-c4031adb-3c58-4024-8910-9cd2c6d46718,Large Sriracha Cheese Curds (Combo Upgrade Price),0,modgrp-794dfe86-a9b3-4024-a381-90c6b7601221,Chkn & Seafood Food Modifiers,modfr-e9bad9d3-c400-4afc-9c22-8bc0a7d4e760,Sweet & Sour,0,False,0,99,True,NULL,NULL,False,,0.3500,True,False,2025-10-23 16:17:40.406244,2025-10-23 16:17:40.406244,2026-06-21 12:59:59.234443
org-2ad9799e-2df3-4ebb-9563-8772f5638552,Rohan's Org,loc-9dd1eaea-e264-4d51-bffb-1abdc65e3fff,Upsell Testing,catlg-e77cf90f-2b34-4aa0-9eb6-642bef1ac285,Upsell Testing Catalog,itm-c4031adb-3c58-4024-8910-9cd2c6d46718,Large Sriracha Cheese Curds (Combo Upgrade Price),0,modgrp-794dfe86-a9b3-4024-a381-90c6b7601221,Chkn & Seafood Food Modifiers,modfr-f4eebc7b-3321-4339-a5f9-042f454645f6,Lemon,0,False,0,99,True,NULL,NULL,False,,NULL,True,False,2025-10-23 16:17:40.406244,2025-10-23 16:17:40.406244,2026-06-21 12:59:59.234443
org-2ad9799e-2df3-4ebb-9563-8772f5638552,Rohan's Org,loc-9dd1eaea-e264-4d51-bffb-1abdc65e3fff,Upsell Testing,catlg-e77cf90f-2b34-4aa0-9eb6-642bef1ac285,Upsell Testing Catalog,itm-c4031adb-3c58-4024-8910-9cd2c6d46718,Large Sriracha Cheese Curds (Combo Upgrade Price),0,modgrp-ce8894d8-6019-475c-b6ef-992e4283db2c,Sauce,modfr-0116a279-a1e3-4058-b254-6d9f5d5b657a,Fry Sauce,0,False,0,8,True,NULL,NULL,False,,0.5000,True,False,2025-10-23 16:17:40.406244,2025-10-23 16:17:40.406244,2026-06-21 12:59:59.234443
org-2ad9799e-2df3-4ebb-9563-8772f5638552,Rohan's Org,loc-9dd1eaea-e264-4d51-bffb-1abdc65e3fff,Upsell Testing,catlg-e77cf90f-2b34-4aa0-9eb6-642bef1ac285,Upsell Testing Catalog,itm-c4031adb-3c58-4024-8910-9cd2c6d46718,Large Sriracha Cheese Curds (Combo Upgrade Price),0,modgrp-ce8894d8-6019-475c-b6ef-992e4283db2c,Sauce,modfr-1a1da687-1152-40e9-9c6e-0588a3f85ecd,Sweet Thai Chili,0,False,0,8,True,NULL,NULL,False,,0.2500,True,False,2025-10-23 16:17:40.406244,2025-10-23 16:17:40.406244,2026-06-21 12:59:59.234443
org-2ad9799e-2df3-4ebb-9563-8772f5638552,Rohan's Org,loc-9dd1eaea-e264-4d51-bffb-1abdc65e3fff,Upsell Testing,catlg-e77cf90f-2b34-4aa0-9eb6-642bef1ac285,Upsell Testing Catalog,itm-c4031adb-3c58-4024-8910-9cd2c6d46718,Large Sriracha Cheese Curds (Combo Upgrade Price),0,modgrp-ce8894d8-6019-475c-b6ef-992e4283db2c,Sauce,modfr-32c220c5-fb9e-4ddd-a9dd-ccef8af65e93,Buffalo Sauce,0,False,0,8,True,NULL,NULL,False,,0.2500,True,False,2025-10-23 16:17:40.406244,2025-10-23 16:17:40.406244,2026-06-21 12:59:59.234443
org-tf5i2lw1qz,Sakshi Demo,loc-f9507722-f4c3-45a1-a7a6-6358548bea05,A&w Lab new(Dont take order),catlg-5f49688b-1b0a-4963-9e20-90dba233b023,A&w Lab new(Dont take order) Catalog,itm-6111f62f-7b1f-4085-80f6-a04f71e65d45,Mini Meal - Bacon Single,0,modgrp-49f6b8c4-7d89-420c-9c0d-bacb0d0a372d,Chkn & Seafood Food Modifiers,modfr-2e44d443-ac25-4153-8f8a-eaa012030aa6,AW Sauce,0,False,0,99,True,NULL,NULL,False,,0.2500,True,False,2025-08-22 06:57:39.01266,2025-08-22 06:57:39.01266,2026-06-21 12:59:55.315563
org-tf5i2lw1qz,Sakshi Demo,loc-f9507722-f4c3-45a1-a7a6-6358548bea05,A&w Lab new(Dont take order),catlg-5f49688b-1b0a-4963-9e20-90dba233b023,A&w Lab new(Dont take order) Catalog,itm-6111f62f-7b1f-4085-80f6-a04f71e65d45,Mini Meal - Bacon Single,0,modgrp-49f6b8c4-7d89-420c-9c0d-bacb0d0a372d,Chkn & Seafood Food Modifiers,modfr-3581395d-200e-4303-9c49-56fa03f9c04a,Mushrooms,0,False,0,99,True,NULL,NULL,False,,0.5000,True,False,2025-08-22 06:57:39.012652,2025-08-22 06:57:39.012652,2026-06-21 12:59:55.315563
org-tf5i2lw1qz,Sakshi Demo,loc-f9507722-f4c3-45a1-a7a6-6358548bea05,A&w Lab new(Dont take order),catlg-5f49688b-1b0a-4963-9e20-90dba233b023,A&w Lab new(Dont take order) Catalog,itm-6111f62f-7b1f-4085-80f6-a04f71e65d45,Mini Meal - Bacon Single,0,modgrp-49f6b8c4-7d89-420c-9c0d-bacb0d0a372d,Chkn & Seafood Food Modifiers,modfr-36d60814-bf93-42aa-a157-63f7ab6546cf,Ketchup,0,False,0,99,True,NULL,NULL,False,,NULL,True,False,2025-08-22 06:57:39.012652,2025-08-22 06:57:39.012652,2026-06-21 12:59:55.315563
org-tf5i2lw1qz,Sakshi Demo,loc-f9507722-f4c3-45a1-a7a6-6358548bea05,A&w Lab new(Dont take order),catlg-5f49688b-1b0a-4963-9e20-90dba233b023,A&w Lab new(Dont take order) Catalog,itm-6111f62f-7b1f-4085-80f6-a04f71e65d45,Mini Meal - Bacon Single,0,modgrp-49f6b8c4-7d89-420c-9c0d-bacb0d0a372d,Chkn & Seafood Food Modifiers,modfr-3a581c46-ac3c-4753-9a5d-3c5277c49aa6,Onions,0,False,0,99,True,NULL,NULL,False,,0.5000,True,False,2025-08-22 06:57:39.012653,2025-08-22 06:57:39.012653,2026-06-21 12:59:55.315563
org-tf5i2lw1qz,Sakshi Demo,loc-f9507722-f4c3-45a1-a7a6-6358548bea05,A&w Lab new(Dont take order),catlg-5f49688b-1b0a-4963-9e20-90dba233b023,A&w Lab new(Dont take order) Catalog,itm-6111f62f-7b1f-4085-80f6-a04f71e65d45,Mini Meal - Bacon Single,0,modgrp-49f6b8c4-7d89-420c-9c0d-bacb0d0a372d,Chkn & Seafood Food Modifiers,modfr-43e04c6d-7c12-4a7b-80c0-a89efd25f7da,Lettuce,0,False,0,99,True,NULL,NULL,False,,0.5000,True,False,2025-08-22 06:57:39.012652,2025-08-22 06:57:39.012652,2026-06-21 12:59:55.315563
org-tf5i2lw1qz,Sakshi Demo,loc-f9507722-f4c3-45a1-a7a6-6358548bea05,A&w Lab new(Dont take order),catlg-5f49688b-1b0a-4963-9e20-90dba233b023,A&w Lab new(Dont take order) Catalog,itm-6111f62f-7b1f-4085-80f6-a04f71e65d45,Mini Meal - Bacon Single,0,modgrp-49f6b8c4-7d89-420c-9c0d-bacb0d0a372d,Chkn & Seafood Food Modifiers,modfr-43e9d07d-5125-49c9-b583-0fc0fbed4819,Burger Patty,0,False,0,99,True,NULL,NULL,False,,1.4000,True,False,2025-08-22 06:57:39.01265,2025-08-22 06:57:39.01265,2026-06-21 12:59:55.315563
org-tf5i2lw1qz,Sakshi Demo,loc-f9507722-f4c3-45a1-a7a6-6358548bea05,A&w Lab new(Dont take order),catlg-5f49688b-1b0a-4963-9e20-90dba233b023,A&w Lab new(Dont take order) Catalog,itm-6111f62f-7b1f-4085-80f6-a04f71e65d45,Mini Meal - Bacon Single,0,modgrp-49f6b8c4-7d89-420c-9c0d-bacb0d0a372d,Chkn & Seafood Food Modifiers,modfr-451c83fd-91fe-4d9c-8541-0b75d1b2c115,Sweet Relish ,0,False,0,99,True,NULL,NULL,False,,NULL,True,False,2025-08-22 06:57:39.012654,2025-08-22 06:57:39.012654,2026-06-21 12:59:55.315563
org-tf5i2lw1qz,Sakshi Demo,loc-f9507722-f4c3-45a1-a7a6-6358548bea05,A&w Lab new(Dont take order),catlg-5f49688b-1b0a-4963-9e20-90dba233b023,A&w Lab new(Dont take order) Catalog,itm-6111f62f-7b1f-4085-80f6-a04f71e65d45,Mini Meal - Bacon Single,0,modgrp-49f6b8c4-7d89-420c-9c0d-bacb0d0a372d,Chkn & Seafood Food Modifiers,modfr-4dcf3ae6-5501-4885-bf9d-37714f4717f4,French,0,False,0,99,True,NULL,NULL,False,,NULL,True,False,2025-08-22 06:57:39.012683,2025-08-22 06:57:39.012683,2026-06-21 12:59:55.315563
org-tf5i2lw1qz,Sakshi Demo,loc-f9507722-f4c3-45a1-a7a6-6358548bea05,A&w Lab new(Dont take order),catlg-5f49688b-1b0a-4963-9e20-90dba233b023,A&w Lab new(Dont take order) Catalog,itm-6111f62f-7b1f-4085-80f6-a04f71e65d45,Mini Meal - Bacon Single,0,modgrp-49f6b8c4-7d89-420c-9c0d-bacb0d0a372d,Chkn & Seafood Food Modifiers,modfr-596840a4-1d42-419b-a8d3-e5305259b81d,Bun,0,False,0,99,True,NULL,NULL,False,,0.5000,True,False,2025-08-22 06:57:39.01265,2025-08-22 06:57:39.01265,2026-06-21 12:59:55.315563
org-tf5i2lw1qz,Sakshi Demo,loc-f9507722-f4c3-45a1-a7a6-6358548bea05,A&w Lab new(Dont take order),catlg-5f49688b-1b0a-4963-9e20-90dba233b023,A&w Lab new(Dont take order) Catalog,itm-6111f62f-7b1f-4085-80f6-a04f71e65d45,Mini Meal - Bacon Single,0,modgrp-49f6b8c4-7d89-420c-9c0d-bacb0d0a372d,Chkn & Seafood Food Modifiers,modfr-5dc1baf2-d571-4895-b1ec-1faad0298879,Seasoning,0,False,0,99,True,NULL,NULL,False,,NULL,True,False,2025-08-22 06:57:39.012654,2025-08-22 06:57:39.012654,2026-06-21 12:59:55.315563
org-tf5i2lw1qz,Sakshi Demo,loc-f9507722-f4c3-45a1-a7a6-6358548bea05,A&w Lab new(Dont take order),catlg-5f49688b-1b0a-4963-9e20-90dba233b023,A&w Lab new(Dont take order) Catalog,itm-6111f62f-7b1f-4085-80f6-a04f71e65d45,Mini Meal - Bacon Single,0,modgrp-49f6b8c4-7d89-420c-9c0d-bacb0d0a372d,Chkn & Seafood Food Modifiers,modfr-600274b1-dd7a-411e-b457-ae171b9f21cb,Pickles,0,False,0,99,True,NULL,NULL,False,,0.5000,True,False,2025-08-22 06:57:39.012653,2025-08-22 06:57:39.012653,2026-06-21 12:59:55.315563
org-tf5i2lw1qz,Sakshi Demo,loc-f9507722-f4c3-45a1-a7a6-6358548bea05,A&w Lab new(Dont take order),catlg-5f49688b-1b0a-4963-9e20-90dba233b023,A&w Lab new(Dont take order) Catalog,itm-6111f62f-7b1f-4085-80f6-a04f71e65d45,Mini Meal - Bacon Single,0,modgrp-49f6b8c4-7d89-420c-9c0d-bacb0d0a372d,Chkn & Seafood Food Modifiers,modfr-60eab4a7-5c2f-4049-8e50-3342b2bc6671,No Seasoning,0,False,0,99,True,NULL,NULL,False,,NULL,True,False,2025-08-22 06:57:39.012657,2025-08-22 06:57:39.012657,2026-06-21 12:59:55.315563
org-tf5i2lw1qz,Sakshi Demo,loc-f9507722-f4c3-45a1-a7a6-6358548bea05,A&w Lab new(Dont take order),catlg-5f49688b-1b0a-4963-9e20-90dba233b023,A&w Lab new(Dont take order) Catalog,itm-6111f62f-7b1f-4085-80f6-a04f71e65d45,Mini Meal - Bacon Single,0,modgrp-49f6b8c4-7d89-420c-9c0d-bacb0d0a372d,Chkn & Seafood Food Modifiers,modfr-62d22f1c-917a-483d-a890-73f1b1ca2708,Malt Vinegar,0,False,0,99,True,NULL,NULL,False,,NULL,True,False,2025-08-22 06:57:39.012682,2025-08-22 06:57:39.012682,2026-06-21 12:59:55.315563
org-tf5i2lw1qz,Sakshi Demo,loc-f9507722-f4c3-45a1-a7a6-6358548bea05,A&w Lab new(Dont take order),catlg-5f49688b-1b0a-4963-9e20-90dba233b023,A&w Lab new(Dont take order) Catalog,itm-6111f62f-7b1f-4085-80f6-a04f71e65d45,Mini Meal - Bacon Single,0,modgrp-49f6b8c4-7d89-420c-9c0d-bacb0d0a372d,Chkn & Seafood Food Modifiers,modfr-680f22d5-bf60-474c-8148-79f661ddf828,Lite Ranch,0,False,0,99,True,NULL,NULL,False,,0.3500,True,False,2025-08-22 06:57:39.012683,2025-08-22 06:57:39.012683,2026-06-21 12:59:55.315563
org-tf5i2lw1qz,Sakshi Demo,loc-f9507722-f4c3-45a1-a7a6-6358548bea05,A&w Lab new(Dont take order),catlg-5f49688b-1b0a-4963-9e20-90dba233b023,A&w Lab new(Dont take order) Catalog,itm-6111f62f-7b1f-4085-80f6-a04f71e65d45,Mini Meal - Bacon Single,0,modgrp-49f6b8c4-7d89-420c-9c0d-bacb0d0a372d,Chkn & Seafood Food Modifiers,modfr-69dda00b-eeb0-4cbe-b96b-2b404ef6e312,Ranch,0,False,0,99,True,NULL,NULL,False,,0.2500,True,False,2025-08-22 06:57:39.012653,2025-08-22 06:57:39.012653,2026-06-21 12:59:55.315563
org-tf5i2lw1qz,Sakshi Demo,loc-f9507722-f4c3-45a1-a7a6-6358548bea05,A&w Lab new(Dont take order),catlg-5f49688b-1b0a-4963-9e20-90dba233b023,A&w Lab new(Dont take order) Catalog,itm-6111f62f-7b1f-4085-80f6-a04f71e65d45,Mini Meal - Bacon Single,0,modgrp-49f6b8c4-7d89-420c-9c0d-bacb0d0a372d,Chkn & Seafood Food Modifiers,modfr-78d1279f-4708-41eb-837d-aa1dab26a9a2,Gravy,0,False,0,99,True,NULL,NULL,False,,0.5000,True,False,2025-08-22 06:57:39.012682,2025-08-22 06:57:39.012682,2026-06-21 12:59:55.315563
org-tf5i2lw1qz,Sakshi Demo,loc-f9507722-f4c3-45a1-a7a6-6358548bea05,A&w Lab new(Dont take order),catlg-5f49688b-1b0a-4963-9e20-90dba233b023,A&w Lab new(Dont take order) Catalog,itm-6111f62f-7b1f-4085-80f6-a04f71e65d45,Mini Meal - Bacon Single,0,modgrp-49f6b8c4-7d89-420c-9c0d-bacb0d0a372d,Chkn & Seafood Food Modifiers,modfr-7a12af52-8317-4930-a8ce-5b00c094ebef,Lemon,0,False,0,99,True,NULL,NULL,False,,NULL,True,False,2025-08-22 06:57:39.012682,2025-08-22 06:57:39.012682,2026-06-21 12:59:55.315563
org-2ad9799e-2df3-4ebb-9563-8772f5638552,Rohan's Org,loc-9dd1eaea-e264-4d51-bffb-1abdc65e3fff,Upsell Testing,catlg-e77cf90f-2b34-4aa0-9eb6-642bef1ac285,Upsell Testing Catalog,itm-c4031adb-3c58-4024-8910-9cd2c6d46718,Large Sriracha Cheese Curds (Combo Upgrade Price),0,modgrp-794dfe86-a9b3-4024-a381-90c6b7601221,Chkn & Seafood Food Modifiers,modfr-9ac481a7-2b43-4e4a-b1bf-d153299d66d3,Sweet Relish ,0,False,0,99,True,NULL,NULL,False,,NULL,True,False,2025-10-23 16:17:40.406244,2025-10-23 16:17:40.406244,2026-06-21 12:59:32.421258
org-2ad9799e-2df3-4ebb-9563-8772f5638552,Rohan's Org,loc-9dd1eaea-e264-4d51-bffb-1abdc65e3fff,Upsell Testing,catlg-e77cf90f-2b34-4aa0-9eb6-642bef1ac285,Upsell Testing Catalog,itm-c4031adb-3c58-4024-8910-9cd2c6d46718,Large Sriracha Cheese Curds (Combo Upgrade Price),0,modgrp-794dfe86-a9b3-4024-a381-90c6b7601221,Chkn & Seafood Food Modifiers,modfr-a23a330b-7bb8-425a-a98f-e153d9a39071,Fat Free Ranch,0,False,0,99,True,NULL,NULL,False,,0.3500,True,False,2025-10-23 16:17:40.406244,2025-10-23 16:17:40.406244,2026-06-21 12:59:32.421258
org-2ad9799e-2df3-4ebb-9563-8772f5638552,Rohan's Org,loc-9dd1eaea-e264-4d51-bffb-1abdc65e3fff,Upsell Testing,catlg-e77cf90f-2b34-4aa0-9eb6-642bef1ac285,Upsell Testing Catalog,itm-c4031adb-3c58-4024-8910-9cd2c6d46718,Large Sriracha Cheese Curds (Combo Upgrade Price),0,modgrp-794dfe86-a9b3-4024-a381-90c6b7601221,Chkn & Seafood Food Modifiers,modfr-a4fba93b-f205-472f-b42a-62b948cf15ef,Grilled Onions,0,False,0,99,True,NULL,NULL,False,,0.5000,True,False,2025-10-23 16:17:40.406244,2025-10-23 16:17:40.406244,2026-06-21 12:59:32.421258
org-2ad9799e-2df3-4ebb-9563-8772f5638552,Rohan's Org,loc-9dd1eaea-e264-4d51-bffb-1abdc65e3fff,Upsell Testing,catlg-e77cf90f-2b34-4aa0-9eb6-642bef1ac285,Upsell Testing Catalog,itm-c4031adb-3c58-4024-8910-9cd2c6d46718,Large Sriracha Cheese Curds (Combo Upgrade Price),0,modgrp-794dfe86-a9b3-4024-a381-90c6b7601221,Chkn & Seafood Food Modifiers,modfr-a588be61-025e-413d-a76f-c31a21b485e2,French,0,False,0,99,True,NULL,NULL,False,,0.2500,True,False,2025-10-23 16:17:40.406244,2025-10-23 16:17:40.406244,2026-06-21 12:59:32.421258
org-2ad9799e-2df3-4ebb-9563-8772f5638552,Rohan's Org,loc-9dd1eaea-e264-4d51-bffb-1abdc65e3fff,Upsell Testing,catlg-e77cf90f-2b34-4aa0-9eb6-642bef1ac285,Upsell Testing Catalog,itm-c4031adb-3c58-4024-8910-9cd2c6d46718,Large Sriracha Cheese Curds (Combo Upgrade Price),0,modgrp-794dfe86-a9b3-4024-a381-90c6b7601221,Chkn & Seafood Food Modifiers,modfr-a5a69a53-3c54-43a5-a372-0db442fc51da,No Sauce,0,False,0,99,True,NULL,NULL,False,,NULL,True,False,2025-10-23 16:17:40.406244,2025-10-23 16:17:40.406244,2026-06-21 12:59:32.421258
org-2ad9799e-2df3-4ebb-9563-8772f5638552,Rohan's Org,loc-9dd1eaea-e264-4d51-bffb-1abdc65e3fff,Upsell Testing,catlg-e77cf90f-2b34-4aa0-9eb6-642bef1ac285,Upsell Testing Catalog,itm-c4031adb-3c58-4024-8910-9cd2c6d46718,Large Sriracha Cheese Curds (Combo Upgrade Price),0,modgrp-794dfe86-a9b3-4024-a381-90c6b7601221,Chkn & Seafood Food Modifiers,modfr-a7713ede-57b8-419c-a02f-539b12606c28,Italian,0,False,0,99,True,NULL,NULL,False,,NULL,True,False,2025-10-23 16:17:40.406244,2025-10-23 16:17:40.406244,2026-06-21 12:59:32.421258
org-2ad9799e-2df3-4ebb-9563-8772f5638552,Rohan's Org,loc-9dd1eaea-e264-4d51-bffb-1abdc65e3fff,Upsell Testing,catlg-e77cf90f-2b34-4aa0-9eb6-642bef1ac285,Upsell Testing Catalog,itm-c4031adb-3c58-4024-8910-9cd2c6d46718,Large Sriracha Cheese Curds (Combo Upgrade Price),0,modgrp-794dfe86-a9b3-4024-a381-90c6b7601221,Chkn & Seafood Food Modifiers,modfr-a8b1be21-2214-4e68-bfee-6b332fa10798,Salt,0,False,0,99,True,NULL,NULL,False,,NULL,True,False,2025-10-23 16:17:40.406244,2025-10-23 16:17:40.406244,2026-06-21 12:59:32.421258
org-2ad9799e-2df3-4ebb-9563-8772f5638552,Rohan's Org,loc-9dd1eaea-e264-4d51-bffb-1abdc65e3fff,Upsell Testing,catlg-e77cf90f-2b34-4aa0-9eb6-642bef1ac285,Upsell Testing Catalog,itm-c4031adb-3c58-4024-8910-9cd2c6d46718,Large Sriracha Cheese Curds (Combo Upgrade Price),0,modgrp-794dfe86-a9b3-4024-a381-90c6b7601221,Chkn & Seafood Food Modifiers,modfr-b44082df-c316-4c95-8360-0a1954861e3c,Jalapenos,0,False,0,99,True,NULL,NULL,False,,0.5000,True,False,2025-10-23 16:17:40.406244,2025-10-23 16:17:40.406244,2026-06-21 12:59:32.421258
org-2ad9799e-2df3-4ebb-9563-8772f5638552,Rohan's Org,loc-9dd1eaea-e264-4d51-bffb-1abdc65e3fff,Upsell Testing,catlg-e77cf90f-2b34-4aa0-9eb6-642bef1ac285,Upsell Testing Catalog,itm-c4031adb-3c58-4024-8910-9cd2c6d46718,Large Sriracha Cheese Curds (Combo Upgrade Price),0,modgrp-794dfe86-a9b3-4024-a381-90c6b7601221,Chkn & Seafood Food Modifiers,modfr-b496d8f2-6ca2-4b08-b75c-4714f453ba09,Lite Ranch,0,False,0,99,True,NULL,NULL,False,,0.3500,True,False,2025-10-23 16:17:40.406244,2025-10-23 16:17:40.406244,2026-06-21 12:59:32.421258
org-2ad9799e-2df3-4ebb-9563-8772f5638552,Rohan's Org,loc-9dd1eaea-e264-4d51-bffb-1abdc65e3fff,Upsell Testing,catlg-e77cf90f-2b34-4aa0-9eb6-642bef1ac285,Upsell Testing Catalog,itm-c4031adb-3c58-4024-8910-9cd2c6d46718,Large Sriracha Cheese Curds (Combo Upgrade Price),0,modgrp-794dfe86-a9b3-4024-a381-90c6b7601221,Chkn & Seafood Food Modifiers,modfr-b49769f2-6301-41d4-8333-73e4c734ceba,Cut,0,False,0,99,True,NULL,NULL,False,,NULL,True,False,2025-10-23 16:17:40.406244,2025-10-23 16:17:40.406244,2026-06-21 12:59:32.421258
org-2ad9799e-2df3-4ebb-9563-8772f5638552,Rohan's Org,loc-9dd1eaea-e264-4d51-bffb-1abdc65e3fff,Upsell Testing,catlg-e77cf90f-2b34-4aa0-9eb6-642bef1ac285,Upsell Testing Catalog,itm-c4031adb-3c58-4024-8910-9cd2c6d46718,Large Sriracha Cheese Curds (Combo Upgrade Price),0,modgrp-794dfe86-a9b3-4024-a381-90c6b7601221,Chkn & Seafood Food Modifiers,modfr-b72a2657-6336-4911-ae2f-8baeee454ee3,AW Sauce,0,False,0,99,True,NULL,NULL,False,,0.2500,True,False,2025-10-23 16:17:40.406244,2025-10-23 16:17:40.406244,2026-06-21 12:59:32.421258
org-2ad9799e-2df3-4ebb-9563-8772f5638552,Rohan's Org,loc-9dd1eaea-e264-4d51-bffb-1abdc65e3fff,Upsell Testing,catlg-e77cf90f-2b34-4aa0-9eb6-642bef1ac285,Upsell Testing Catalog,itm-c4031adb-3c58-4024-8910-9cd2c6d46718,Large Sriracha Cheese Curds (Combo Upgrade Price),0,modgrp-794dfe86-a9b3-4024-a381-90c6b7601221,Chkn & Seafood Food Modifiers,modfr-b981632d-b297-474f-8131-6add4f39757a,3 Pepper Fire Sauce,0,False,0,99,True,NULL,NULL,False,,0.2500,True,False,2025-10-23 16:17:40.406244,2025-10-23 16:17:40.406244,2026-06-21 12:59:32.421258
org-2ad9799e-2df3-4ebb-9563-8772f5638552,Rohan's Org,loc-9dd1eaea-e264-4d51-bffb-1abdc65e3fff,Upsell Testing,catlg-e77cf90f-2b34-4aa0-9eb6-642bef1ac285,Upsell Testing Catalog,itm-c4031adb-3c58-4024-8910-9cd2c6d46718,Large Sriracha Cheese Curds (Combo Upgrade Price),0,modgrp-794dfe86-a9b3-4024-a381-90c6b7601221,Chkn & Seafood Food Modifiers,modfr-cf388f28-b554-486c-883d-44b53cd7a153,Coney Sauce,0,False,0,99,True,NULL,NULL,False,,0.5000,True,False,2025-10-23 16:17:40.406244,2025-10-23 16:17:40.406244,2026-06-21 12:59:32.421258
org-2ad9799e-2df3-4ebb-9563-8772f5638552,Rohan's Org,loc-9dd1eaea-e264-4d51-bffb-1abdc65e3fff,Upsell Testing,catlg-e77cf90f-2b34-4aa0-9eb6-642bef1ac285,Upsell Testing Catalog,itm-c4031adb-3c58-4024-8910-9cd2c6d46718,Large Sriracha Cheese Curds (Combo Upgrade Price),0,modgrp-794dfe86-a9b3-4024-a381-90c6b7601221,Chkn & Seafood Food Modifiers,modfr-e5515ea2-afe4-4526-bb77-5dfa7987cded,**Allergy Alert***,0,False,0,99,True,NULL,NULL,False,,NULL,True,False,2025-10-23 16:17:40.406244,2025-10-23 16:17:40.406244,2026-06-21 12:59:32.421258
org-2ad9799e-2df3-4ebb-9563-8772f5638552,Rohan's Org,loc-9dd1eaea-e264-4d51-bffb-1abdc65e3fff,Upsell Testing,catlg-e77cf90f-2b34-4aa0-9eb6-642bef1ac285,Upsell Testing Catalog,itm-c4031adb-3c58-4024-8910-9cd2c6d46718,Large Sriracha Cheese Curds (Combo Upgrade Price),0,modgrp-794dfe86-a9b3-4024-a381-90c6b7601221,Chkn & Seafood Food Modifiers,modfr-e6834cd7-cc7c-4ecc-a759-b42ce3c86bd5,Mustard,0,False,0,99,True,NULL,NULL,False,,NULL,True,False,2025-10-23 16:17:40.406244,2025-10-23 16:17:40.406244,2026-06-21 12:59:32.421258
org-2ad9799e-2df3-4ebb-9563-8772f5638552,Rohan's Org,loc-9dd1eaea-e264-4d51-bffb-1abdc65e3fff,Upsell Testing,catlg-e77cf90f-2b34-4aa0-9eb6-642bef1ac285,Upsell Testing Catalog,itm-c4031adb-3c58-4024-8910-9cd2c6d46718,Large Sriracha Cheese Curds (Combo Upgrade Price),0,modgrp-794dfe86-a9b3-4024-a381-90c6b7601221,Chkn & Seafood Food Modifiers,modfr-e9bad9d3-c400-4afc-9c22-8bc0a7d4e760,Sweet & Sour,0,False,0,99,True,NULL,NULL,False,,0.3500,True,False,2025-10-23 16:17:40.406244,2025-10-23 16:17:40.406244,2026-06-21 12:59:32.421258
org-tf5i2lw1qz,Sakshi Demo,loc-f9507722-f4c3-45a1-a7a6-6358548bea05,A&w Lab new(Dont take order),catlg-5f49688b-1b0a-4963-9e20-90dba233b023,A&w Lab new(Dont take order) Catalog,itm-6111f62f-7b1f-4085-80f6-a04f71e65d45,Mini Meal - Bacon Single,0,modgrp-49f6b8c4-7d89-420c-9c0d-bacb0d0a372d,Chkn & Seafood Food Modifiers,modfr-9f3f04e5-4a97-4b29-982d-a463fcb73294,Note To Kitchen,0,False,0,99,True,NULL,NULL,False,,NULL,True,False,2025-08-22 06:57:39.012655,2025-08-22 06:57:39.012655,2026-06-21 12:59:55.315563
org-tf5i2lw1qz,Sakshi Demo,loc-f9507722-f4c3-45a1-a7a6-6358548bea05,A&w Lab new(Dont take order),catlg-5f49688b-1b0a-4963-9e20-90dba233b023,A&w Lab new(Dont take order) Catalog,itm-6111f62f-7b1f-4085-80f6-a04f71e65d45,Mini Meal - Bacon Single,0,modgrp-49f6b8c4-7d89-420c-9c0d-bacb0d0a372d,Chkn & Seafood Food Modifiers,modfr-a303b140-9347-41c1-b406-9cabade32e91,See Server,0,False,0,99,True,NULL,NULL,False,,NULL,True,False,2025-08-22 06:57:39.012646,2025-08-22 06:57:39.012646,2026-06-21 12:59:55.315563
org-tf5i2lw1qz,Sakshi Demo,loc-f9507722-f4c3-45a1-a7a6-6358548bea05,A&w Lab new(Dont take order),catlg-5f49688b-1b0a-4963-9e20-90dba233b023,A&w Lab new(Dont take order) Catalog,itm-6111f62f-7b1f-4085-80f6-a04f71e65d45,Mini Meal - Bacon Single,0,modgrp-49f6b8c4-7d89-420c-9c0d-bacb0d0a372d,Chkn & Seafood Food Modifiers,modfr-a6b7a778-e5b5-432f-af9d-13f05ef0647d,Tomato,0,False,0,99,True,NULL,NULL,False,,0.5000,True,False,2025-08-22 06:57:39.012655,2025-08-22 06:57:39.012655,2026-06-21 12:59:55.315563
org-tf5i2lw1qz,Sakshi Demo,loc-f9507722-f4c3-45a1-a7a6-6358548bea05,A&w Lab new(Dont take order),catlg-5f49688b-1b0a-4963-9e20-90dba233b023,A&w Lab new(Dont take order) Catalog,itm-6111f62f-7b1f-4085-80f6-a04f71e65d45,Mini Meal - Bacon Single,0,modgrp-49f6b8c4-7d89-420c-9c0d-bacb0d0a372d,Chkn & Seafood Food Modifiers,modfr-a9fbc7f2-c0a8-4b08-a885-2396099d20a7,Crispy,0,False,0,99,True,NULL,NULL,False,,NULL,True,False,2025-08-22 06:57:39.012657,2025-08-22 06:57:39.012657,2026-06-21 12:59:55.315563
org-tf5i2lw1qz,Sakshi Demo,loc-f9507722-f4c3-45a1-a7a6-6358548bea05,A&w Lab new(Dont take order),catlg-5f49688b-1b0a-4963-9e20-90dba233b023,A&w Lab new(Dont take order) Catalog,itm-6111f62f-7b1f-4085-80f6-a04f71e65d45,Mini Meal - Bacon Single,0,modgrp-49f6b8c4-7d89-420c-9c0d-bacb0d0a372d,Chkn & Seafood Food Modifiers,modfr-ab32817c-f837-4805-836f-7be8ddf09b83,Grilled Onions,0,False,0,99,True,NULL,NULL,False,,0.5000,True,False,2025-08-22 06:57:39.012651,2025-08-22 06:57:39.012651,2026-06-21 12:59:55.315563
org-tf5i2lw1qz,Sakshi Demo,loc-f9507722-f4c3-45a1-a7a6-6358548bea05,A&w Lab new(Dont take order),catlg-5f49688b-1b0a-4963-9e20-90dba233b023,A&w Lab new(Dont take order) Catalog,itm-6111f62f-7b1f-4085-80f6-a04f71e65d45,Mini Meal - Bacon Single,0,modgrp-49f6b8c4-7d89-420c-9c0d-bacb0d0a372d,Chkn & Seafood Food Modifiers,modfr-ae57378e-5cf5-4b7a-ac2d-5792d81252d7,Salt,0,False,0,99,True,NULL,NULL,False,,NULL,True,False,2025-08-22 06:57:39.012654,2025-08-22 06:57:39.012654,2026-06-21 12:59:55.315563
org-tf5i2lw1qz,Sakshi Demo,loc-f9507722-f4c3-45a1-a7a6-6358548bea05,A&w Lab new(Dont take order),catlg-5f49688b-1b0a-4963-9e20-90dba233b023,A&w Lab new(Dont take order) Catalog,itm-6111f62f-7b1f-4085-80f6-a04f71e65d45,Mini Meal - Bacon Single,0,modgrp-49f6b8c4-7d89-420c-9c0d-bacb0d0a372d,Chkn & Seafood Food Modifiers,modfr-b20c0605-f799-4d08-a072-f7f7f4986398,Sweet Thai Chili,0,False,0,99,True,NULL,NULL,False,,0.2500,True,False,2025-08-22 06:57:39.012657,2025-08-22 06:57:39.012657,2026-06-21 12:59:55.315563
org-tf5i2lw1qz,Sakshi Demo,loc-f9507722-f4c3-45a1-a7a6-6358548bea05,A&w Lab new(Dont take order),catlg-5f49688b-1b0a-4963-9e20-90dba233b023,A&w Lab new(Dont take order) Catalog,itm-6111f62f-7b1f-4085-80f6-a04f71e65d45,Mini Meal - Bacon Single,0,modgrp-49f6b8c4-7d89-420c-9c0d-bacb0d0a372d,Chkn & Seafood Food Modifiers,modfr-b286d49a-7dca-411a-824f-016be46ee189,Fry Sauce,0,False,0,99,True,NULL,NULL,False,,0.5000,True,False,2025-08-22 06:57:39.012658,2025-08-22 06:57:39.012658,2026-06-21 12:59:55.315563
org-tf5i2lw1qz,Sakshi Demo,loc-f9507722-f4c3-45a1-a7a6-6358548bea05,A&w Lab new(Dont take order),catlg-5f49688b-1b0a-4963-9e20-90dba233b023,A&w Lab new(Dont take order) Catalog,itm-6111f62f-7b1f-4085-80f6-a04f71e65d45,Mini Meal - Bacon Single,0,modgrp-49f6b8c4-7d89-420c-9c0d-bacb0d0a372d,Chkn & Seafood Food Modifiers,modfr-b3b90b5d-dca0-4d7f-8d36-a4912ea1dd6f,Plain,0,False,0,99,True,NULL,NULL,False,,NULL,True,False,2025-08-22 06:57:39.012645,2025-08-22 06:57:39.012645,2026-06-21 12:59:55.315563
org-tf5i2lw1qz,Sakshi Demo,loc-f9507722-f4c3-45a1-a7a6-6358548bea05,A&w Lab new(Dont take order),catlg-5f49688b-1b0a-4963-9e20-90dba233b023,A&w Lab new(Dont take order) Catalog,itm-6111f62f-7b1f-4085-80f6-a04f71e65d45,Mini Meal - Bacon Single,0,modgrp-49f6b8c4-7d89-420c-9c0d-bacb0d0a372d,Chkn & Seafood Food Modifiers,modfr-b46d34e1-792d-4ef3-bd3b-707f99be7fe6,Hot Sauce,0,False,0,99,True,NULL,NULL,False,,0.2500,True,False,2025-08-22 06:57:39.012682,2025-08-22 06:57:39.012682,2026-06-21 12:59:55.315563
org-tf5i2lw1qz,Sakshi Demo,loc-f9507722-f4c3-45a1-a7a6-6358548bea05,A&w Lab new(Dont take order),catlg-5f49688b-1b0a-4963-9e20-90dba233b023,A&w Lab new(Dont take order) Catalog,itm-6111f62f-7b1f-4085-80f6-a04f71e65d45,Mini Meal - Bacon Single,0,modgrp-49f6b8c4-7d89-420c-9c0d-bacb0d0a372d,Chkn & Seafood Food Modifiers,modfr-b5669eac-1683-40bf-bc53-6ebec4b8daf9,**Peanut Allergy**,0,False,0,99,True,NULL,NULL,False,,NULL,True,False,2025-08-22 06:57:39.012643,2025-08-22 06:57:39.012643,2026-06-21 12:59:55.315563
org-tf5i2lw1qz,Sakshi Demo,loc-f9507722-f4c3-45a1-a7a6-6358548bea05,A&w Lab new(Dont take order),catlg-5f49688b-1b0a-4963-9e20-90dba233b023,A&w Lab new(Dont take order) Catalog,itm-6111f62f-7b1f-4085-80f6-a04f71e65d45,Mini Meal - Bacon Single,0,modgrp-49f6b8c4-7d89-420c-9c0d-bacb0d0a372d,Chkn & Seafood Food Modifiers,modfr-b8f629cb-ba8f-4107-9aab-a17fb40b7bbe,Fat Free Italian,0,False,0,99,True,NULL,NULL,False,,0.3500,True,False,2025-08-22 06:57:39.012684,2025-08-22 06:57:39.012684,2026-06-21 12:59:55.315563
org-tf5i2lw1qz,Sakshi Demo,loc-f9507722-f4c3-45a1-a7a6-6358548bea05,A&w Lab new(Dont take order),catlg-5f49688b-1b0a-4963-9e20-90dba233b023,A&w Lab new(Dont take order) Catalog,itm-6111f62f-7b1f-4085-80f6-a04f71e65d45,Mini Meal - Bacon Single,0,modgrp-49f6b8c4-7d89-420c-9c0d-bacb0d0a372d,Chkn & Seafood Food Modifiers,modfr-c2a93153-69be-4086-a9a3-330b1276b6e8,3 Pepper Fire Sauce,0,False,0,99,True,NULL,NULL,False,,0.2500,True,False,2025-08-22 06:57:39.01266,2025-08-22 06:57:39.01266,2026-06-21 12:59:55.315563
org-tf5i2lw1qz,Sakshi Demo,loc-f9507722-f4c3-45a1-a7a6-6358548bea05,A&w Lab new(Dont take order),catlg-5f49688b-1b0a-4963-9e20-90dba233b023,A&w Lab new(Dont take order) Catalog,itm-6111f62f-7b1f-4085-80f6-a04f71e65d45,Mini Meal - Bacon Single,0,modgrp-49f6b8c4-7d89-420c-9c0d-bacb0d0a372d,Chkn & Seafood Food Modifiers,modfr-c88c7b28-fe0d-4f98-a956-f8a4dc9aa853,Blue Cheese,0,False,0,99,True,NULL,NULL,False,,NULL,True,False,2025-08-22 06:57:39.012683,2025-08-22 06:57:39.012683,2026-06-21 12:59:55.315563
org-tf5i2lw1qz,Sakshi Demo,loc-f9507722-f4c3-45a1-a7a6-6358548bea05,A&w Lab new(Dont take order),catlg-5f49688b-1b0a-4963-9e20-90dba233b023,A&w Lab new(Dont take order) Catalog,itm-6111f62f-7b1f-4085-80f6-a04f71e65d45,Mini Meal - Bacon Single,0,modgrp-49f6b8c4-7d89-420c-9c0d-bacb0d0a372d,Chkn & Seafood Food Modifiers,modfr-cb5581a2-b334-4496-b1a3-97e1cc2e7e12,Salad Dressing,0,False,0,99,True,NULL,NULL,False,,NULL,True,False,2025-08-22 06:57:39.012653,2025-08-22 06:57:39.012653,2026-06-21 12:59:55.315563
org-tf5i2lw1qz,Sakshi Demo,loc-f9507722-f4c3-45a1-a7a6-6358548bea05,A&w Lab new(Dont take order),catlg-5f49688b-1b0a-4963-9e20-90dba233b023,A&w Lab new(Dont take order) Catalog,itm-6111f62f-7b1f-4085-80f6-a04f71e65d45,Mini Meal - Bacon Single,0,modgrp-49f6b8c4-7d89-420c-9c0d-bacb0d0a372d,Chkn & Seafood Food Modifiers,modfr-d623fa49-7924-491d-b2b5-c28ee40c82b4,Swiss Cheese,0,False,0,99,True,NULL,NULL,False,,0.5000,True,False,2025-08-22 06:57:39.012654,2025-08-22 06:57:39.012654,2026-06-21 12:59:55.315563
org-tf5i2lw1qz,Sakshi Demo,loc-f9507722-f4c3-45a1-a7a6-6358548bea05,A&w Lab new(Dont take order),catlg-5f49688b-1b0a-4963-9e20-90dba233b023,A&w Lab new(Dont take order) Catalog,itm-6111f62f-7b1f-4085-80f6-a04f71e65d45,Mini Meal - Bacon Single,0,modgrp-49f6b8c4-7d89-420c-9c0d-bacb0d0a372d,Chkn & Seafood Food Modifiers,modfr-d718469d-2b34-4725-8067-e43f02e2fdad,Bacon,0,False,0,99,True,NULL,NULL,False,,1.0000,True,False,2025-08-22 06:57:39.012649,2025-08-22 06:57:39.012649,2026-06-21 12:59:55.315563
org-tf5i2lw1qz,Sakshi Demo,loc-f9507722-f4c3-45a1-a7a6-6358548bea05,A&w Lab new(Dont take order),catlg-5f49688b-1b0a-4963-9e20-90dba233b023,A&w Lab new(Dont take order) Catalog,itm-6111f62f-7b1f-4085-80f6-a04f71e65d45,Mini Meal - Bacon Single,0,modgrp-49f6b8c4-7d89-420c-9c0d-bacb0d0a372d,Chkn & Seafood Food Modifiers,modfr-d88041f9-10d3-4a55-a6dc-3adc14488946,American Chz,0,False,0,99,True,NULL,0,False,1 cal,0.5000,True,False,2025-08-22 06:57:39.012648,2025-08-22 06:57:39.012648,2026-06-21 12:59:55.315563
org-tf5i2lw1qz,Sakshi Demo,loc-f9507722-f4c3-45a1-a7a6-6358548bea05,A&w Lab new(Dont take order),catlg-5f49688b-1b0a-4963-9e20-90dba233b023,A&w Lab new(Dont take order) Catalog,itm-6111f62f-7b1f-4085-80f6-a04f71e65d45,Mini Meal - Bacon Single,0,modgrp-49f6b8c4-7d89-420c-9c0d-bacb0d0a372d,Chkn & Seafood Food Modifiers,modfr-dd6d1f38-19d2-4155-8311-a94dcf8ee31e,Mustard,0,False,0,99,True,NULL,NULL,False,,NULL,True,False,2025-08-22 06:57:39.012652,2025-08-22 06:57:39.012652,2026-06-21 12:59:55.315563
org-tf5i2lw1qz,Sakshi Demo,loc-f9507722-f4c3-45a1-a7a6-6358548bea05,A&w Lab new(Dont take order),catlg-5f49688b-1b0a-4963-9e20-90dba233b023,A&w Lab new(Dont take order) Catalog,itm-6111f62f-7b1f-4085-80f6-a04f71e65d45,Mini Meal - Bacon Single,0,modgrp-49f6b8c4-7d89-420c-9c0d-bacb0d0a372d,Chkn & Seafood Food Modifiers,modfr-ddec8a33-674e-41fb-8a19-39d169a176fb,Buffalo Sauce,0,False,0,99,True,NULL,NULL,False,,0.2500,True,False,2025-08-22 06:57:39.012656,2025-08-22 06:57:39.012656,2026-06-21 12:59:55.315563
org-tf5i2lw1qz,Sakshi Demo,loc-f9507722-f4c3-45a1-a7a6-6358548bea05,A&w Lab new(Dont take order),catlg-5f49688b-1b0a-4963-9e20-90dba233b023,A&w Lab new(Dont take order) Catalog,itm-6111f62f-7b1f-4085-80f6-a04f71e65d45,Mini Meal - Bacon Single,0,modgrp-49f6b8c4-7d89-420c-9c0d-bacb0d0a372d,Chkn & Seafood Food Modifiers,modfr-e14b30a1-8ea8-4be3-aadc-405a05d8e1a7,Fish Sandwich,0,False,0,99,True,NULL,NULL,False,,5.9900,True,False,2025-08-22 06:57:39.012682,2025-08-22 06:57:39.012682,2026-06-21 12:59:55.315563
org-tf5i2lw1qz,Sakshi Demo,loc-f9507722-f4c3-45a1-a7a6-6358548bea05,A&w Lab new(Dont take order),catlg-5f49688b-1b0a-4963-9e20-90dba233b023,A&w Lab new(Dont take order) Catalog,itm-6111f62f-7b1f-4085-80f6-a04f71e65d45,Mini Meal - Bacon Single,0,modgrp-49f6b8c4-7d89-420c-9c0d-bacb0d0a372d,Chkn & Seafood Food Modifiers,modfr-e17f370c-e3d2-4932-988f-392c24871efd,Sweet & Sour,0,False,0,99,True,NULL,NULL,False,,NULL,True,False,2025-08-22 06:57:39.012656,2025-08-22 06:57:39.012656,2026-06-21 12:59:55.315563
org-tf5i2lw1qz,Sakshi Demo,loc-f9507722-f4c3-45a1-a7a6-6358548bea05,A&w Lab new(Dont take order),catlg-5f49688b-1b0a-4963-9e20-90dba233b023,A&w Lab new(Dont take order) Catalog,itm-6111f62f-7b1f-4085-80f6-a04f71e65d45,Mini Meal - Bacon Single,0,modgrp-49f6b8c4-7d89-420c-9c0d-bacb0d0a372d,Chkn & Seafood Food Modifiers,modfr-e9f0ed73-caff-416c-b915-9524611da21b,Lite Italian,0,False,0,99,True,NULL,NULL,False,,NULL,True,False,2025-08-22 06:57:39.012683,2025-08-22 06:57:39.012683,2026-06-21 12:59:55.315563
org-tf5i2lw1qz,Sakshi Demo,loc-f9507722-f4c3-45a1-a7a6-6358548bea05,A&w Lab new(Dont take order),catlg-5f49688b-1b0a-4963-9e20-90dba233b023,A&w Lab new(Dont take order) Catalog,itm-6111f62f-7b1f-4085-80f6-a04f71e65d45,Mini Meal - Bacon Single,0,modgrp-49f6b8c4-7d89-420c-9c0d-bacb0d0a372d,Chkn & Seafood Food Modifiers,modfr-ef7dada3-85d5-4173-bc25-17d1956e0bd6,Cut,0,False,0,99,True,NULL,NULL,False,,NULL,True,False,2025-08-22 06:57:39.012657,2025-08-22 06:57:39.012657,2026-06-21 12:59:55.315563
org-tf5i2lw1qz,Sakshi Demo,loc-f9507722-f4c3-45a1-a7a6-6358548bea05,A&w Lab new(Dont take order),catlg-5f49688b-1b0a-4963-9e20-90dba233b023,A&w Lab new(Dont take order) Catalog,itm-6111f62f-7b1f-4085-80f6-a04f71e65d45,Mini Meal - Bacon Single,0,modgrp-49f6b8c4-7d89-420c-9c0d-bacb0d0a372d,Chkn & Seafood Food Modifiers,modfr-f4138fb9-f3f4-4a64-aa63-eb3ffbe5d360,Italian,0,False,0,99,True,NULL,NULL,False,,NULL,True,False,2025-08-22 06:57:39.012682,2025-08-22 06:57:39.012682,2026-06-21 12:59:55.315563
org-tf5i2lw1qz,Sakshi Demo,loc-f9507722-f4c3-45a1-a7a6-6358548bea05,A&w Lab new(Dont take order),catlg-5f49688b-1b0a-4963-9e20-90dba233b023,A&w Lab new(Dont take order) Catalog,itm-6111f62f-7b1f-4085-80f6-a04f71e65d45,Mini Meal - Bacon Single,0,modgrp-49f6b8c4-7d89-420c-9c0d-bacb0d0a372d,Chkn & Seafood Food Modifiers,modfr-f45843a2-62e3-401e-8dcb-8854b7b39b2d,Well Done,0,False,0,99,True,NULL,NULL,False,,NULL,True,False,2025-08-22 06:57:39.01266,2025-08-22 06:57:39.01266,2026-06-21 12:59:55.315563
org-tf5i2lw1qz,Sakshi Demo,loc-f9507722-f4c3-45a1-a7a6-6358548bea05,A&w Lab new(Dont take order),catlg-5f49688b-1b0a-4963-9e20-90dba233b023,A&w Lab new(Dont take order) Catalog,itm-6111f62f-7b1f-4085-80f6-a04f71e65d45,Mini Meal - Bacon Single,0,modgrp-49f6b8c4-7d89-420c-9c0d-bacb0d0a372d,Chkn & Seafood Food Modifiers,modfr-f4e44609-ef74-49a2-a815-27940d966313,Relish,0,False,0,99,True,NULL,NULL,False,,NULL,True,False,2025-08-22 06:57:39.012656,2025-08-22 06:57:39.012656,2026-06-21 12:59:55.315563
org-tf5i2lw1qz,Sakshi Demo,loc-f9507722-f4c3-45a1-a7a6-6358548bea05,A&w Lab new(Dont take order),catlg-5f49688b-1b0a-4963-9e20-90dba233b023,A&w Lab new(Dont take order) Catalog,itm-6111f62f-7b1f-4085-80f6-a04f71e65d45,Mini Meal - Bacon Single,0,modgrp-714a3554-6806-4a29-9e33-7ee10d1b2af6,Sauce,modfr-01116117-d2c5-4ee7-9713-392330d6350c,French,0,False,0,8,True,NULL,NULL,False,,NULL,True,False,2025-08-22 06:57:39.012681,2025-08-22 06:57:39.012681,2026-06-21 12:59:55.315563
org-tf5i2lw1qz,Sakshi Demo,loc-f9507722-f4c3-45a1-a7a6-6358548bea05,A&w Lab new(Dont take order),catlg-5f49688b-1b0a-4963-9e20-90dba233b023,A&w Lab new(Dont take order) Catalog,itm-6111f62f-7b1f-4085-80f6-a04f71e65d45,Mini Meal - Bacon Single,0,modgrp-714a3554-6806-4a29-9e33-7ee10d1b2af6,Sauce,modfr-24ddc0bc-7bc7-4863-9c34-2397f0090b41,Sweet & Sour Sauce,0,False,0,8,True,NULL,NULL,False,,0.5000,True,False,2025-08-22 06:57:39.012659,2025-08-22 06:57:39.012659,2026-06-21 12:59:55.315563
org-tf5i2lw1qz,Sakshi Demo,loc-f9507722-f4c3-45a1-a7a6-6358548bea05,A&w Lab new(Dont take order),catlg-5f49688b-1b0a-4963-9e20-90dba233b023,A&w Lab new(Dont take order) Catalog,itm-6111f62f-7b1f-4085-80f6-a04f71e65d45,Mini Meal - Bacon Single,0,modgrp-714a3554-6806-4a29-9e33-7ee10d1b2af6,Sauce,modfr-26265f60-ae51-410d-aefe-1b0458f94fc9,Chz Sauce,0,False,0,8,True,NULL,NULL,False,,0.5000,True,False,2025-08-22 06:57:39.012651,2025-08-22 06:57:39.012651,2026-06-21 12:59:55.315563
org-tf5i2lw1qz,Sakshi Demo,loc-f9507722-f4c3-45a1-a7a6-6358548bea05,A&w Lab new(Dont take order),catlg-5f49688b-1b0a-4963-9e20-90dba233b023,A&w Lab new(Dont take order) Catalog,itm-6111f62f-7b1f-4085-80f6-a04f71e65d45,Mini Meal - Bacon Single,0,modgrp-714a3554-6806-4a29-9e33-7ee10d1b2af6,Sauce,modfr-275bcc70-d9a8-40c6-b40e-cefece6f1f99,Tartar,0,False,0,8,True,NULL,NULL,False,,0.2500,True,False,2025-08-22 06:57:39.012655,2025-08-22 06:57:39.012655,2026-06-21 12:59:55.315563
org-tf5i2lw1qz,Sakshi Demo,loc-f9507722-f4c3-45a1-a7a6-6358548bea05,A&w Lab new(Dont take order),catlg-5f49688b-1b0a-4963-9e20-90dba233b023,A&w Lab new(Dont take order) Catalog,itm-6111f62f-7b1f-4085-80f6-a04f71e65d45,Mini Meal - Bacon Single,0,modgrp-714a3554-6806-4a29-9e33-7ee10d1b2af6,Sauce,modfr-276ef1cd-4cf7-4224-9fc5-f2d2d7a696f5,BBQ Sauce,0,False,0,8,True,NULL,NULL,False,,0.2500,True,False,2025-08-22 06:57:39.012649,2025-08-22 06:57:39.012649,2026-06-21 12:59:55.315563
org-tf5i2lw1qz,Sakshi Demo,loc-f9507722-f4c3-45a1-a7a6-6358548bea05,A&w Lab new(Dont take order),catlg-5f49688b-1b0a-4963-9e20-90dba233b023,A&w Lab new(Dont take order) Catalog,itm-6111f62f-7b1f-4085-80f6-a04f71e65d45,Mini Meal - Bacon Single,0,modgrp-714a3554-6806-4a29-9e33-7ee10d1b2af6,Sauce,modfr-292ddb3b-7e37-409d-aee3-c24128a31eca,Marinara,0,False,0,8,True,NULL,NULL,False,,0.2500,True,False,2025-08-22 06:57:39.012656,2025-08-22 06:57:39.012656,2026-06-21 12:59:55.315563
org-tf5i2lw1qz,Sakshi Demo,loc-f9507722-f4c3-45a1-a7a6-6358548bea05,A&w Lab new(Dont take order),catlg-5f49688b-1b0a-4963-9e20-90dba233b023,A&w Lab new(Dont take order) Catalog,itm-6111f62f-7b1f-4085-80f6-a04f71e65d45,Mini Meal - Bacon Single,0,modgrp-714a3554-6806-4a29-9e33-7ee10d1b2af6,Sauce,modfr-2a81febd-94dc-4471-a19b-b81d59dd2734,Spicy Papa Sauce,0,False,0,8,True,NULL,NULL,False,,0.2500,True,False,2025-08-22 06:57:39.012654,2025-08-22 06:57:39.012654,2026-06-21 12:59:55.315563
org-2ad9799e-2df3-4ebb-9563-8772f5638552,Rohan's Org,loc-9dd1eaea-e264-4d51-bffb-1abdc65e3fff,Upsell Testing,catlg-e77cf90f-2b34-4aa0-9eb6-642bef1ac285,Upsell Testing Catalog,itm-c4031adb-3c58-4024-8910-9cd2c6d46718,Large Sriracha Cheese Curds (Combo Upgrade Price),0,modgrp-794dfe86-a9b3-4024-a381-90c6b7601221,Chkn & Seafood Food Modifiers,modfr-4808dcd6-ceae-4003-8625-44bb8b40d7bb,Ketchup,0,False,0,99,True,NULL,NULL,False,,NULL,True,False,2025-10-23 16:17:40.406244,2025-10-23 16:17:40.406244,2026-06-21 13:00:12.612871
org-2ad9799e-2df3-4ebb-9563-8772f5638552,Rohan's Org,loc-9dd1eaea-e264-4d51-bffb-1abdc65e3fff,Upsell Testing,catlg-e77cf90f-2b34-4aa0-9eb6-642bef1ac285,Upsell Testing Catalog,itm-c4031adb-3c58-4024-8910-9cd2c6d46718,Large Sriracha Cheese Curds (Combo Upgrade Price),0,modgrp-794dfe86-a9b3-4024-a381-90c6b7601221,Chkn & Seafood Food Modifiers,modfr-48763d86-999f-42d2-b37e-cbcf38ac05e5,Malt Vinegar,0,False,0,99,True,NULL,NULL,False,,NULL,True,False,2025-10-23 16:17:40.406244,2025-10-23 16:17:40.406244,2026-06-21 13:00:12.612871
org-2ad9799e-2df3-4ebb-9563-8772f5638552,Rohan's Org,loc-9dd1eaea-e264-4d51-bffb-1abdc65e3fff,Upsell Testing,catlg-e77cf90f-2b34-4aa0-9eb6-642bef1ac285,Upsell Testing Catalog,itm-c4031adb-3c58-4024-8910-9cd2c6d46718,Large Sriracha Cheese Curds (Combo Upgrade Price),0,modgrp-794dfe86-a9b3-4024-a381-90c6b7601221,Chkn & Seafood Food Modifiers,modfr-4b2161c8-3d50-44c2-85a0-e9489e4ff808,Cup of Coney,0,False,0,99,True,NULL,NULL,False,,4.0000,True,False,2025-10-23 16:17:40.406244,2025-10-23 16:17:40.406244,2026-06-21 13:00:12.612871
org-2ad9799e-2df3-4ebb-9563-8772f5638552,Rohan's Org,loc-9dd1eaea-e264-4d51-bffb-1abdc65e3fff,Upsell Testing,catlg-e77cf90f-2b34-4aa0-9eb6-642bef1ac285,Upsell Testing Catalog,itm-c4031adb-3c58-4024-8910-9cd2c6d46718,Large Sriracha Cheese Curds (Combo Upgrade Price),0,modgrp-794dfe86-a9b3-4024-a381-90c6b7601221,Chkn & Seafood Food Modifiers,modfr-4b441a94-f74a-4278-a51c-5dd6f8b85607,DO NOT MAKE,0,False,0,99,True,NULL,NULL,False,,NULL,True,False,2025-10-23 16:17:40.406244,2025-10-23 16:17:40.406244,2026-06-21 13:00:12.612871
org-2ad9799e-2df3-4ebb-9563-8772f5638552,Rohan's Org,loc-9dd1eaea-e264-4d51-bffb-1abdc65e3fff,Upsell Testing,catlg-e77cf90f-2b34-4aa0-9eb6-642bef1ac285,Upsell Testing Catalog,itm-c4031adb-3c58-4024-8910-9cd2c6d46718,Large Sriracha Cheese Curds (Combo Upgrade Price),0,modgrp-794dfe86-a9b3-4024-a381-90c6b7601221,Chkn & Seafood Food Modifiers,modfr-4de53b5c-2278-430e-8758-955bcb3ca1f5,Onions,0,False,0,99,True,NULL,NULL,False,,0.5000,True,False,2025-10-23 16:17:40.406244,2025-10-23 16:17:40.406244,2026-06-21 13:00:12.612871
org-2ad9799e-2df3-4ebb-9563-8772f5638552,Rohan's Org,loc-9dd1eaea-e264-4d51-bffb-1abdc65e3fff,Upsell Testing,catlg-e77cf90f-2b34-4aa0-9eb6-642bef1ac285,Upsell Testing Catalog,itm-c4031adb-3c58-4024-8910-9cd2c6d46718,Large Sriracha Cheese Curds (Combo Upgrade Price),0,modgrp-794dfe86-a9b3-4024-a381-90c6b7601221,Chkn & Seafood Food Modifiers,modfr-4e53b82d-05be-4319-9d55-dfad3af9139f,Crispy Onions,0,False,0,99,True,NULL,NULL,False,,0.5000,True,False,2025-10-23 16:17:40.406244,2025-10-23 16:17:40.406244,2026-06-21 13:00:12.612871
org-2ad9799e-2df3-4ebb-9563-8772f5638552,Rohan's Org,loc-9dd1eaea-e264-4d51-bffb-1abdc65e3fff,Upsell Testing,catlg-e77cf90f-2b34-4aa0-9eb6-642bef1ac285,Upsell Testing Catalog,itm-c4031adb-3c58-4024-8910-9cd2c6d46718,Large Sriracha Cheese Curds (Combo Upgrade Price),0,modgrp-794dfe86-a9b3-4024-a381-90c6b7601221,Chkn & Seafood Food Modifiers,modfr-5585842a-8277-40c8-a640-ff1700b02a47,Lettuce,0,False,0,99,True,NULL,NULL,False,,0.5000,True,False,2025-10-23 16:17:40.406244,2025-10-23 16:17:40.406244,2026-06-21 13:00:12.612871
org-2ad9799e-2df3-4ebb-9563-8772f5638552,Rohan's Org,loc-9dd1eaea-e264-4d51-bffb-1abdc65e3fff,Upsell Testing,catlg-e77cf90f-2b34-4aa0-9eb6-642bef1ac285,Upsell Testing Catalog,itm-c4031adb-3c58-4024-8910-9cd2c6d46718,Large Sriracha Cheese Curds (Combo Upgrade Price),0,modgrp-794dfe86-a9b3-4024-a381-90c6b7601221,Chkn & Seafood Food Modifiers,modfr-58a7adb8-f3e2-4746-811c-744ab3db8595,Sweet & Sour Sauce,0,False,0,99,True,NULL,NULL,False,,0.5000,True,False,2025-10-23 16:17:40.406244,2025-10-23 16:17:40.406244,2026-06-21 13:00:12.612871
org-2ad9799e-2df3-4ebb-9563-8772f5638552,Rohan's Org,loc-9dd1eaea-e264-4d51-bffb-1abdc65e3fff,Upsell Testing,catlg-e77cf90f-2b34-4aa0-9eb6-642bef1ac285,Upsell Testing Catalog,itm-c4031adb-3c58-4024-8910-9cd2c6d46718,Large Sriracha Cheese Curds (Combo Upgrade Price),0,modgrp-794dfe86-a9b3-4024-a381-90c6b7601221,Chkn & Seafood Food Modifiers,modfr-5d63f20a-e92c-4df3-a007-9bb238f62f32,Swiss Cheese,0,False,0,99,True,NULL,NULL,False,,0.5000,True,False,2025-10-23 16:17:40.406244,2025-10-23 16:17:40.406244,2026-06-21 13:00:12.612871
org-2ad9799e-2df3-4ebb-9563-8772f5638552,Rohan's Org,loc-9dd1eaea-e264-4d51-bffb-1abdc65e3fff,Upsell Testing,catlg-e77cf90f-2b34-4aa0-9eb6-642bef1ac285,Upsell Testing Catalog,itm-c4031adb-3c58-4024-8910-9cd2c6d46718,Large Sriracha Cheese Curds (Combo Upgrade Price),0,modgrp-794dfe86-a9b3-4024-a381-90c6b7601221,Chkn & Seafood Food Modifiers,modfr-6702d5c3-37c2-4292-a938-2882e8f79367,Fat Free Italian,0,False,0,99,True,NULL,NULL,False,,0.3500,True,False,2025-10-23 16:17:40.406244,2025-10-23 16:17:40.406244,2026-06-21 13:00:12.612871
org-2ad9799e-2df3-4ebb-9563-8772f5638552,Rohan's Org,loc-9dd1eaea-e264-4d51-bffb-1abdc65e3fff,Upsell Testing,catlg-e77cf90f-2b34-4aa0-9eb6-642bef1ac285,Upsell Testing Catalog,itm-c4031adb-3c58-4024-8910-9cd2c6d46718,Large Sriracha Cheese Curds (Combo Upgrade Price),0,modgrp-794dfe86-a9b3-4024-a381-90c6b7601221,Chkn & Seafood Food Modifiers,modfr-674ef389-6c08-4a92-973e-f7047ec6be17,Gravy,0,False,0,99,True,NULL,NULL,False,,0.5000,True,False,2025-10-23 16:17:40.406244,2025-10-23 16:17:40.406244,2026-06-21 13:00:12.612871
org-2ad9799e-2df3-4ebb-9563-8772f5638552,Rohan's Org,loc-9dd1eaea-e264-4d51-bffb-1abdc65e3fff,Upsell Testing,catlg-e77cf90f-2b34-4aa0-9eb6-642bef1ac285,Upsell Testing Catalog,itm-c4031adb-3c58-4024-8910-9cd2c6d46718,Large Sriracha Cheese Curds (Combo Upgrade Price),0,modgrp-794dfe86-a9b3-4024-a381-90c6b7601221,Chkn & Seafood Food Modifiers,modfr-74f43288-fef5-4216-9b6e-c6f9d321020a,See Server,0,False,0,99,True,NULL,NULL,False,,NULL,True,False,2025-10-23 16:17:40.406244,2025-10-23 16:17:40.406244,2026-06-21 13:00:12.612871
org-2ad9799e-2df3-4ebb-9563-8772f5638552,Rohan's Org,loc-9dd1eaea-e264-4d51-bffb-1abdc65e3fff,Upsell Testing,catlg-e77cf90f-2b34-4aa0-9eb6-642bef1ac285,Upsell Testing Catalog,itm-c4031adb-3c58-4024-8910-9cd2c6d46718,Large Sriracha Cheese Curds (Combo Upgrade Price),0,modgrp-794dfe86-a9b3-4024-a381-90c6b7601221,Chkn & Seafood Food Modifiers,modfr-762e388f-9574-429f-b5fa-4fdbe7227eb2,Ranch,0,False,0,99,True,NULL,NULL,False,,0.3500,True,False,2025-10-23 16:17:40.406244,2025-10-23 16:17:40.406244,2026-06-21 13:00:12.612871
org-2ad9799e-2df3-4ebb-9563-8772f5638552,Rohan's Org,loc-9dd1eaea-e264-4d51-bffb-1abdc65e3fff,Upsell Testing,catlg-e77cf90f-2b34-4aa0-9eb6-642bef1ac285,Upsell Testing Catalog,itm-c4031adb-3c58-4024-8910-9cd2c6d46718,Large Sriracha Cheese Curds (Combo Upgrade Price),0,modgrp-794dfe86-a9b3-4024-a381-90c6b7601221,Chkn & Seafood Food Modifiers,modfr-7fba0ed4-8377-48e3-960e-aa817dbbc01b,Lite Italian,0,False,0,99,True,NULL,NULL,False,,NULL,True,False,2025-10-23 16:17:40.406244,2025-10-23 16:17:40.406244,2026-06-21 13:00:12.612871
org-2ad9799e-2df3-4ebb-9563-8772f5638552,Rohan's Org,loc-9dd1eaea-e264-4d51-bffb-1abdc65e3fff,Upsell Testing,catlg-e77cf90f-2b34-4aa0-9eb6-642bef1ac285,Upsell Testing Catalog,itm-c4031adb-3c58-4024-8910-9cd2c6d46718,Large Sriracha Cheese Curds (Combo Upgrade Price),0,modgrp-794dfe86-a9b3-4024-a381-90c6b7601221,Chkn & Seafood Food Modifiers,modfr-81dcc755-025c-4074-a438-c992dfb08f78,Well Done,0,False,0,99,True,NULL,NULL,False,,NULL,True,False,2025-10-23 16:17:40.406244,2025-10-23 16:17:40.406244,2026-06-21 13:00:12.612871
org-2ad9799e-2df3-4ebb-9563-8772f5638552,Rohan's Org,loc-9dd1eaea-e264-4d51-bffb-1abdc65e3fff,Upsell Testing,catlg-e77cf90f-2b34-4aa0-9eb6-642bef1ac285,Upsell Testing Catalog,itm-c4031adb-3c58-4024-8910-9cd2c6d46718,Large Sriracha Cheese Curds (Combo Upgrade Price),0,modgrp-794dfe86-a9b3-4024-a381-90c6b7601221,Chkn & Seafood Food Modifiers,modfr-82b6b3ec-94ac-4756-ad26-c447ac9f82d9,Bacon,0,False,0,99,True,NULL,NULL,False,,1.0000,True,False,2025-10-23 16:17:40.406244,2025-10-23 16:17:40.406244,2026-06-21 13:00:12.612871
org-tf5i2lw1qz,Sakshi Demo,loc-f9507722-f4c3-45a1-a7a6-6358548bea05,A&w Lab new(Dont take order),catlg-5f49688b-1b0a-4963-9e20-90dba233b023,A&w Lab new(Dont take order) Catalog,itm-6111f62f-7b1f-4085-80f6-a04f71e65d45,Mini Meal - Bacon Single,0,modgrp-714a3554-6806-4a29-9e33-7ee10d1b2af6,Sauce,modfr-2b083dd1-5a19-48d5-8c9e-83721369e8ac,Mustard Pkt,0,False,0,8,True,NULL,NULL,False,,0.2500,True,False,2025-08-22 06:57:39.012658,2025-08-22 06:57:39.012658,2026-06-21 12:59:55.315563
