organizationid,organizationname,locationid,locationname,menuitemid,menuitemname,catalogid,itemunitprice,price_changed_on,item_class_type,entitytype,calories,protein,sugar,fat,is_alcoholic,is_vegetarian_item,is_vegan_item,has_allergen,is_active,is_deleted,gms_created_on,gms_modified_on,sysinserttime,average_rating,rating_count
org-30b00f49-c9a7-462a-bc5f-c113f4fb8a77,Square Trade Show,loc-c896e94d-f5ee-4466-b4c0-399bbc287fb0,Square Trade,itm-cb0bb2f3-bd9d-410a-b2ec-bd6d65075647,Citta Pasta Sausage,catlg-c3c0ccc7-4b78-4e29-8653-e1ad80dc52f6,3.000,2026-07-20 21:08:04.965501,0,Item,,NULL,NULL,NULL,False,NULL,NULL,NULL,True,False,2026-07-20 21:07:59.248527,2026-07-20 21:07:59.248527,2026-07-23 06:05:44.158742,NULL,NULL
org-30b00f49-c9a7-462a-bc5f-c113f4fb8a77,Square Trade Show,loc-c896e94d-f5ee-4466-b4c0-399bbc287fb0,Square Trade,itm-9b06a59a-7701-487e-90d3-f0a78e52d364,Chocolate Brownie Shake,catlg-c3c0ccc7-4b78-4e29-8653-e1ad80dc52f6,6.990,2026-07-20 21:08:04.407834,0,Item,,NULL,NULL,NULL,False,NULL,NULL,NULL,True,False,2026-07-20 21:07:59.248527,2026-07-20 21:07:59.248527,2026-07-23 06:05:44.158742,NULL,NULL
org-30b00f49-c9a7-462a-bc5f-c113f4fb8a77,Square Trade Show,loc-c896e94d-f5ee-4466-b4c0-399bbc287fb0,Square Trade,itm-cd5a58ed-3730-4baa-b1a4-0bd8aa97f97f,Spring Salad,catlg-c3c0ccc7-4b78-4e29-8653-e1ad80dc52f6,10.000,2026-07-20 21:08:04.939539,0,Item,,NULL,NULL,NULL,False,NULL,NULL,NULL,True,False,2026-07-20 21:07:59.248527,2026-07-20 21:07:59.248527,2026-07-23 06:05:44.158742,NULL,NULL
org-30b00f49-c9a7-462a-bc5f-c113f4fb8a77,Square Trade Show,loc-c896e94d-f5ee-4466-b4c0-399bbc287fb0,Square Trade,itm-665bab2c-f890-4aa2-8080-547122763675,Craft Your Own: Gardenburger,catlg-c3c0ccc7-4b78-4e29-8653-e1ad80dc52f6,7.990,2026-07-20 21:08:04.746482,0,Item,,NULL,NULL,NULL,False,NULL,NULL,NULL,True,False,2026-07-20 21:07:59.248527,2026-07-20 21:07:59.248527,2026-07-23 06:05:44.158742,NULL,NULL
org-30b00f49-c9a7-462a-bc5f-c113f4fb8a77,Square Trade Show,loc-c896e94d-f5ee-4466-b4c0-399bbc287fb0,Square Trade,itm-e5dd94fc-ebb3-4380-be22-c68b4e3666d7,Detroit - The Fig,catlg-c3c0ccc7-4b78-4e29-8653-e1ad80dc52f6,12.000,2026-07-20 21:08:04.536327,0,Item,,NULL,NULL,NULL,False,NULL,NULL,NULL,True,False,2026-07-20 21:07:59.248527,2026-07-20 21:07:59.248527,2026-07-23 06:05:44.158742,NULL,NULL
org-30b00f49-c9a7-462a-bc5f-c113f4fb8a77,Square Trade Show,loc-c896e94d-f5ee-4466-b4c0-399bbc287fb0,Square Trade,itm-aa721853-32e0-4746-8071-5fb48ea77bf3,Cinnamon Toast Crunch® Shake,catlg-c3c0ccc7-4b78-4e29-8653-e1ad80dc52f6,6.990,2026-07-20 21:08:04.485468,0,Item,,NULL,NULL,NULL,False,NULL,NULL,NULL,True,False,2026-07-20 21:07:59.248527,2026-07-20 21:07:59.248527,2026-07-23 06:05:44.158742,NULL,NULL
org-30b00f49-c9a7-462a-bc5f-c113f4fb8a77,Square Trade Show,loc-c896e94d-f5ee-4466-b4c0-399bbc287fb0,Square Trade,itm-733a152c-ce22-44a9-b293-ab8bee5322bd,Kids Meal - Grilled Cheese,catlg-c3c0ccc7-4b78-4e29-8653-e1ad80dc52f6,7.290,2026-07-20 21:08:04.898071,0,Item,,NULL,NULL,NULL,False,NULL,NULL,NULL,True,False,2026-07-20 21:07:59.248527,2026-07-20 21:07:59.248527,2026-07-23 06:05:44.158742,NULL,NULL
org-30b00f49-c9a7-462a-bc5f-c113f4fb8a77,Square Trade Show,loc-c896e94d-f5ee-4466-b4c0-399bbc287fb0,Square Trade,itm-3775bf0b-2ba2-4912-b612-f76399efb832,Chicken BLT,catlg-c3c0ccc7-4b78-4e29-8653-e1ad80dc52f6,8.990,2026-07-20 21:08:04.766153,0,Item,,NULL,NULL,NULL,False,NULL,NULL,NULL,True,False,2026-07-20 21:07:59.248527,2026-07-20 21:07:59.248527,2026-07-23 06:05:44.158742,NULL,NULL
org-30b00f49-c9a7-462a-bc5f-c113f4fb8a77,Square Trade Show,loc-c896e94d-f5ee-4466-b4c0-399bbc287fb0,Square Trade,itm-f2978a65-33f9-411e-8b40-cb50ddccd7cc,Regular Tater Tots,catlg-c3c0ccc7-4b78-4e29-8653-e1ad80dc52f6,3.990,2026-07-20 21:08:04.801248,0,Item,,NULL,NULL,NULL,False,NULL,NULL,NULL,True,False,2026-07-20 21:07:59.248527,2026-07-20 21:07:59.248527,2026-07-23 06:05:44.158742,NULL,NULL
org-30b00f49-c9a7-462a-bc5f-c113f4fb8a77,Square Trade Show,loc-c896e94d-f5ee-4466-b4c0-399bbc287fb0,Square Trade,itm-33cade0e-1757-4b47-9c24-be5711e74dcd,Neapolitan Wood Fired - Pizza Margherita,catlg-c3c0ccc7-4b78-4e29-8653-e1ad80dc52f6,10.000,2026-07-20 21:08:04.903639,0,Item,,NULL,NULL,NULL,False,NULL,NULL,NULL,True,False,2026-07-20 21:07:59.248527,2026-07-20 21:07:59.248527,2026-07-23 06:05:44.158742,NULL,NULL
org-30b00f49-c9a7-462a-bc5f-c113f4fb8a77,Square Trade Show,loc-c896e94d-f5ee-4466-b4c0-399bbc287fb0,Square Trade,itm-b8ed4690-a0b2-4d58-9705-b632e9788c74,Cheesy Bacon Ranch Cheesesteak,catlg-c3c0ccc7-4b78-4e29-8653-e1ad80dc52f6,0.900,2026-07-20 21:08:04.762007,0,Item,,NULL,NULL,NULL,False,NULL,NULL,NULL,True,False,2026-07-20 21:07:59.248527,2026-07-20 21:07:59.248527,2026-07-23 06:05:44.158742,NULL,NULL
org-30b00f49-c9a7-462a-bc5f-c113f4fb8a77,Square Trade Show,loc-c896e94d-f5ee-4466-b4c0-399bbc287fb0,Square Trade,itm-d0c3ef20-d400-467d-8f8f-5bdda8785b1a,Craft Your Own: Wagon Wheels,catlg-c3c0ccc7-4b78-4e29-8653-e1ad80dc52f6,9.000,2026-07-20 21:08:04.519988,0,Item,,NULL,NULL,NULL,False,NULL,NULL,NULL,True,False,2026-07-20 21:07:59.248527,2026-07-20 21:07:59.248527,2026-07-23 06:05:44.158742,NULL,NULL
org-30b00f49-c9a7-462a-bc5f-c113f4fb8a77,Square Trade Show,loc-c896e94d-f5ee-4466-b4c0-399bbc287fb0,Square Trade,itm-b665811a-cbe6-487a-a5b9-a5e49f8742c7,Shrimp Tempura Roll,catlg-c3c0ccc7-4b78-4e29-8653-e1ad80dc52f6,0.100,2026-07-20 21:08:04.189459,0,Item,,NULL,NULL,NULL,False,NULL,NULL,NULL,True,False,2026-07-20 21:07:59.248527,2026-07-20 21:07:59.248527,2026-07-23 06:05:44.158742,NULL,NULL
org-30b00f49-c9a7-462a-bc5f-c113f4fb8a77,Square Trade Show,loc-c896e94d-f5ee-4466-b4c0-399bbc287fb0,Square Trade,itm-3bcac7b7-6ced-48a9-a0e9-69f07856840c,Bowl - Fuego Gringo,catlg-c3c0ccc7-4b78-4e29-8653-e1ad80dc52f6,10.000,2026-07-20 21:08:04.613954,0,Item,,NULL,NULL,NULL,False,NULL,NULL,NULL,True,False,2026-07-20 21:07:59.248527,2026-07-20 21:07:59.248527,2026-07-23 06:05:44.158742,NULL,NULL
org-30b00f49-c9a7-462a-bc5f-c113f4fb8a77,Square Trade Show,loc-c896e94d-f5ee-4466-b4c0-399bbc287fb0,Square Trade,itm-009a7949-98ef-4823-8ce4-04cdba77c7ee,Triple Fusion Burritos,catlg-c3c0ccc7-4b78-4e29-8653-e1ad80dc52f6,0.290,2026-07-20 21:08:04.12699,0,Item,,NULL,NULL,NULL,False,NULL,NULL,NULL,True,False,2026-07-20 21:07:59.248527,2026-07-20 21:07:59.248527,2026-07-23 06:05:44.158742,NULL,NULL
org-30b00f49-c9a7-462a-bc5f-c113f4fb8a77,Square Trade Show,loc-c896e94d-f5ee-4466-b4c0-399bbc287fb0,Square Trade,itm-b7785806-1725-4a9e-8d04-48d6b4f962c8,Protein - Pulled Pork - Small,catlg-c3c0ccc7-4b78-4e29-8653-e1ad80dc52f6,11.000,2026-07-20 21:08:04.881767,0,Item,,NULL,NULL,NULL,False,NULL,NULL,NULL,True,False,2026-07-20 21:07:59.248527,2026-07-20 21:07:59.248527,2026-07-23 06:05:44.158742,NULL,NULL
org-30b00f49-c9a7-462a-bc5f-c113f4fb8a77,Square Trade Show,loc-c896e94d-f5ee-4466-b4c0-399bbc287fb0,Square Trade,itm-869491af-d458-442b-861d-4220950fa613,Lemon Sparkling Water - Poland Springs 16 oz.,catlg-c3c0ccc7-4b78-4e29-8653-e1ad80dc52f6,2.000,2026-07-20 21:08:04.715436,0,Item,,NULL,NULL,NULL,False,NULL,NULL,NULL,True,False,2026-07-20 21:07:59.248527,2026-07-20 21:07:59.248527,2026-07-23 06:05:44.158742,NULL,NULL
org-30b00f49-c9a7-462a-bc5f-c113f4fb8a77,Square Trade Show,loc-c896e94d-f5ee-4466-b4c0-399bbc287fb0,Square Trade,itm-fbaff9bb-6ac5-4821-8054-3e762d6f53b2,The Pistachio Milkshake,catlg-c3c0ccc7-4b78-4e29-8653-e1ad80dc52f6,5.990,2026-07-20 21:08:05.003264,0,Item,,NULL,NULL,NULL,False,NULL,NULL,NULL,True,False,2026-07-20 21:07:59.248527,2026-07-20 21:07:59.248527,2026-07-23 06:05:44.158742,NULL,NULL
org-30b00f49-c9a7-462a-bc5f-c113f4fb8a77,Square Trade Show,loc-c896e94d-f5ee-4466-b4c0-399bbc287fb0,Square Trade,itm-506b9ab9-0ae8-411b-a351-86fb634f923b,Buffalo Chicken,catlg-c3c0ccc7-4b78-4e29-8653-e1ad80dc52f6,7.990,2026-07-20 21:08:04.672987,0,Item,,NULL,NULL,NULL,False,NULL,NULL,NULL,True,False,2026-07-20 21:07:59.248527,2026-07-20 21:07:59.248527,2026-07-23 06:05:44.158742,NULL,NULL
org-30b00f49-c9a7-462a-bc5f-c113f4fb8a77,Square Trade Show,loc-c896e94d-f5ee-4466-b4c0-399bbc287fb0,Square Trade,itm-2d731c85-fde8-4321-bf41-8e8699dd78ea,G-Vodka,catlg-c3c0ccc7-4b78-4e29-8653-e1ad80dc52f6,2.000,2026-07-20 21:08:04.305616,0,Item,,NULL,NULL,NULL,True,NULL,NULL,NULL,True,False,2026-07-20 21:07:59.248527,2026-07-21 17:23:12.447039,2026-07-23 06:05:44.158742,NULL,NULL
org-30b00f49-c9a7-462a-bc5f-c113f4fb8a77,Square Trade Show,loc-c896e94d-f5ee-4466-b4c0-399bbc287fb0,Square Trade,itm-d0a1a893-3231-4144-8343-913a7832cd72,Craft Your Own - Taco Bowl,catlg-c3c0ccc7-4b78-4e29-8653-e1ad80dc52f6,10.000,2026-07-20 21:08:04.494676,0,Item,,NULL,NULL,NULL,False,NULL,NULL,NULL,True,False,2026-07-20 21:07:59.248527,2026-07-20 21:07:59.248527,2026-07-23 06:05:44.158742,NULL,NULL
org-30b00f49-c9a7-462a-bc5f-c113f4fb8a77,Square Trade Show,loc-c896e94d-f5ee-4466-b4c0-399bbc287fb0,Square Trade,itm-2635c3a6-fdf9-47bc-94cf-4e1a1164bf93,Meat the Mac,catlg-c3c0ccc7-4b78-4e29-8653-e1ad80dc52f6,15.000,2026-07-20 21:08:04.702101,0,Item,,NULL,NULL,NULL,False,NULL,NULL,NULL,True,False,2026-07-20 21:07:59.248527,2026-07-22 08:51:18.695895,2026-07-23 06:05:44.158742,NULL,NULL
org-30b00f49-c9a7-462a-bc5f-c113f4fb8a77,Square Trade Show,loc-c896e94d-f5ee-4466-b4c0-399bbc287fb0,Square Trade,itm-94c12177-b353-4cdc-8d3f-aa1e9bfc700c,Cheese Fried momos,catlg-c3c0ccc7-4b78-4e29-8653-e1ad80dc52f6,1.100,2026-07-20 21:08:04.152928,0,Item,,NULL,NULL,NULL,False,NULL,NULL,NULL,True,False,2026-07-20 21:07:59.248527,2026-07-22 07:26:04.699427,2026-07-23 06:05:44.158742,NULL,NULL
org-30b00f49-c9a7-462a-bc5f-c113f4fb8a77,Square Trade Show,loc-c896e94d-f5ee-4466-b4c0-399bbc287fb0,Square Trade,itm-dce1608a-c38d-4fa2-82a9-87062b72f958,Joseph's Fries,catlg-c3c0ccc7-4b78-4e29-8653-e1ad80dc52f6,6.950,2026-07-20 21:08:05.223393,0,Item,,NULL,NULL,NULL,False,NULL,NULL,NULL,True,False,2026-07-20 21:07:59.248527,2026-07-20 21:07:59.248527,2026-07-23 06:05:44.158742,NULL,NULL
org-30b00f49-c9a7-462a-bc5f-c113f4fb8a77,Square Trade Show,loc-c896e94d-f5ee-4466-b4c0-399bbc287fb0,Square Trade,itm-205c8afe-c8d7-4692-9847-661d7d52b939,Detroit - Shrooms,catlg-c3c0ccc7-4b78-4e29-8653-e1ad80dc52f6,13.000,2026-07-20 21:08:04.377541,0,Item,,NULL,NULL,NULL,False,NULL,NULL,NULL,True,False,2026-07-20 21:07:59.248527,2026-07-20 21:07:59.248527,2026-07-23 06:05:44.158742,NULL,NULL
org-30b00f49-c9a7-462a-bc5f-c113f4fb8a77,Square Trade Show,loc-c896e94d-f5ee-4466-b4c0-399bbc287fb0,Square Trade,itm-b88dd35e-c19b-4184-8060-d0a4bef14292,Fiji Water,catlg-c3c0ccc7-4b78-4e29-8653-e1ad80dc52f6,2.000,2026-07-20 21:08:05.13936,0,Item,,NULL,NULL,NULL,False,NULL,NULL,NULL,True,False,2026-07-20 21:07:59.248527,2026-07-20 21:07:59.248527,2026-07-23 06:05:44.158742,NULL,NULL
org-30b00f49-c9a7-462a-bc5f-c113f4fb8a77,Square Trade Show,loc-c896e94d-f5ee-4466-b4c0-399bbc287fb0,Square Trade,itm-0d708fac-3cd1-4ec6-85e4-813f63c30305,Bowl - Chicken Fajita,catlg-c3c0ccc7-4b78-4e29-8653-e1ad80dc52f6,10.000,2026-07-20 21:08:04.71023,0,Item,,NULL,NULL,NULL,False,NULL,NULL,NULL,True,False,2026-07-20 21:07:59.248527,2026-07-20 21:07:59.248527,2026-07-23 06:05:44.158742,NULL,NULL
org-30b00f49-c9a7-462a-bc5f-c113f4fb8a77,Square Trade Show,loc-c896e94d-f5ee-4466-b4c0-399bbc287fb0,Square Trade,itm-b420df99-1a78-4f96-a199-286c972d57e6,Italian Shiraz,catlg-c3c0ccc7-4b78-4e29-8653-e1ad80dc52f6,1.000,2026-07-21 17:23:12.98002,0,Item,,NULL,NULL,NULL,False,NULL,NULL,NULL,True,False,2026-07-20 21:07:59.248527,2026-07-20 21:07:59.248527,2026-07-23 06:05:44.158742,NULL,NULL
org-30b00f49-c9a7-462a-bc5f-c113f4fb8a77,Square Trade Show,loc-c896e94d-f5ee-4466-b4c0-399bbc287fb0,Square Trade,itm-ed69b40c-990e-4621-8ad1-031e3f2d1b6e,Neapolitan Wood Fired - Sausage & Roasted Peppers,catlg-c3c0ccc7-4b78-4e29-8653-e1ad80dc52f6,14.000,2026-07-20 21:08:04.346983,0,Item,,NULL,NULL,NULL,False,NULL,NULL,NULL,True,False,2026-07-20 21:07:59.248527,2026-07-20 21:07:59.248527,2026-07-23 06:05:44.158742,NULL,NULL
org-30b00f49-c9a7-462a-bc5f-c113f4fb8a77,Square Trade Show,loc-c896e94d-f5ee-4466-b4c0-399bbc287fb0,Square Trade,itm-88050edb-aa59-485f-bf46-c570afd2a805,Buffalo Chicken Tenders 4PC,catlg-c3c0ccc7-4b78-4e29-8653-e1ad80dc52f6,7.690,2026-07-20 21:08:04.961829,0,Item,,NULL,NULL,NULL,False,NULL,NULL,NULL,True,False,2026-07-20 21:07:59.248527,2026-07-20 21:07:59.248527,2026-07-23 06:05:44.158742,NULL,NULL
org-30b00f49-c9a7-462a-bc5f-c113f4fb8a77,Square Trade Show,loc-c896e94d-f5ee-4466-b4c0-399bbc287fb0,Square Trade,itm-96cc145f-3314-45c5-90ac-54df59f6deae,Orange Sparkling Water - Poland Springs 16 oz.,catlg-c3c0ccc7-4b78-4e29-8653-e1ad80dc52f6,2.000,2026-07-20 21:08:05.179306,0,Item,,NULL,NULL,NULL,False,NULL,NULL,NULL,True,False,2026-07-20 21:07:59.248527,2026-07-20 21:07:59.248527,2026-07-23 06:05:44.158742,NULL,NULL
org-30b00f49-c9a7-462a-bc5f-c113f4fb8a77,Square Trade Show,loc-c896e94d-f5ee-4466-b4c0-399bbc287fb0,Square Trade,itm-a1e43b13-6e4b-4aaa-8814-3c73256318bb,Craft Your Own: Hot Dog,catlg-c3c0ccc7-4b78-4e29-8653-e1ad80dc52f6,5.590,2026-07-20 21:08:04.578371,0,Item,,NULL,NULL,NULL,False,NULL,NULL,NULL,True,False,2026-07-20 21:07:59.248527,2026-07-20 21:07:59.248527,2026-07-23 06:05:44.158742,NULL,NULL
org-30b00f49-c9a7-462a-bc5f-c113f4fb8a77,Square Trade Show,loc-c896e94d-f5ee-4466-b4c0-399bbc287fb0,Square Trade,itm-459c5514-673d-45f4-a7d7-e02afa8d6e58,Chili Cheese Tots,catlg-c3c0ccc7-4b78-4e29-8653-e1ad80dc52f6,5.790,2026-07-20 21:08:04.977453,0,Item,,NULL,NULL,NULL,False,NULL,NULL,NULL,True,False,2026-07-20 21:07:59.248527,2026-07-20 21:07:59.248527,2026-07-23 06:05:44.158742,NULL,NULL
org-30b00f49-c9a7-462a-bc5f-c113f4fb8a77,Square Trade Show,loc-c896e94d-f5ee-4466-b4c0-399bbc287fb0,Square Trade,itm-1d29cbac-47c0-409f-829d-3bb2de81baca,Delta Queen Coleslaw,catlg-c3c0ccc7-4b78-4e29-8653-e1ad80dc52f6,NULL,NULL,0,Item,,NULL,NULL,NULL,False,NULL,NULL,NULL,True,False,2026-07-20 21:07:59.248527,2026-07-20 21:07:59.248527,2026-07-23 06:05:44.158742,NULL,NULL
org-30b00f49-c9a7-462a-bc5f-c113f4fb8a77,Square Trade Show,loc-c896e94d-f5ee-4466-b4c0-399bbc287fb0,Square Trade,itm-833bf351-e8e5-41b0-9530-0374e7b0b639,Craft Your Own - Sub,catlg-c3c0ccc7-4b78-4e29-8653-e1ad80dc52f6,12.000,2026-07-20 21:08:04.220055,0,Item,,NULL,NULL,NULL,False,NULL,NULL,NULL,True,False,2026-07-20 21:07:59.248527,2026-07-20 21:07:59.248527,2026-07-23 06:05:44.158742,NULL,NULL
org-30b00f49-c9a7-462a-bc5f-c113f4fb8a77,Square Trade Show,loc-c896e94d-f5ee-4466-b4c0-399bbc287fb0,Square Trade,itm-f5150bf5-a101-450c-b84c-0bcd7fe264d4,Bowl - Fire Chicken,catlg-c3c0ccc7-4b78-4e29-8653-e1ad80dc52f6,10.000,2026-07-20 21:08:04.858806,0,Item,,NULL,NULL,NULL,False,NULL,NULL,NULL,True,False,2026-07-20 21:07:59.248527,2026-07-20 21:07:59.248527,2026-07-23 06:05:44.158742,NULL,NULL
org-30b00f49-c9a7-462a-bc5f-c113f4fb8a77,Square Trade Show,loc-c896e94d-f5ee-4466-b4c0-399bbc287fb0,Square Trade,itm-8bf2aa1d-ce05-444e-bba2-03250c589012,Garlic Bread,catlg-c3c0ccc7-4b78-4e29-8653-e1ad80dc52f6,4.000,2026-07-20 21:08:04.044582,0,Item,,NULL,NULL,NULL,True,NULL,NULL,NULL,True,False,2026-07-20 21:07:59.248527,2026-07-22 07:26:04.699425,2026-07-23 06:05:44.158742,NULL,NULL
org-30b00f49-c9a7-462a-bc5f-c113f4fb8a77,Square Trade Show,loc-c896e94d-f5ee-4466-b4c0-399bbc287fb0,Square Trade,itm-53dbe946-a2fd-4611-ae13-a9607188f2ba,Cheese Sandwich,catlg-c3c0ccc7-4b78-4e29-8653-e1ad80dc52f6,1.000,2026-07-20 21:08:04.161271,0,Item,,NULL,NULL,NULL,False,NULL,NULL,NULL,True,False,2026-07-20 21:07:59.248527,2026-07-22 07:26:04.699428,2026-07-23 06:05:44.158742,NULL,NULL
org-30b00f49-c9a7-462a-bc5f-c113f4fb8a77,Square Trade Show,loc-c896e94d-f5ee-4466-b4c0-399bbc287fb0,Square Trade,itm-4aaebb91-0417-4f44-b1da-d43cf07d249e,Single Burger,catlg-c3c0ccc7-4b78-4e29-8653-e1ad80dc52f6,6.490,2026-07-20 21:08:05.038223,0,Item,,NULL,NULL,NULL,False,NULL,NULL,NULL,True,False,2026-07-20 21:07:59.248527,2026-07-20 21:07:59.248527,2026-07-23 06:05:44.158742,NULL,NULL
org-30b00f49-c9a7-462a-bc5f-c113f4fb8a77,Square Trade Show,loc-c896e94d-f5ee-4466-b4c0-399bbc287fb0,Square Trade,itm-a601f07b-69c3-4c83-8224-1d886b94ec6a,Sprit,catlg-c3c0ccc7-4b78-4e29-8653-e1ad80dc52f6,0.500,2026-07-21 17:23:12.980019,0,Item,,NULL,NULL,NULL,False,NULL,NULL,NULL,True,True,2026-07-20 21:07:59.248527,2026-07-20 21:07:59.248527,2026-07-23 06:05:44.158742,NULL,NULL
org-30b00f49-c9a7-462a-bc5f-c113f4fb8a77,Square Trade Show,loc-c896e94d-f5ee-4466-b4c0-399bbc287fb0,Square Trade,itm-6fb00844-2cbf-4850-8308-c309fcaba642,Corn Bread W/ Honey Butter,catlg-c3c0ccc7-4b78-4e29-8653-e1ad80dc52f6,2.000,2026-07-20 21:08:04.919326,0,Item,,NULL,NULL,NULL,False,NULL,NULL,NULL,True,False,2026-07-20 21:07:59.248527,2026-07-20 21:07:59.248527,2026-07-23 06:05:44.158742,NULL,NULL
org-30b00f49-c9a7-462a-bc5f-c113f4fb8a77,Square Trade Show,loc-c896e94d-f5ee-4466-b4c0-399bbc287fb0,Square Trade,itm-1ab4a181-4548-4b3a-a141-a665dd3e2fc2,Cajun,catlg-c3c0ccc7-4b78-4e29-8653-e1ad80dc52f6,8.990,2026-07-20 21:08:04.68029,0,Item,,NULL,NULL,NULL,False,NULL,NULL,NULL,True,False,2026-07-20 21:07:59.248527,2026-07-20 21:07:59.248527,2026-07-23 06:05:44.158742,NULL,NULL
org-30b00f49-c9a7-462a-bc5f-c113f4fb8a77,Square Trade Show,loc-c896e94d-f5ee-4466-b4c0-399bbc287fb0,Square Trade,itm-5287aa70-7a9e-49dd-ac4f-ac1a35966df6,Neapolitan Wood Fired - Formaggio Bianco,catlg-c3c0ccc7-4b78-4e29-8653-e1ad80dc52f6,13.000,2026-07-20 21:08:04.662438,0,Item,,NULL,NULL,NULL,False,NULL,NULL,NULL,True,False,2026-07-20 21:07:59.248527,2026-07-20 21:07:59.248527,2026-07-23 06:05:44.158742,NULL,NULL
org-30b00f49-c9a7-462a-bc5f-c113f4fb8a77,Square Trade Show,loc-c896e94d-f5ee-4466-b4c0-399bbc287fb0,Square Trade,itm-80741f4a-57e7-408c-9323-d5dea4cc4c4d,Kansas City Ribs - Full Rack,catlg-c3c0ccc7-4b78-4e29-8653-e1ad80dc52f6,30.000,2026-07-20 21:08:04.241231,0,Item,,NULL,NULL,NULL,False,NULL,NULL,NULL,True,False,2026-07-20 21:07:59.248527,2026-07-20 21:07:59.248527,2026-07-23 06:05:44.158742,NULL,NULL
org-30b00f49-c9a7-462a-bc5f-c113f4fb8a77,Square Trade Show,loc-c896e94d-f5ee-4466-b4c0-399bbc287fb0,Square Trade,itm-73967330-9129-43a9-8665-415b0fa0ca8a,Saratoga Sparkling,catlg-c3c0ccc7-4b78-4e29-8653-e1ad80dc52f6,2.600,2026-07-20 21:08:04.778206,0,Item,,NULL,NULL,NULL,False,NULL,NULL,NULL,True,False,2026-07-20 21:07:59.248527,2026-07-20 21:07:59.248527,2026-07-23 06:05:44.158742,NULL,NULL
org-30b00f49-c9a7-462a-bc5f-c113f4fb8a77,Square Trade Show,loc-c896e94d-f5ee-4466-b4c0-399bbc287fb0,Square Trade,itm-2bec63fb-d54a-4092-8723-a7f13b474ebd,Veg steam momos,catlg-c3c0ccc7-4b78-4e29-8653-e1ad80dc52f6,0.500,2026-07-20 21:08:04.14405,0,Item,,NULL,NULL,NULL,False,NULL,NULL,NULL,True,False,2026-07-20 21:07:59.248527,2026-07-20 21:07:59.248527,2026-07-23 06:05:44.158742,NULL,NULL
org-30b00f49-c9a7-462a-bc5f-c113f4fb8a77,Square Trade Show,loc-c896e94d-f5ee-4466-b4c0-399bbc287fb0,Square Trade,itm-f2230550-6db6-4a46-8a0e-c4bb2da31e71,Sister's Mac & Cheese,catlg-c3c0ccc7-4b78-4e29-8653-e1ad80dc52f6,0.100,2026-07-20 21:08:04.984871,0,Item,,NULL,NULL,NULL,False,NULL,NULL,NULL,True,False,2026-07-20 21:07:59.248527,2026-07-22 08:51:18.695896,2026-07-23 06:05:44.158742,NULL,NULL
org-30b00f49-c9a7-462a-bc5f-c113f4fb8a77,Square Trade Show,loc-c896e94d-f5ee-4466-b4c0-399bbc287fb0,Square Trade,itm-3eced223-a17d-4ae9-a3a8-a1b1125f41d7,Lemon Sparkling Water - Poland Springs 16 oz.,catlg-c3c0ccc7-4b78-4e29-8653-e1ad80dc52f6,2.000,2026-07-20 21:08:05.174893,0,Item,,NULL,NULL,NULL,False,NULL,NULL,NULL,True,False,2026-07-20 21:07:59.248527,2026-07-20 21:07:59.248527,2026-07-23 06:05:44.158742,NULL,NULL
org-30b00f49-c9a7-462a-bc5f-c113f4fb8a77,Square Trade Show,loc-c896e94d-f5ee-4466-b4c0-399bbc287fb0,Square Trade,itm-a8d8af88-f9e1-4ae4-8262-2315b1506668,Build Your Own - Baked Potato,catlg-c3c0ccc7-4b78-4e29-8653-e1ad80dc52f6,13.000,2026-07-20 21:08:04.523887,0,Item,,NULL,NULL,NULL,False,NULL,NULL,NULL,True,False,2026-07-20 21:07:59.248527,2026-07-22 08:51:18.695895,2026-07-23 06:05:44.158742,NULL,NULL
org-30b00f49-c9a7-462a-bc5f-c113f4fb8a77,Square Trade Show,loc-c896e94d-f5ee-4466-b4c0-399bbc287fb0,Square Trade,itm-22c46150-e7c9-495a-8557-569191751bf0,Pesto pasta,catlg-c3c0ccc7-4b78-4e29-8653-e1ad80dc52f6,1.990,2026-07-20 21:08:04.181373,0,Item,,NULL,NULL,NULL,False,NULL,NULL,NULL,True,False,2026-07-20 21:07:59.248527,2026-07-20 21:07:59.248527,2026-07-23 06:05:44.158742,NULL,NULL
org-30b00f49-c9a7-462a-bc5f-c113f4fb8a77,Square Trade Show,loc-c896e94d-f5ee-4466-b4c0-399bbc287fb0,Square Trade,itm-e984efda-9da9-467b-9cef-3947482a6e35,Italian Tomato Mix,catlg-c3c0ccc7-4b78-4e29-8653-e1ad80dc52f6,0.500,2026-07-20 21:08:04.068634,0,Item,,NULL,NULL,NULL,False,NULL,NULL,NULL,True,False,2026-07-20 21:07:59.248527,2026-07-20 21:07:59.248527,2026-07-23 06:05:44.158742,NULL,NULL
org-30b00f49-c9a7-462a-bc5f-c113f4fb8a77,Square Trade Show,loc-c896e94d-f5ee-4466-b4c0-399bbc287fb0,Square Trade,itm-3ba8ee42-26d3-423a-8676-dfd376cbf8aa,Craft Your Own Fresh-Made Salad,catlg-c3c0ccc7-4b78-4e29-8653-e1ad80dc52f6,11.000,2026-07-20 21:08:04.79664,0,Item,,NULL,NULL,NULL,False,NULL,NULL,NULL,True,False,2026-07-20 21:07:59.248527,2026-07-20 21:07:59.248527,2026-07-23 06:05:44.158742,NULL,NULL
org-30b00f49-c9a7-462a-bc5f-c113f4fb8a77,Square Trade Show,loc-c896e94d-f5ee-4466-b4c0-399bbc287fb0,Square Trade,itm-bf8c4f68-e3e7-4efd-a805-d1d728be776d,Red Velvet Shake,catlg-c3c0ccc7-4b78-4e29-8653-e1ad80dc52f6,6.990,2026-07-20 21:08:05.009769,0,Item,,NULL,NULL,NULL,False,NULL,NULL,NULL,True,False,2026-07-20 21:07:59.248527,2026-07-20 21:07:59.248527,2026-07-23 06:05:44.158742,NULL,NULL
org-30b00f49-c9a7-462a-bc5f-c113f4fb8a77,Square Trade Show,loc-c896e94d-f5ee-4466-b4c0-399bbc287fb0,Square Trade,itm-7a4413ea-2360-4de5-9114-ed4acee3039c,New York - Pep,catlg-c3c0ccc7-4b78-4e29-8653-e1ad80dc52f6,12.000,2026-07-20 21:08:04.738377,0,Item,,NULL,NULL,NULL,False,NULL,NULL,NULL,True,False,2026-07-20 21:07:59.248527,2026-07-20 21:07:59.248527,2026-07-23 06:05:44.158742,NULL,NULL
org-30b00f49-c9a7-462a-bc5f-c113f4fb8a77,Square Trade Show,loc-c896e94d-f5ee-4466-b4c0-399bbc287fb0,Square Trade,itm-1da884ef-9ca1-477d-9938-eab39c3b92c3,Dabeli,catlg-c3c0ccc7-4b78-4e29-8653-e1ad80dc52f6,1.500,2026-07-20 21:08:04.169442,0,Item,,NULL,NULL,NULL,False,NULL,NULL,NULL,True,False,2026-07-20 21:07:59.248527,2026-07-20 21:07:59.248527,2026-07-23 06:05:44.158742,NULL,NULL
org-30b00f49-c9a7-462a-bc5f-c113f4fb8a77,Square Trade Show,loc-c896e94d-f5ee-4466-b4c0-399bbc287fb0,Square Trade,itm-be1fd2b3-296d-47ed-b4e4-cd15c7f5ebb8,New French Burger,catlg-c3c0ccc7-4b78-4e29-8653-e1ad80dc52f6,2.000,2026-07-20 21:08:05.207561,0,Item,,NULL,NULL,NULL,False,NULL,NULL,NULL,True,False,2026-07-20 21:07:59.248527,2026-07-20 21:07:59.248527,2026-07-23 06:05:44.158742,NULL,NULL
org-30b00f49-c9a7-462a-bc5f-c113f4fb8a77,Square Trade Show,loc-c896e94d-f5ee-4466-b4c0-399bbc287fb0,Square Trade,itm-63ab0456-88f8-4256-b869-fdd065f37f9f,Cousin's Collard Greens,catlg-c3c0ccc7-4b78-4e29-8653-e1ad80dc52f6,NULL,NULL,0,Item,,NULL,NULL,NULL,False,NULL,NULL,NULL,True,False,2026-07-20 21:07:59.248527,2026-07-20 21:07:59.248527,2026-07-23 06:05:44.158742,NULL,NULL
org-30b00f49-c9a7-462a-bc5f-c113f4fb8a77,Square Trade Show,loc-c896e94d-f5ee-4466-b4c0-399bbc287fb0,Square Trade,itm-2b4a7173-6482-4c3f-9ca5-d225e612d5ef,Chicken Explosion Taco,catlg-c3c0ccc7-4b78-4e29-8653-e1ad80dc52f6,0.010,2026-07-20 21:08:04.123385,0,Item,,NULL,NULL,NULL,False,NULL,NULL,NULL,True,False,2026-07-20 21:07:59.248527,2026-07-20 21:07:59.248527,2026-07-23 06:05:44.158742,NULL,NULL
org-30b00f49-c9a7-462a-bc5f-c113f4fb8a77,Square Trade Show,loc-c896e94d-f5ee-4466-b4c0-399bbc287fb0,Square Trade,itm-97f61b9b-0784-43a7-b469-396c69573e71,Impossible Melt,catlg-c3c0ccc7-4b78-4e29-8653-e1ad80dc52f6,9.990,2026-07-20 21:08:04.24472,0,Item,,NULL,NULL,NULL,False,NULL,NULL,NULL,True,False,2026-07-20 21:07:59.248527,2026-07-20 21:07:59.248527,2026-07-23 06:05:44.158742,NULL,NULL
org-30b00f49-c9a7-462a-bc5f-c113f4fb8a77,Square Trade Show,loc-c896e94d-f5ee-4466-b4c0-399bbc287fb0,Square Trade,itm-db30a2e5-cbeb-4117-815b-b65cca1c5166,Mango Buttermilk,catlg-c3c0ccc7-4b78-4e29-8653-e1ad80dc52f6,0.550,2026-07-21 17:23:12.98002,0,Item,,NULL,NULL,NULL,False,NULL,NULL,NULL,True,False,2026-07-20 21:07:59.248527,2026-07-20 21:07:59.248527,2026-07-23 06:05:44.158742,NULL,NULL
org-30b00f49-c9a7-462a-bc5f-c113f4fb8a77,Square Trade Show,loc-c896e94d-f5ee-4466-b4c0-399bbc287fb0,Square Trade,itm-fbae59b1-7c83-4ec4-b716-a07ee152a3a7,Bottled Water 16.9oz,catlg-c3c0ccc7-4b78-4e29-8653-e1ad80dc52f6,1.000,2026-07-20 21:08:04.873263,0,Item,,NULL,NULL,NULL,False,NULL,NULL,NULL,True,False,2026-07-20 21:07:59.248527,2026-07-20 21:07:59.248527,2026-07-23 06:05:44.158742,NULL,NULL
org-30b00f49-c9a7-462a-bc5f-c113f4fb8a77,Square Trade Show,loc-c896e94d-f5ee-4466-b4c0-399bbc287fb0,Square Trade,itm-d2585e0d-7f84-4dae-a9dd-7c3bbe3e4fbf,Fresh Bread,catlg-c3c0ccc7-4b78-4e29-8653-e1ad80dc52f6,2.000,2026-07-20 21:08:05.030402,0,Item,,NULL,NULL,NULL,False,NULL,NULL,NULL,True,False,2026-07-20 21:07:59.248527,2026-07-20 21:07:59.248527,2026-07-23 06:05:44.158742,NULL,NULL
org-30b00f49-c9a7-462a-bc5f-c113f4fb8a77,Square Trade Show,loc-c896e94d-f5ee-4466-b4c0-399bbc287fb0,Square Trade,itm-17e43ef9-d687-4d01-88b6-4123e31a3852,Buffalo Chicken,catlg-c3c0ccc7-4b78-4e29-8653-e1ad80dc52f6,7.990,2026-07-20 21:08:05.050035,0,Item,,NULL,NULL,NULL,False,NULL,NULL,NULL,True,False,2026-07-20 21:07:59.248527,2026-07-20 21:07:59.248527,2026-07-23 06:05:44.158742,NULL,NULL
org-30b00f49-c9a7-462a-bc5f-c113f4fb8a77,Square Trade Show,loc-c896e94d-f5ee-4466-b4c0-399bbc287fb0,Square Trade,itm-ab7282e4-aa69-497a-b574-b8f40bd31806,Craft Your Own: Rigatoni,catlg-c3c0ccc7-4b78-4e29-8653-e1ad80dc52f6,9.000,2026-07-20 21:08:04.84932,0,Item,,NULL,NULL,NULL,False,NULL,NULL,NULL,True,False,2026-07-20 21:07:59.248527,2026-07-20 21:07:59.248527,2026-07-23 06:05:44.158742,NULL,NULL
org-30b00f49-c9a7-462a-bc5f-c113f4fb8a77,Square Trade Show,loc-c896e94d-f5ee-4466-b4c0-399bbc287fb0,Square Trade,itm-33f8fb40-de66-4664-99e4-c69cb145bf5d,Garlic Bread,catlg-c3c0ccc7-4b78-4e29-8653-e1ad80dc52f6,4.000,2026-07-20 21:08:05.006264,0,Item,,NULL,NULL,NULL,False,NULL,NULL,NULL,True,False,2026-07-20 21:07:59.248527,2026-07-22 07:26:04.699428,2026-07-23 06:05:44.158742,NULL,NULL
org-30b00f49-c9a7-462a-bc5f-c113f4fb8a77,Square Trade Show,loc-c896e94d-f5ee-4466-b4c0-399bbc287fb0,Square Trade,itm-84bf4a3f-3363-4483-ad72-3d563bcd0022,Classic Pepperoni Pizza,catlg-c3c0ccc7-4b78-4e29-8653-e1ad80dc52f6,14.990,2026-07-22 07:26:05.121962,0,Item,,NULL,NULL,NULL,False,NULL,NULL,NULL,True,False,2026-07-20 21:07:59.248527,2026-07-22 07:26:04.699427,2026-07-23 06:05:44.158742,NULL,NULL
org-30b00f49-c9a7-462a-bc5f-c113f4fb8a77,Square Trade Show,loc-c896e94d-f5ee-4466-b4c0-399bbc287fb0,Square Trade,itm-6dcb06fc-393f-412d-a1ee-5debfca642a2,Special Pizza,catlg-c3c0ccc7-4b78-4e29-8653-e1ad80dc52f6,0.200,2026-07-20 21:08:03.997144,0,Item,,NULL,NULL,NULL,False,NULL,NULL,NULL,True,False,2026-07-20 21:07:59.248527,2026-07-20 21:07:59.248527,2026-07-23 06:05:44.158742,NULL,NULL
org-30b00f49-c9a7-462a-bc5f-c113f4fb8a77,Square Trade Show,loc-c896e94d-f5ee-4466-b4c0-399bbc287fb0,Square Trade,itm-4e13d9b3-f583-4fed-b625-384df92cbc6d,3 Tacos - Chicken Club,catlg-c3c0ccc7-4b78-4e29-8653-e1ad80dc52f6,10.000,2026-07-20 21:08:04.403626,0,Item,,NULL,NULL,NULL,False,NULL,NULL,NULL,True,False,2026-07-20 21:07:59.248527,2026-07-20 21:07:59.248527,2026-07-23 06:05:44.158742,NULL,NULL
org-30b00f49-c9a7-462a-bc5f-c113f4fb8a77,Square Trade Show,loc-c896e94d-f5ee-4466-b4c0-399bbc287fb0,Square Trade,itm-0ec24d3d-1935-46cf-be15-4dcce7430ed8,Neapolitan Wood Fired - King Street,catlg-c3c0ccc7-4b78-4e29-8653-e1ad80dc52f6,13.000,2026-07-20 21:08:04.654011,0,Item,,NULL,NULL,NULL,False,NULL,NULL,NULL,True,False,2026-07-20 21:07:59.248527,2026-07-20 21:07:59.248527,2026-07-23 06:05:44.158742,NULL,NULL
org-30b00f49-c9a7-462a-bc5f-c113f4fb8a77,Square Trade Show,loc-c896e94d-f5ee-4466-b4c0-399bbc287fb0,Square Trade,itm-3ba1ffc3-eca1-492c-a756-0428441a8d82,Cheesesteak,catlg-c3c0ccc7-4b78-4e29-8653-e1ad80dc52f6,9.290,2026-07-20 21:08:04.845915,0,Item,,NULL,NULL,NULL,False,NULL,NULL,NULL,True,False,2026-07-20 21:07:59.248527,2026-07-20 21:07:59.248527,2026-07-23 06:05:44.158742,NULL,NULL
org-30b00f49-c9a7-462a-bc5f-c113f4fb8a77,Square Trade Show,loc-c896e94d-f5ee-4466-b4c0-399bbc287fb0,Square Trade,itm-e1cb276a-05ee-411c-8d48-2429a6c4682b,Fries,catlg-c3c0ccc7-4b78-4e29-8653-e1ad80dc52f6,3.990,2026-07-20 21:08:05.073082,0,Item,,NULL,NULL,NULL,False,NULL,NULL,NULL,True,False,2026-07-20 21:07:59.248527,2026-07-20 21:07:59.248527,2026-07-23 06:05:44.158742,NULL,NULL
org-30b00f49-c9a7-462a-bc5f-c113f4fb8a77,Square Trade Show,loc-c896e94d-f5ee-4466-b4c0-399bbc287fb0,Square Trade,itm-824c00e8-bb34-4979-92e3-f3ca4564ae5a,Full Tater Tots,catlg-c3c0ccc7-4b78-4e29-8653-e1ad80dc52f6,4.990,2026-07-20 21:08:04.395376,0,Item,,NULL,NULL,NULL,False,NULL,NULL,NULL,True,False,2026-07-20 21:07:59.248527,2026-07-20 21:07:59.248527,2026-07-23 06:05:44.158742,NULL,NULL
org-30b00f49-c9a7-462a-bc5f-c113f4fb8a77,Square Trade Show,loc-c896e94d-f5ee-4466-b4c0-399bbc287fb0,Square Trade,itm-730c369e-831f-4c36-9dcd-30c10a06eeb4,Detroit - Buffalo Chicken,catlg-c3c0ccc7-4b78-4e29-8653-e1ad80dc52f6,13.000,2026-07-20 21:08:04.585277,0,Item,,NULL,NULL,NULL,False,NULL,NULL,NULL,True,False,2026-07-20 21:07:59.248527,2026-07-20 21:07:59.248527,2026-07-23 06:05:44.158742,NULL,NULL
org-30b00f49-c9a7-462a-bc5f-c113f4fb8a77,Square Trade Show,loc-c896e94d-f5ee-4466-b4c0-399bbc287fb0,Square Trade,itm-a355b5ed-f163-495f-9cca-bc2d2fc48ab6,Clam Chowder Soup,catlg-c3c0ccc7-4b78-4e29-8653-e1ad80dc52f6,5.000,2026-07-20 21:08:04.81351,0,Item,,NULL,NULL,NULL,False,NULL,NULL,NULL,True,False,2026-07-20 21:07:59.248527,2026-07-20 21:07:59.248527,2026-07-23 06:05:44.158742,NULL,NULL
org-30b00f49-c9a7-462a-bc5f-c113f4fb8a77,Square Trade Show,loc-c896e94d-f5ee-4466-b4c0-399bbc287fb0,Square Trade,itm-e5ff9079-c39b-406b-8847-440da9f0f565,Craft Your Own: Ravioli,catlg-c3c0ccc7-4b78-4e29-8653-e1ad80dc52f6,10.000,2026-07-20 21:08:04.332861,0,Item,,NULL,NULL,NULL,False,NULL,NULL,NULL,True,False,2026-07-20 21:07:59.248527,2026-07-20 21:07:59.248527,2026-07-23 06:05:44.158742,NULL,NULL
org-30b00f49-c9a7-462a-bc5f-c113f4fb8a77,Square Trade Show,loc-c896e94d-f5ee-4466-b4c0-399bbc287fb0,Square Trade,itm-d4144d17-ca54-4079-b592-bdf8fb9269b9,Fried Chicken,catlg-c3c0ccc7-4b78-4e29-8653-e1ad80dc52f6,1.000,2026-07-20 21:08:04.060663,0,Item,,NULL,NULL,NULL,False,NULL,NULL,NULL,True,False,2026-07-20 21:07:59.248527,2026-07-20 21:07:59.248527,2026-07-23 06:05:44.158742,NULL,NULL
org-30b00f49-c9a7-462a-bc5f-c113f4fb8a77,Square Trade Show,loc-c896e94d-f5ee-4466-b4c0-399bbc287fb0,Square Trade,itm-6aa7e8c8-9f2d-45e2-8591-ee068951ee26,Citta Pasta Meatballs,catlg-c3c0ccc7-4b78-4e29-8653-e1ad80dc52f6,3.000,2026-07-20 21:08:04.489222,0,Item,,NULL,NULL,NULL,False,NULL,NULL,NULL,True,False,2026-07-20 21:07:59.248527,2026-07-20 21:07:59.248527,2026-07-23 06:05:44.158742,NULL,NULL
org-30b00f49-c9a7-462a-bc5f-c113f4fb8a77,Square Trade Show,loc-c896e94d-f5ee-4466-b4c0-399bbc287fb0,Square Trade,itm-de184bba-569e-4d9e-bd13-33cbded162b2,Big Cheese Pizza new,catlg-c3c0ccc7-4b78-4e29-8653-e1ad80dc52f6,12.000,2026-07-22 07:26:05.121961,0,Item,,NULL,NULL,NULL,False,NULL,NULL,NULL,True,False,2026-07-20 21:07:59.248527,2026-07-22 07:26:04.699427,2026-07-23 06:05:44.158742,NULL,NULL
org-30b00f49-c9a7-462a-bc5f-c113f4fb8a77,Square Trade Show,loc-c896e94d-f5ee-4466-b4c0-399bbc287fb0,Square Trade,itm-8908ebad-d362-4ce3-9137-22a87339a30c,Fried Cheese Curds,catlg-c3c0ccc7-4b78-4e29-8653-e1ad80dc52f6,3.990,2026-07-20 21:08:04.996274,0,Item,,NULL,NULL,NULL,False,NULL,NULL,NULL,True,False,2026-07-20 21:07:59.248527,2026-07-20 21:07:59.248527,2026-07-23 06:05:44.158742,NULL,NULL
org-30b00f49-c9a7-462a-bc5f-c113f4fb8a77,Square Trade Show,loc-c896e94d-f5ee-4466-b4c0-399bbc287fb0,Square Trade,itm-9b1735b0-56ca-4ff4-a681-5d093bc5c02a,Carbonara Bucatini,catlg-c3c0ccc7-4b78-4e29-8653-e1ad80dc52f6,10.000,2026-07-20 21:08:04.980804,0,Item,,NULL,NULL,NULL,False,NULL,NULL,NULL,True,False,2026-07-20 21:07:59.248527,2026-07-20 21:07:59.248527,2026-07-23 06:05:44.158742,NULL,NULL
org-30b00f49-c9a7-462a-bc5f-c113f4fb8a77,Square Trade Show,loc-c896e94d-f5ee-4466-b4c0-399bbc287fb0,Square Trade,itm-abbd53a9-5d75-496c-b132-99f034829779,Regular Cajun Tater Tots,catlg-c3c0ccc7-4b78-4e29-8653-e1ad80dc52f6,4.190,2026-07-20 21:08:04.915795,0,Item,,NULL,NULL,NULL,False,NULL,NULL,NULL,True,False,2026-07-20 21:07:59.248527,2026-07-20 21:07:59.248527,2026-07-23 06:05:44.158742,NULL,NULL
org-30b00f49-c9a7-462a-bc5f-c113f4fb8a77,Square Trade Show,loc-c896e94d-f5ee-4466-b4c0-399bbc287fb0,Square Trade,itm-1458f5cd-fa7b-4c88-9aa2-fff481b72015,Fried Pickles,catlg-c3c0ccc7-4b78-4e29-8653-e1ad80dc52f6,5.990,2026-07-20 21:08:05.091576,0,Item,,NULL,NULL,NULL,False,NULL,NULL,NULL,True,False,2026-07-20 21:07:59.248527,2026-07-20 21:07:59.248527,2026-07-23 06:05:44.158742,NULL,NULL
org-30b00f49-c9a7-462a-bc5f-c113f4fb8a77,Square Trade Show,loc-c896e94d-f5ee-4466-b4c0-399bbc287fb0,Square Trade,itm-9db59e1c-76ab-4bb5-9411-0a2c2be9f358,Craft Your Own: Double,catlg-c3c0ccc7-4b78-4e29-8653-e1ad80dc52f6,8.490,2026-07-20 21:08:04.624976,0,Item,,NULL,NULL,NULL,False,NULL,NULL,NULL,True,False,2026-07-20 21:07:59.248527,2026-07-20 21:07:59.248527,2026-07-23 06:05:44.158742,NULL,NULL
org-30b00f49-c9a7-462a-bc5f-c113f4fb8a77,Square Trade Show,loc-c896e94d-f5ee-4466-b4c0-399bbc287fb0,Square Trade,itm-739e733b-2ec2-474f-ae67-57ef2151fb7b,Bourbon Bacon,catlg-c3c0ccc7-4b78-4e29-8653-e1ad80dc52f6,9.990,2026-07-20 21:08:04.224885,0,Item,,NULL,NULL,NULL,False,NULL,NULL,NULL,True,False,2026-07-20 21:07:59.248527,2026-07-20 21:07:59.248527,2026-07-23 06:05:44.158742,NULL,NULL
org-30b00f49-c9a7-462a-bc5f-c113f4fb8a77,Square Trade Show,loc-c896e94d-f5ee-4466-b4c0-399bbc287fb0,Square Trade,itm-e596358d-e134-4b4e-aebc-9beb30b4055b,Craft Your Own - Focaccia,catlg-c3c0ccc7-4b78-4e29-8653-e1ad80dc52f6,14.000,2026-07-20 21:08:04.833431,0,Item,,NULL,NULL,NULL,False,NULL,NULL,NULL,True,False,2026-07-20 21:07:59.248527,2026-07-20 21:07:59.248527,2026-07-23 06:05:44.158742,NULL,NULL
org-30b00f49-c9a7-462a-bc5f-c113f4fb8a77,Square Trade Show,loc-c896e94d-f5ee-4466-b4c0-399bbc287fb0,Square Trade,itm-5da745f1-82e7-4f25-8ee0-635f4cef9d5c,Pinto Beans,catlg-c3c0ccc7-4b78-4e29-8653-e1ad80dc52f6,2.500,2026-07-20 21:08:04.820804,0,Item,,NULL,NULL,NULL,False,NULL,NULL,NULL,True,False,2026-07-20 21:07:59.248527,2026-07-20 21:07:59.248527,2026-07-23 06:05:44.158742,NULL,NULL
org-30b00f49-c9a7-462a-bc5f-c113f4fb8a77,Square Trade Show,loc-c896e94d-f5ee-4466-b4c0-399bbc287fb0,Square Trade,itm-d2c53051-5602-48ff-b91e-1d9c8a0598fb,Caesar,catlg-c3c0ccc7-4b78-4e29-8653-e1ad80dc52f6,9.000,2026-07-20 21:08:04.838792,0,Item,,NULL,NULL,NULL,False,NULL,NULL,NULL,True,False,2026-07-20 21:07:59.248527,2026-07-20 21:07:59.248527,2026-07-23 06:05:44.158742,NULL,NULL
org-30b00f49-c9a7-462a-bc5f-c113f4fb8a77,Square Trade Show,loc-c896e94d-f5ee-4466-b4c0-399bbc287fb0,Square Trade,itm-06e614b3-6e05-4a58-97f2-80ea56a744fc,Build Your Own Regular Bowl,catlg-c3c0ccc7-4b78-4e29-8653-e1ad80dc52f6,2.000,2026-07-21 17:23:12.98002,0,Item,,NULL,NULL,NULL,False,NULL,NULL,NULL,True,False,2026-07-20 21:07:59.248527,2026-07-20 21:07:59.248527,2026-07-23 06:05:44.158742,NULL,NULL
org-30b00f49-c9a7-462a-bc5f-c113f4fb8a77,Square Trade Show,loc-c896e94d-f5ee-4466-b4c0-399bbc287fb0,Square Trade,itm-adf52647-d74c-4450-8e37-17691f44e7ca,Pulled Chicken - Large,catlg-c3c0ccc7-4b78-4e29-8653-e1ad80dc52f6,23.000,2026-07-20 21:08:04.781646,0,Item,,NULL,NULL,NULL,False,NULL,NULL,NULL,True,False,2026-07-20 21:07:59.248527,2026-07-20 21:07:59.248527,2026-07-23 06:05:44.158742,NULL,NULL
org-30b00f49-c9a7-462a-bc5f-c113f4fb8a77,Square Trade Show,loc-c896e94d-f5ee-4466-b4c0-399bbc287fb0,Square Trade,itm-3c27bb54-7bb3-4bbd-919e-2efe7812208f,Brisket - Large,catlg-c3c0ccc7-4b78-4e29-8653-e1ad80dc52f6,25.000,2026-07-20 21:08:04.842574,0,Item,,NULL,NULL,NULL,False,NULL,NULL,NULL,True,False,2026-07-20 21:07:59.248527,2026-07-22 08:51:18.695895,2026-07-23 06:05:44.158742,NULL,NULL
org-30b00f49-c9a7-462a-bc5f-c113f4fb8a77,Square Trade Show,loc-c896e94d-f5ee-4466-b4c0-399bbc287fb0,Square Trade,itm-c8977a8f-6805-406b-81a1-7924b4836269,Kansas City Ribs - 1/2 Rack,catlg-c3c0ccc7-4b78-4e29-8653-e1ad80dc52f6,18.000,2026-07-20 21:08:04.805301,0,Item,,NULL,NULL,NULL,False,NULL,NULL,NULL,True,False,2026-07-20 21:07:59.248527,2026-07-20 21:07:59.248527,2026-07-23 06:05:44.158742,NULL,NULL
org-30b00f49-c9a7-462a-bc5f-c113f4fb8a77,Square Trade Show,loc-c896e94d-f5ee-4466-b4c0-399bbc287fb0,Square Trade,itm-cb23f5ca-acf7-4802-874c-0c3ea884978d,Banana Pudding,catlg-c3c0ccc7-4b78-4e29-8653-e1ad80dc52f6,5.000,2026-07-20 21:08:05.017524,0,Item,,NULL,NULL,NULL,False,NULL,NULL,NULL,True,False,2026-07-20 21:07:59.248527,2026-07-22 08:51:18.695896,2026-07-23 06:05:44.158742,NULL,NULL
org-30b00f49-c9a7-462a-bc5f-c113f4fb8a77,Square Trade Show,loc-c896e94d-f5ee-4466-b4c0-399bbc287fb0,Square Trade,itm-999e7801-1bbc-459c-ad72-b625ff5da656,Pasta e Fagioli,catlg-c3c0ccc7-4b78-4e29-8653-e1ad80dc52f6,5.000,2026-07-20 21:08:04.750249,0,Item,,NULL,NULL,NULL,False,NULL,NULL,NULL,True,False,2026-07-20 21:07:59.248527,2026-07-20 21:07:59.248527,2026-07-23 06:05:44.158742,NULL,NULL
org-30b00f49-c9a7-462a-bc5f-c113f4fb8a77,Square Trade Show,loc-c896e94d-f5ee-4466-b4c0-399bbc287fb0,Square Trade,itm-72525ac6-5114-49d9-a78e-90391ff26b3b,Wood Fired - Salmon,catlg-c3c0ccc7-4b78-4e29-8653-e1ad80dc52f6,9.000,2026-07-20 21:08:04.684496,0,Item,,NULL,NULL,NULL,False,NULL,NULL,NULL,True,False,2026-07-20 21:07:59.248527,2026-07-20 21:07:59.248527,2026-07-23 06:05:44.158742,NULL,NULL
org-30b00f49-c9a7-462a-bc5f-c113f4fb8a77,Square Trade Show,loc-c896e94d-f5ee-4466-b4c0-399bbc287fb0,Square Trade,itm-e197ff70-72e3-492f-9a53-5ee8da7bae61,Neapolitan Wood Fired - Prosciutto & Arugula,catlg-c3c0ccc7-4b78-4e29-8653-e1ad80dc52f6,14.000,2026-07-20 21:08:04.757791,0,Item,,NULL,NULL,NULL,False,NULL,NULL,NULL,True,False,2026-07-20 21:07:59.248527,2026-07-20 21:07:59.248527,2026-07-23 06:05:44.158742,NULL,NULL
org-30b00f49-c9a7-462a-bc5f-c113f4fb8a77,Square Trade Show,loc-c896e94d-f5ee-4466-b4c0-399bbc287fb0,Square Trade,itm-bc9a9a63-b7b8-46f7-be9f-6d23aaaa5602,S'mores Cookie Ice Cream Parfait,catlg-c3c0ccc7-4b78-4e29-8653-e1ad80dc52f6,4.000,2026-07-20 21:08:05.113146,0,Item,,NULL,NULL,NULL,False,NULL,NULL,NULL,True,False,2026-07-20 21:07:59.248527,2026-07-20 21:07:59.248527,2026-07-23 06:05:44.158742,NULL,NULL
org-30b00f49-c9a7-462a-bc5f-c113f4fb8a77,Square Trade Show,loc-c896e94d-f5ee-4466-b4c0-399bbc287fb0,Square Trade,itm-0898de09-e188-4434-af1a-2a77c291d99f,Tomato Basil Bisque,catlg-c3c0ccc7-4b78-4e29-8653-e1ad80dc52f6,5.000,2026-07-20 21:08:04.574604,0,Item,,NULL,NULL,NULL,False,NULL,NULL,NULL,True,False,2026-07-20 21:07:59.248527,2026-07-20 21:07:59.248527,2026-07-23 06:05:44.158742,NULL,NULL
org-30b00f49-c9a7-462a-bc5f-c113f4fb8a77,Square Trade Show,loc-c896e94d-f5ee-4466-b4c0-399bbc287fb0,Square Trade,itm-ee0fc09a-0dc4-4f37-ad2a-01a12cb0540e,Sugar Cookie Ice Cream Parfait,catlg-c3c0ccc7-4b78-4e29-8653-e1ad80dc52f6,4.000,2026-07-20 21:08:05.11722,0,Item,,NULL,NULL,NULL,False,NULL,NULL,NULL,True,False,2026-07-20 21:07:59.248527,2026-07-20 21:07:59.248527,2026-07-23 06:05:44.158742,NULL,NULL
org-30b00f49-c9a7-462a-bc5f-c113f4fb8a77,Square Trade Show,loc-c896e94d-f5ee-4466-b4c0-399bbc287fb0,Square Trade,itm-bfa14938-656e-4f71-b2a7-1412d4c32ddb,Nacho,catlg-c3c0ccc7-4b78-4e29-8653-e1ad80dc52f6,25.000,2026-07-20 21:08:04.134829,0,Item,,NULL,NULL,NULL,False,NULL,NULL,NULL,True,False,2026-07-20 21:07:59.248527,2026-07-22 07:26:04.699427,2026-07-23 06:05:44.158742,NULL,NULL
org-30b00f49-c9a7-462a-bc5f-c113f4fb8a77,Square Trade Show,loc-c896e94d-f5ee-4466-b4c0-399bbc287fb0,Square Trade,itm-ac12295d-076a-4860-9bc8-c9621402bf29,Regular Bacon Cheese Fry,catlg-c3c0ccc7-4b78-4e29-8653-e1ad80dc52f6,5.790,2026-07-20 21:08:04.809532,0,Item,,NULL,NULL,NULL,False,NULL,NULL,NULL,True,False,2026-07-20 21:07:59.248527,2026-07-20 21:07:59.248527,2026-07-23 06:05:44.158742,NULL,NULL
org-30b00f49-c9a7-462a-bc5f-c113f4fb8a77,Square Trade Show,loc-c896e94d-f5ee-4466-b4c0-399bbc287fb0,Square Trade,itm-45d7722a-4dcd-4315-a937-cbe63db4fbaa,New York - Truffle,catlg-c3c0ccc7-4b78-4e29-8653-e1ad80dc52f6,15.000,2026-07-20 21:08:04.742247,0,Item,,NULL,NULL,NULL,False,NULL,NULL,NULL,True,False,2026-07-20 21:07:59.248527,2026-07-20 21:07:59.248527,2026-07-23 06:05:44.158742,NULL,NULL
org-30b00f49-c9a7-462a-bc5f-c113f4fb8a77,Square Trade Show,loc-c896e94d-f5ee-4466-b4c0-399bbc287fb0,Square Trade,itm-cf8a410e-7770-45a9-a22b-e18d4c799d8c,San Pellegrino 16 oz.,catlg-c3c0ccc7-4b78-4e29-8653-e1ad80dc52f6,2.600,2026-07-20 21:08:05.130015,0,Item,,NULL,NULL,NULL,False,NULL,NULL,NULL,True,False,2026-07-20 21:07:59.248527,2026-07-20 21:07:59.248527,2026-07-23 06:05:44.158742,NULL,NULL
org-30b00f49-c9a7-462a-bc5f-c113f4fb8a77,Square Trade Show,loc-c896e94d-f5ee-4466-b4c0-399bbc287fb0,Square Trade,itm-e058dd5e-f97e-46f8-afe4-824db05ee070,3 Tacos - Fire Chicken,catlg-c3c0ccc7-4b78-4e29-8653-e1ad80dc52f6,10.000,2026-07-20 21:08:04.95457,0,Item,,NULL,NULL,NULL,False,NULL,NULL,NULL,True,False,2026-07-20 21:07:59.248527,2026-07-20 21:07:59.248527,2026-07-23 06:05:44.158742,NULL,NULL
org-30b00f49-c9a7-462a-bc5f-c113f4fb8a77,Square Trade Show,loc-c896e94d-f5ee-4466-b4c0-399bbc287fb0,Square Trade,itm-d76c6eec-e334-4c1a-b92b-0ab826b99099,Full Chili Cheese Fries,catlg-c3c0ccc7-4b78-4e29-8653-e1ad80dc52f6,7.990,2026-07-20 21:08:04.548622,0,Item,,NULL,NULL,NULL,False,NULL,NULL,NULL,True,False,2026-07-20 21:07:59.248527,2026-07-20 21:07:59.248527,2026-07-23 06:05:44.158742,NULL,NULL
org-30b00f49-c9a7-462a-bc5f-c113f4fb8a77,Square Trade Show,loc-c896e94d-f5ee-4466-b4c0-399bbc287fb0,Square Trade,itm-c0a836dd-3111-4620-85e2-e71dee32fc86,Veg Vadapav,catlg-c3c0ccc7-4b78-4e29-8653-e1ad80dc52f6,2.500,2026-07-21 17:23:12.98002,0,Item,,NULL,NULL,NULL,False,NULL,NULL,NULL,True,False,2026-07-20 21:07:59.248527,2026-07-20 21:07:59.248527,2026-07-23 06:05:44.158742,NULL,NULL
org-30b00f49-c9a7-462a-bc5f-c113f4fb8a77,Square Trade Show,loc-c896e94d-f5ee-4466-b4c0-399bbc287fb0,Square Trade,itm-248d3b18-b33b-4d0c-a676-117efb0eb5fa,Zuppa Salsiccia,catlg-c3c0ccc7-4b78-4e29-8653-e1ad80dc52f6,5.000,2026-07-20 21:08:04.769763,0,Item,,NULL,NULL,NULL,False,NULL,NULL,NULL,True,False,2026-07-20 21:07:59.248527,2026-07-20 21:07:59.248527,2026-07-23 06:05:44.158742,NULL,NULL
org-30b00f49-c9a7-462a-bc5f-c113f4fb8a77,Square Trade Show,loc-c896e94d-f5ee-4466-b4c0-399bbc287fb0,Square Trade,itm-5ccb7c5d-ff66-4e70-b180-6ba1f41c371a,CocaCola,catlg-c3c0ccc7-4b78-4e29-8653-e1ad80dc52f6,2.600,2026-07-20 21:08:04.923276,0,Item,,NULL,NULL,NULL,False,NULL,NULL,NULL,True,False,2026-07-20 21:07:59.248527,2026-07-20 21:07:59.248527,2026-07-23 06:05:44.158742,NULL,NULL
org-30b00f49-c9a7-462a-bc5f-c113f4fb8a77,Square Trade Show,loc-c896e94d-f5ee-4466-b4c0-399bbc287fb0,Square Trade,itm-0eb09fb5-9bc7-4d7b-bd8f-9e725effcc78,Bacon & Apple,catlg-c3c0ccc7-4b78-4e29-8653-e1ad80dc52f6,10.000,2026-07-20 21:08:04.754081,0,Item,,NULL,NULL,NULL,False,NULL,NULL,NULL,True,False,2026-07-20 21:07:59.248527,2026-07-20 21:07:59.248527,2026-07-23 06:05:44.158742,NULL,NULL
org-30b00f49-c9a7-462a-bc5f-c113f4fb8a77,Square Trade Show,loc-c896e94d-f5ee-4466-b4c0-399bbc287fb0,Square Trade,itm-eb6b1efd-f6fa-48d6-af20-8da54e257449,Classic Burger,catlg-c3c0ccc7-4b78-4e29-8653-e1ad80dc52f6,8.490,2026-07-20 21:08:05.034483,0,Item,,NULL,NULL,NULL,False,NULL,NULL,NULL,True,False,2026-07-20 21:07:59.248527,2026-07-20 21:07:59.248527,2026-07-23 06:05:44.158742,NULL,NULL
org-30b00f49-c9a7-462a-bc5f-c113f4fb8a77,Square Trade Show,loc-c896e94d-f5ee-4466-b4c0-399bbc287fb0,Square Trade,itm-12c2aefe-632a-4ee9-b2d0-8a74a7a09bdd,Craft Your Own: Single,catlg-c3c0ccc7-4b78-4e29-8653-e1ad80dc52f6,6.490,2026-07-20 21:08:04.480955,0,Item,,NULL,NULL,NULL,False,NULL,NULL,NULL,True,False,2026-07-20 21:07:59.248527,2026-07-20 21:07:59.248527,2026-07-23 06:05:44.158742,NULL,NULL
org-30b00f49-c9a7-462a-bc5f-c113f4fb8a77,Square Trade Show,loc-c896e94d-f5ee-4466-b4c0-399bbc287fb0,Square Trade,itm-1e3372b5-8562-4eab-9183-8de21013c2bc,Hosmer Orange Soda,catlg-c3c0ccc7-4b78-4e29-8653-e1ad80dc52f6,2.600,2026-07-20 21:08:05.163823,0,Item,,NULL,NULL,NULL,False,NULL,NULL,NULL,True,False,2026-07-20 21:07:59.248527,2026-07-20 21:07:59.248527,2026-07-23 06:05:44.158742,NULL,NULL
org-30b00f49-c9a7-462a-bc5f-c113f4fb8a77,Square Trade Show,loc-c896e94d-f5ee-4466-b4c0-399bbc287fb0,Square Trade,itm-34137793-d351-4bcf-8d5d-89d818922186,New York - Meat Lovers,catlg-c3c0ccc7-4b78-4e29-8653-e1ad80dc52f6,14.000,2026-07-20 21:08:04.336688,0,Item,,NULL,NULL,NULL,False,NULL,NULL,NULL,True,False,2026-07-20 21:07:59.248527,2026-07-20 21:07:59.248527,2026-07-23 06:05:44.158742,NULL,NULL
org-30b00f49-c9a7-462a-bc5f-c113f4fb8a77,Square Trade Show,loc-c896e94d-f5ee-4466-b4c0-399bbc287fb0,Square Trade,itm-d5f86692-5a06-4163-8c6e-7c70905fc2a0,Bucatini Scampi,catlg-c3c0ccc7-4b78-4e29-8653-e1ad80dc52f6,12.000,2026-07-20 21:08:04.44522,0,Item,,NULL,NULL,NULL,False,NULL,NULL,NULL,True,False,2026-07-20 21:07:59.248527,2026-07-20 21:07:59.248527,2026-07-23 06:05:44.158742,NULL,NULL
org-30b00f49-c9a7-462a-bc5f-c113f4fb8a77,Square Trade Show,loc-c896e94d-f5ee-4466-b4c0-399bbc287fb0,Square Trade,itm-512b1a98-6fc1-4935-ab10-6ce18e3f90a9,Brownie,catlg-c3c0ccc7-4b78-4e29-8653-e1ad80dc52f6,2.500,2026-07-20 21:08:04.992568,0,Item,,NULL,NULL,NULL,False,NULL,NULL,NULL,True,False,2026-07-20 21:07:59.248527,2026-07-22 08:51:18.695896,2026-07-23 06:05:44.158742,NULL,NULL
org-30b00f49-c9a7-462a-bc5f-c113f4fb8a77,Square Trade Show,loc-c896e94d-f5ee-4466-b4c0-399bbc287fb0,Square Trade,itm-1c015b26-b82f-4b71-90b8-c8fa6e962723,Cheesesteak Sandwich,catlg-c3c0ccc7-4b78-4e29-8653-e1ad80dc52f6,9.290,2026-07-20 21:08:05.045861,0,Item,,NULL,NULL,NULL,False,NULL,NULL,NULL,True,False,2026-07-20 21:07:59.248527,2026-07-20 21:07:59.248527,2026-07-23 06:05:44.158742,NULL,NULL
org-30b00f49-c9a7-462a-bc5f-c113f4fb8a77,Square Trade Show,loc-c896e94d-f5ee-4466-b4c0-399bbc287fb0,Square Trade,itm-08dc4350-77ad-4381-8b87-e7177ab4161e,Cheerwine,catlg-c3c0ccc7-4b78-4e29-8653-e1ad80dc52f6,2.600,2026-07-20 21:08:04.988907,0,Item,,NULL,NULL,NULL,False,NULL,NULL,NULL,True,False,2026-07-20 21:07:59.248527,2026-07-20 21:07:59.248527,2026-07-23 06:05:44.158742,NULL,NULL
org-30b00f49-c9a7-462a-bc5f-c113f4fb8a77,Square Trade Show,loc-c896e94d-f5ee-4466-b4c0-399bbc287fb0,Square Trade,itm-e1cbd066-018a-400e-a016-ecad2df921ea,New French Burger,catlg-c3c0ccc7-4b78-4e29-8653-e1ad80dc52f6,5.000,2026-07-20 21:08:05.197316,0,Item,,NULL,NULL,NULL,False,NULL,NULL,NULL,True,False,2026-07-20 21:07:59.248527,2026-07-20 21:07:59.248527,2026-07-23 06:05:44.158742,NULL,NULL
org-30b00f49-c9a7-462a-bc5f-c113f4fb8a77,Square Trade Show,loc-c896e94d-f5ee-4466-b4c0-399bbc287fb0,Square Trade,itm-022a5238-ab1e-45b8-b991-4607d16a28fe,Detroit - Broccoli Rabe,catlg-c3c0ccc7-4b78-4e29-8653-e1ad80dc52f6,12.000,2026-07-20 21:08:04.275813,0,Item,,NULL,NULL,NULL,False,NULL,NULL,NULL,True,False,2026-07-20 21:07:59.248527,2026-07-20 21:07:59.248527,2026-07-23 06:05:44.158742,NULL,NULL
org-30b00f49-c9a7-462a-bc5f-c113f4fb8a77,Square Trade Show,loc-c896e94d-f5ee-4466-b4c0-399bbc287fb0,Square Trade,itm-bee835dc-bc11-4d31-ad13-6b9ae3eea7e5,Fish Sandwich,catlg-c3c0ccc7-4b78-4e29-8653-e1ad80dc52f6,1.000,2026-07-20 21:08:04.010232,0,Item,,NULL,NULL,NULL,False,NULL,NULL,NULL,True,False,2026-07-20 21:07:59.248527,2026-07-20 21:07:59.248527,2026-07-23 06:05:44.158742,NULL,NULL
org-30b00f49-c9a7-462a-bc5f-c113f4fb8a77,Square Trade Show,loc-c896e94d-f5ee-4466-b4c0-399bbc287fb0,Square Trade,itm-8c759eef-1c03-4fb4-acb2-ca6f7eb924cc,Regular Bacon Cheese Fry,catlg-c3c0ccc7-4b78-4e29-8653-e1ad80dc52f6,5.790,2026-07-20 21:08:05.083721,0,Item,,NULL,NULL,NULL,False,NULL,NULL,NULL,True,False,2026-07-20 21:07:59.248527,2026-07-20 21:07:59.248527,2026-07-23 06:05:44.158742,NULL,NULL
org-30b00f49-c9a7-462a-bc5f-c113f4fb8a77,Square Trade Show,loc-c896e94d-f5ee-4466-b4c0-399bbc287fb0,Square Trade,itm-70b5aea7-16dc-4c09-94b4-0559e5efa5c0,Saratoga Sparkling,catlg-c3c0ccc7-4b78-4e29-8653-e1ad80dc52f6,2.600,2026-07-20 21:08:05.187348,0,Item,,NULL,NULL,NULL,False,NULL,NULL,NULL,True,False,2026-07-20 21:07:59.248527,2026-07-20 21:07:59.248527,2026-07-23 06:05:44.158742,NULL,NULL
org-30b00f49-c9a7-462a-bc5f-c113f4fb8a77,Square Trade Show,loc-c896e94d-f5ee-4466-b4c0-399bbc287fb0,Square Trade,itm-dc239e30-bf32-4be5-b641-4c7b7e0e3ff6,3 Tacos - Fuego Gringo,catlg-c3c0ccc7-4b78-4e29-8653-e1ad80dc52f6,10.000,2026-07-20 21:08:04.35361,0,Item,,NULL,NULL,NULL,False,NULL,NULL,NULL,True,False,2026-07-20 21:07:59.248527,2026-07-20 21:07:59.248527,2026-07-23 06:05:44.158742,NULL,NULL
org-30b00f49-c9a7-462a-bc5f-c113f4fb8a77,Square Trade Show,loc-c896e94d-f5ee-4466-b4c0-399bbc287fb0,Square Trade,itm-463966b6-3acc-470a-902a-7292929b020a,Raspberry Lime Sparkling Water - Poland Springs 16 oz.,catlg-c3c0ccc7-4b78-4e29-8653-e1ad80dc52f6,2.000,2026-07-20 21:08:04.340416,0,Item,,NULL,NULL,NULL,False,NULL,NULL,NULL,True,False,2026-07-20 21:07:59.248527,2026-07-20 21:07:59.248527,2026-07-23 06:05:44.158742,NULL,NULL
org-30b00f49-c9a7-462a-bc5f-c113f4fb8a77,Square Trade Show,loc-c896e94d-f5ee-4466-b4c0-399bbc287fb0,Square Trade,itm-aad307a7-a2a8-40f7-a072-2f0e82421e9f,Coca-Cola,catlg-c3c0ccc7-4b78-4e29-8653-e1ad80dc52f6,2.600,2026-07-20 21:08:05.143205,0,Item,,NULL,NULL,NULL,False,NULL,NULL,NULL,True,False,2026-07-20 21:07:59.248527,2026-07-20 21:07:59.248527,2026-07-23 06:05:44.158742,NULL,NULL
org-30b00f49-c9a7-462a-bc5f-c113f4fb8a77,Square Trade Show,loc-c896e94d-f5ee-4466-b4c0-399bbc287fb0,Square Trade,itm-872d4080-300e-4567-8715-c8c5e7eb28b4,3 Tacos - Chicken Fajita,catlg-c3c0ccc7-4b78-4e29-8653-e1ad80dc52f6,10.000,2026-07-20 21:08:04.688475,0,Item,,NULL,NULL,NULL,False,NULL,NULL,NULL,True,False,2026-07-20 21:07:59.248527,2026-07-20 21:07:59.248527,2026-07-23 06:05:44.158742,NULL,NULL
org-30b00f49-c9a7-462a-bc5f-c113f4fb8a77,Square Trade Show,loc-c896e94d-f5ee-4466-b4c0-399bbc287fb0,Square Trade,itm-cec7815d-730e-4960-b851-233fbab3a775,Veggie Explosion Pizza,catlg-c3c0ccc7-4b78-4e29-8653-e1ad80dc52f6,16.990,2026-07-20 21:08:04.119061,0,Item,,NULL,NULL,NULL,False,NULL,NULL,NULL,True,False,2026-07-20 21:07:59.248527,2026-07-20 21:07:59.248527,2026-07-23 06:05:44.158742,NULL,NULL
org-30b00f49-c9a7-462a-bc5f-c113f4fb8a77,Square Trade Show,loc-c896e94d-f5ee-4466-b4c0-399bbc287fb0,Square Trade,itm-720d3df0-e36b-48cc-931b-47309cf35f2d,Chips,catlg-c3c0ccc7-4b78-4e29-8653-e1ad80dc52f6,1.990,2026-07-20 21:08:04.084292,0,Item,,NULL,NULL,NULL,False,NULL,NULL,NULL,True,False,2026-07-20 21:07:59.248527,2026-07-22 07:26:04.699427,2026-07-23 06:05:44.158742,NULL,NULL
org-30b00f49-c9a7-462a-bc5f-c113f4fb8a77,Square Trade Show,loc-c896e94d-f5ee-4466-b4c0-399bbc287fb0,Square Trade,itm-81ac1264-ea3a-4fe7-9c25-b1d34cee7b1d,Craft Your Own: Bucatini,catlg-c3c0ccc7-4b78-4e29-8653-e1ad80dc52f6,9.000,2026-07-20 21:08:04.197036,0,Item,,NULL,NULL,NULL,False,NULL,NULL,NULL,True,False,2026-07-20 21:07:59.248527,2026-07-20 21:07:59.248527,2026-07-23 06:05:44.158742,NULL,NULL
org-30b00f49-c9a7-462a-bc5f-c113f4fb8a77,Square Trade Show,loc-c896e94d-f5ee-4466-b4c0-399bbc287fb0,Square Trade,itm-e7c58019-839c-4600-8ecd-b59f52df5f45,Soda - Hosmer Root Beer,catlg-c3c0ccc7-4b78-4e29-8653-e1ad80dc52f6,2.600,2026-07-20 21:08:04.877018,0,Item,,NULL,NULL,NULL,False,NULL,NULL,NULL,True,False,2026-07-20 21:07:59.248527,2026-07-20 21:07:59.248527,2026-07-23 06:05:44.158742,NULL,NULL
org-30b00f49-c9a7-462a-bc5f-c113f4fb8a77,Square Trade Show,loc-c896e94d-f5ee-4466-b4c0-399bbc287fb0,Square Trade,itm-d4da55ef-98a4-4e93-86d8-a4386cd21ddc,Hosmer Birch Beer,catlg-c3c0ccc7-4b78-4e29-8653-e1ad80dc52f6,2.600,2026-07-20 21:08:04.950926,0,Item,,NULL,NULL,NULL,False,NULL,NULL,NULL,True,False,2026-07-20 21:07:59.248527,2026-07-20 21:07:59.248527,2026-07-23 06:05:44.158742,NULL,NULL
org-30b00f49-c9a7-462a-bc5f-c113f4fb8a77,Square Trade Show,loc-c896e94d-f5ee-4466-b4c0-399bbc287fb0,Square Trade,itm-e29ff0f3-dc9f-4b4f-92d1-645783922b2b,San Pellegrino 16.9oz,catlg-c3c0ccc7-4b78-4e29-8653-e1ad80dc52f6,2.600,2026-07-20 21:08:04.28749,0,Item,,NULL,NULL,NULL,False,NULL,NULL,NULL,True,False,2026-07-20 21:07:59.248527,2026-07-20 21:07:59.248527,2026-07-23 06:05:44.158742,NULL,NULL
org-30b00f49-c9a7-462a-bc5f-c113f4fb8a77,Square Trade Show,loc-c896e94d-f5ee-4466-b4c0-399bbc287fb0,Square Trade,itm-cae9625c-2da5-421c-82da-1fd67b8359b7,BBQ Sandwich,catlg-c3c0ccc7-4b78-4e29-8653-e1ad80dc52f6,10.000,2026-07-20 21:08:04.541268,0,Item,,NULL,NULL,NULL,False,NULL,NULL,NULL,True,False,2026-07-20 21:07:59.248527,2026-07-20 21:07:59.248527,2026-07-23 06:05:44.158742,NULL,NULL
org-30b00f49-c9a7-462a-bc5f-c113f4fb8a77,Square Trade Show,loc-c896e94d-f5ee-4466-b4c0-399bbc287fb0,Square Trade,itm-a0cbc23f-75b2-482d-ab8b-92baf82d8d65,Chocolate Chip Cookie,catlg-c3c0ccc7-4b78-4e29-8653-e1ad80dc52f6,2.500,2026-07-20 21:08:05.095435,0,Item,,NULL,NULL,NULL,False,NULL,NULL,NULL,True,False,2026-07-20 21:07:59.248527,2026-07-20 21:07:59.248527,2026-07-23 06:05:44.158742,NULL,NULL
org-30b00f49-c9a7-462a-bc5f-c113f4fb8a77,Square Trade Show,loc-c896e94d-f5ee-4466-b4c0-399bbc287fb0,Square Trade,itm-82629257-5726-4da8-ab9c-8b1fe3c4b160,Soda - Hosmer Black Cherry,catlg-c3c0ccc7-4b78-4e29-8653-e1ad80dc52f6,2.600,2026-07-20 21:08:04.617602,0,Item,,NULL,NULL,NULL,False,NULL,NULL,NULL,True,False,2026-07-20 21:07:59.248527,2026-07-20 21:07:59.248527,2026-07-23 06:05:44.158742,NULL,NULL
org-30b00f49-c9a7-462a-bc5f-c113f4fb8a77,Square Trade Show,loc-c896e94d-f5ee-4466-b4c0-399bbc287fb0,Square Trade,itm-2b26a3f9-95c6-44f9-b86d-0b8b2fe8e165,Bowl - El Gringo,catlg-c3c0ccc7-4b78-4e29-8653-e1ad80dc52f6,10.000,2026-07-20 21:08:04.382161,0,Item,,NULL,NULL,NULL,False,NULL,NULL,NULL,True,False,2026-07-20 21:07:59.248527,2026-07-20 21:07:59.248527,2026-07-23 06:05:44.158742,NULL,NULL
org-30b00f49-c9a7-462a-bc5f-c113f4fb8a77,Square Trade Show,loc-c896e94d-f5ee-4466-b4c0-399bbc287fb0,Square Trade,itm-31cb89c8-f85f-48f7-bbc9-a50c0c34b64c,Shirley Potato Salad,catlg-c3c0ccc7-4b78-4e29-8653-e1ad80dc52f6,NULL,NULL,0,Item,,NULL,NULL,NULL,False,NULL,NULL,NULL,True,False,2026-07-20 21:07:59.248527,2026-07-22 08:51:18.695895,2026-07-23 06:05:44.158742,NULL,NULL
org-30b00f49-c9a7-462a-bc5f-c113f4fb8a77,Square Trade Show,loc-c896e94d-f5ee-4466-b4c0-399bbc287fb0,Square Trade,itm-48a0a9ed-cf84-46a4-8a26-45d1b823c74b,Diet Coke 20 oz,catlg-c3c0ccc7-4b78-4e29-8653-e1ad80dc52f6,2.600,2026-07-20 21:08:04.669473,0,Item,,NULL,NULL,NULL,False,NULL,NULL,NULL,True,False,2026-07-20 21:07:59.248527,2026-07-20 21:07:59.248527,2026-07-23 06:05:44.158742,NULL,NULL
org-30b00f49-c9a7-462a-bc5f-c113f4fb8a77,Square Trade Show,loc-c896e94d-f5ee-4466-b4c0-399bbc287fb0,Square Trade,itm-e68b012d-d5ec-4aa2-bc9c-50900526b829,Water - San Pellegrino 16 oz.,catlg-c3c0ccc7-4b78-4e29-8653-e1ad80dc52f6,2.600,2026-07-20 21:08:04.58894,0,Item,,NULL,NULL,NULL,False,NULL,NULL,NULL,True,False,2026-07-20 21:07:59.248527,2026-07-20 21:07:59.248527,2026-07-23 06:05:44.158742,NULL,NULL
org-30b00f49-c9a7-462a-bc5f-c113f4fb8a77,Square Trade Show,loc-c896e94d-f5ee-4466-b4c0-399bbc287fb0,Square Trade,itm-152b248b-e406-41b4-a845-4973022bae52,Onion Rings,catlg-c3c0ccc7-4b78-4e29-8653-e1ad80dc52f6,4.990,2026-07-20 21:08:04.8906,0,Item,,NULL,NULL,NULL,False,NULL,NULL,NULL,True,False,2026-07-20 21:07:59.248527,2026-07-20 21:07:59.248527,2026-07-23 06:05:44.158742,NULL,NULL
org-30b00f49-c9a7-462a-bc5f-c113f4fb8a77,Square Trade Show,loc-c896e94d-f5ee-4466-b4c0-399bbc287fb0,Square Trade,itm-14f4f954-e199-4ef1-80ea-9db6e5ba5665,Hosmer Birch Beer,catlg-c3c0ccc7-4b78-4e29-8653-e1ad80dc52f6,2.600,2026-07-20 21:08:05.15486,0,Item,,NULL,NULL,NULL,False,NULL,NULL,NULL,True,False,2026-07-20 21:07:59.248527,2026-07-20 21:07:59.248527,2026-07-23 06:05:44.158742,NULL,NULL
org-30b00f49-c9a7-462a-bc5f-c113f4fb8a77,Square Trade Show,loc-c896e94d-f5ee-4466-b4c0-399bbc287fb0,Square Trade,itm-a40cc822-5a00-49ec-8c0b-fa64004602bd,S'mores Cookie,catlg-c3c0ccc7-4b78-4e29-8653-e1ad80dc52f6,2.500,2026-07-20 21:08:05.099333,0,Item,,NULL,NULL,NULL,False,NULL,NULL,NULL,True,False,2026-07-20 21:07:59.248527,2026-07-20 21:07:59.248527,2026-07-23 06:05:44.158742,NULL,NULL
org-30b00f49-c9a7-462a-bc5f-c113f4fb8a77,Square Trade Show,loc-c896e94d-f5ee-4466-b4c0-399bbc287fb0,Square Trade,itm-e1091493-3beb-437e-a5e6-922f7077159e,Regular Chili Cheese Fry,catlg-c3c0ccc7-4b78-4e29-8653-e1ad80dc52f6,5.790,2026-07-20 21:08:04.973515,0,Item,,NULL,NULL,NULL,False,NULL,NULL,NULL,True,False,2026-07-20 21:07:59.248527,2026-07-20 21:07:59.248527,2026-07-23 06:05:44.158742,NULL,NULL
org-30b00f49-c9a7-462a-bc5f-c113f4fb8a77,Square Trade Show,loc-c896e94d-f5ee-4466-b4c0-399bbc287fb0,Square Trade,itm-1cfd98d6-e8b9-46b0-aaa0-f1d285991f7b,Casa,catlg-c3c0ccc7-4b78-4e29-8653-e1ad80dc52f6,9.000,2026-07-20 21:08:04.817178,0,Item,,NULL,NULL,NULL,False,NULL,NULL,NULL,True,False,2026-07-20 21:07:59.248527,2026-07-20 21:07:59.248527,2026-07-23 06:05:44.158742,NULL,NULL
org-30b00f49-c9a7-462a-bc5f-c113f4fb8a77,Square Trade Show,loc-c896e94d-f5ee-4466-b4c0-399bbc287fb0,Square Trade,itm-7aac854f-05cc-48f7-967b-033a32592a65,Soda - Hosmer Orange,catlg-c3c0ccc7-4b78-4e29-8653-e1ad80dc52f6,2.600,2026-07-20 21:08:04.829656,0,Item,,NULL,NULL,NULL,False,NULL,NULL,NULL,True,False,2026-07-20 21:07:59.248527,2026-07-20 21:07:59.248527,2026-07-23 06:05:44.158742,NULL,NULL
org-30b00f49-c9a7-462a-bc5f-c113f4fb8a77,Square Trade Show,loc-c896e94d-f5ee-4466-b4c0-399bbc287fb0,Square Trade,itm-1d5c7c26-a75a-4669-ba3f-290c598e9e4e,Burnt Ends - Large,catlg-c3c0ccc7-4b78-4e29-8653-e1ad80dc52f6,25.000,2026-07-20 21:08:04.86613,0,Item,,NULL,NULL,NULL,False,NULL,NULL,NULL,True,False,2026-07-20 21:07:59.248527,2026-07-20 21:07:59.248527,2026-07-23 06:05:44.158742,NULL,NULL
org-30b00f49-c9a7-462a-bc5f-c113f4fb8a77,Square Trade Show,loc-c896e94d-f5ee-4466-b4c0-399bbc287fb0,Square Trade,itm-72f1dcc4-0af3-4206-a462-27b5608dba8b,Regular Fried Pickles,catlg-c3c0ccc7-4b78-4e29-8653-e1ad80dc52f6,5.990,2026-07-20 21:08:05.026758,0,Item,,NULL,NULL,NULL,False,NULL,NULL,NULL,True,False,2026-07-20 21:07:59.248527,2026-07-20 21:07:59.248527,2026-07-23 06:05:44.158742,NULL,NULL
org-30b00f49-c9a7-462a-bc5f-c113f4fb8a77,Square Trade Show,loc-c896e94d-f5ee-4466-b4c0-399bbc287fb0,Square Trade,itm-48d02164-25c9-4111-93ae-932c303bd62e,Harvest,catlg-c3c0ccc7-4b78-4e29-8653-e1ad80dc52f6,10.000,2026-07-20 21:08:04.89418,0,Item,,NULL,NULL,NULL,False,NULL,NULL,NULL,True,False,2026-07-20 21:07:59.248527,2026-07-20 21:07:59.248527,2026-07-23 06:05:44.158742,NULL,NULL
org-30b00f49-c9a7-462a-bc5f-c113f4fb8a77,Square Trade Show,loc-c896e94d-f5ee-4466-b4c0-399bbc287fb0,Square Trade,itm-019c3456-b47e-45a8-85b7-2f9cfbe223ad,New York - Chicken Bacon Ranch,catlg-c3c0ccc7-4b78-4e29-8653-e1ad80dc52f6,13.000,2026-07-20 21:08:04.426825,0,Item,,NULL,NULL,NULL,False,NULL,NULL,NULL,True,False,2026-07-20 21:07:59.248527,2026-07-20 21:07:59.248527,2026-07-23 06:05:44.158742,NULL,NULL
org-30b00f49-c9a7-462a-bc5f-c113f4fb8a77,Square Trade Show,loc-c896e94d-f5ee-4466-b4c0-399bbc287fb0,Square Trade,itm-1552dfbf-7e65-4f93-8f2c-e81089dfc5c7,Aloo Sandwich,catlg-c3c0ccc7-4b78-4e29-8653-e1ad80dc52f6,2.000,2026-07-20 21:08:04.157329,0,Item,,NULL,NULL,NULL,False,NULL,NULL,NULL,True,False,2026-07-20 21:07:59.248527,2026-07-20 21:07:59.248527,2026-07-23 06:05:44.158742,NULL,NULL
org-30b00f49-c9a7-462a-bc5f-c113f4fb8a77,Square Trade Show,loc-c896e94d-f5ee-4466-b4c0-399bbc287fb0,Square Trade,itm-6bb8bf0e-6456-4471-8b67-726758e971d4,Pulled Pork - Large,catlg-c3c0ccc7-4b78-4e29-8653-e1ad80dc52f6,20.000,2026-07-20 21:08:04.41793,0,Item,,NULL,NULL,NULL,False,NULL,NULL,NULL,True,False,2026-07-20 21:07:59.248527,2026-07-20 21:07:59.248527,2026-07-23 06:05:44.158742,NULL,NULL
org-30b00f49-c9a7-462a-bc5f-c113f4fb8a77,Square Trade Show,loc-c896e94d-f5ee-4466-b4c0-399bbc287fb0,Square Trade,itm-68632207-df14-408a-8954-439806c6348d,Bourbon Bread Pudding - Small,catlg-c3c0ccc7-4b78-4e29-8653-e1ad80dc52f6,4.000,2026-07-20 21:08:04.60186,0,Item,,NULL,NULL,NULL,False,NULL,NULL,NULL,True,False,2026-07-20 21:07:59.248527,2026-07-20 21:07:59.248527,2026-07-23 06:05:44.158742,NULL,NULL
org-30b00f49-c9a7-462a-bc5f-c113f4fb8a77,Square Trade Show,loc-c896e94d-f5ee-4466-b4c0-399bbc287fb0,Square Trade,itm-2cc0f6ad-475a-4a59-b147-715b2e12c213,Burnt Ends - Small,catlg-c3c0ccc7-4b78-4e29-8653-e1ad80dc52f6,15.000,2026-07-20 21:08:04.947224,0,Item,,NULL,NULL,NULL,False,NULL,NULL,NULL,True,False,2026-07-20 21:07:59.248527,2026-07-20 21:07:59.248527,2026-07-23 06:05:44.158742,NULL,NULL
org-30b00f49-c9a7-462a-bc5f-c113f4fb8a77,Square Trade Show,loc-c896e94d-f5ee-4466-b4c0-399bbc287fb0,Square Trade,itm-4452ef99-309a-4d5d-af3a-089131b7af5c,Hosmer Root Beer,catlg-c3c0ccc7-4b78-4e29-8653-e1ad80dc52f6,2.600,2026-07-20 21:08:05.167505,0,Item,,NULL,NULL,NULL,True,NULL,NULL,NULL,True,False,2026-07-20 21:07:59.248527,2026-07-20 21:07:59.248527,2026-07-23 06:05:44.158742,NULL,NULL
org-30b00f49-c9a7-462a-bc5f-c113f4fb8a77,Square Trade Show,loc-c896e94d-f5ee-4466-b4c0-399bbc287fb0,Square Trade,itm-fee0a029-5b44-42c2-8ff9-e73ff7f862d0,New York - The Rocket,catlg-c3c0ccc7-4b78-4e29-8653-e1ad80dc52f6,13.000,2026-07-20 21:08:04.643229,0,Item,,NULL,NULL,NULL,False,NULL,NULL,NULL,True,False,2026-07-20 21:07:59.248527,2026-07-20 21:07:59.248527,2026-07-23 06:05:44.158742,NULL,NULL
org-30b00f49-c9a7-462a-bc5f-c113f4fb8a77,Square Trade Show,loc-c896e94d-f5ee-4466-b4c0-399bbc287fb0,Square Trade,itm-3d194fdf-65c9-4b8c-af61-27d9f9a65584,Diet Coke,catlg-c3c0ccc7-4b78-4e29-8653-e1ad80dc52f6,2.600,2026-07-20 21:08:05.146909,0,Item,,NULL,NULL,NULL,False,NULL,NULL,NULL,True,False,2026-07-20 21:07:59.248527,2026-07-20 21:07:59.248527,2026-07-23 06:05:44.158742,NULL,NULL
org-30b00f49-c9a7-462a-bc5f-c113f4fb8a77,Square Trade Show,loc-c896e94d-f5ee-4466-b4c0-399bbc287fb0,Square Trade,itm-38ffd851-a6f1-475b-adc9-3e0c1f885a9c,Orange Sparkling Water - Poland Springs 16 oz.,catlg-c3c0ccc7-4b78-4e29-8653-e1ad80dc52f6,2.000,2026-07-20 21:08:04.869651,0,Item,,NULL,NULL,NULL,False,NULL,NULL,NULL,True,False,2026-07-20 21:07:59.248527,2026-07-20 21:07:59.248527,2026-07-23 06:05:44.158742,NULL,NULL
org-30b00f49-c9a7-462a-bc5f-c113f4fb8a77,Square Trade Show,loc-c896e94d-f5ee-4466-b4c0-399bbc287fb0,Square Trade,itm-d1990edd-90a8-4bce-9fbe-47793db453eb,Drunken Rig,catlg-c3c0ccc7-4b78-4e29-8653-e1ad80dc52f6,12.000,2026-07-20 21:08:04.592396,0,Item,,NULL,NULL,NULL,False,NULL,NULL,NULL,True,False,2026-07-20 21:07:59.248527,2026-07-20 21:07:59.248527,2026-07-23 06:05:44.158742,NULL,NULL
org-30b00f49-c9a7-462a-bc5f-c113f4fb8a77,Square Trade Show,loc-c896e94d-f5ee-4466-b4c0-399bbc287fb0,Square Trade,itm-00fed6d1-c371-4ddf-aca4-fba0e53c87e6,Sprite,catlg-c3c0ccc7-4b78-4e29-8653-e1ad80dc52f6,2.600,2026-07-20 21:08:05.150969,0,Item,,NULL,NULL,NULL,False,NULL,NULL,NULL,True,False,2026-07-20 21:07:59.248527,2026-07-20 21:07:59.248527,2026-07-23 06:05:44.158742,NULL,NULL
org-30b00f49-c9a7-462a-bc5f-c113f4fb8a77,Square Trade Show,loc-c896e94d-f5ee-4466-b4c0-399bbc287fb0,Square Trade,itm-835891b8-c047-4c2b-a42d-1084e943f882,Cajun Tater Tots,catlg-c3c0ccc7-4b78-4e29-8653-e1ad80dc52f6,4.190,2026-07-20 21:08:05.07995,0,Item,,NULL,NULL,NULL,False,NULL,NULL,NULL,True,False,2026-07-20 21:07:59.248527,2026-07-20 21:07:59.248527,2026-07-23 06:05:44.158742,NULL,NULL
org-30b00f49-c9a7-462a-bc5f-c113f4fb8a77,Square Trade Show,loc-c896e94d-f5ee-4466-b4c0-399bbc287fb0,Square Trade,itm-3dc05d4c-c935-4fdb-a668-dfa00d278581,Wood Fired Chicken Wings (6),catlg-c3c0ccc7-4b78-4e29-8653-e1ad80dc52f6,9.000,2026-07-20 21:08:04.399521,0,Item,,NULL,NULL,NULL,False,NULL,NULL,NULL,True,False,2026-07-20 21:07:59.248527,2026-07-20 21:07:59.248527,2026-07-23 06:05:44.158742,NULL,NULL
org-30b00f49-c9a7-462a-bc5f-c113f4fb8a77,Square Trade Show,loc-c896e94d-f5ee-4466-b4c0-399bbc287fb0,Square Trade,itm-9ec6d67a-1975-48eb-97ea-f06e62528ec1,Tax rounding test item,catlg-c3c0ccc7-4b78-4e29-8653-e1ad80dc52f6,9.070,2026-07-20 21:08:05.231548,0,Item,,NULL,NULL,NULL,False,NULL,NULL,NULL,True,False,2026-07-20 21:07:59.248527,2026-07-20 21:07:59.248527,2026-07-23 06:05:44.158742,NULL,NULL
org-30b00f49-c9a7-462a-bc5f-c113f4fb8a77,Square Trade Show,loc-c896e94d-f5ee-4466-b4c0-399bbc287fb0,Square Trade,itm-48ce4350-a4ff-462f-a586-271975235b6f,Bowl - Chicken Club,catlg-c3c0ccc7-4b78-4e29-8653-e1ad80dc52f6,10.000,2026-07-20 21:08:04.544924,0,Item,,NULL,NULL,NULL,False,NULL,NULL,NULL,True,False,2026-07-20 21:07:59.248527,2026-07-20 21:07:59.248527,2026-07-23 06:05:44.158742,NULL,NULL
org-30b00f49-c9a7-462a-bc5f-c113f4fb8a77,Square Trade Show,loc-c896e94d-f5ee-4466-b4c0-399bbc287fb0,Square Trade,itm-243f8243-82d9-480e-8a9f-54fb1b3bc0eb,New York - Cheese,catlg-c3c0ccc7-4b78-4e29-8653-e1ad80dc52f6,11.000,2026-07-20 21:08:04.45704,0,Item,,NULL,NULL,NULL,False,NULL,NULL,NULL,True,False,2026-07-20 21:07:59.248527,2026-07-20 21:07:59.248527,2026-07-23 06:05:44.158742,NULL,NULL
org-30b00f49-c9a7-462a-bc5f-c113f4fb8a77,Square Trade Show,loc-c896e94d-f5ee-4466-b4c0-399bbc287fb0,Square Trade,itm-e6a39053-c6e9-418d-bbf4-821cabd05101,Freaky Dog Orange Bite,catlg-c3c0ccc7-4b78-4e29-8653-e1ad80dc52f6,2.600,2026-07-20 21:08:04.943638,0,Item,,NULL,NULL,NULL,False,NULL,NULL,NULL,True,False,2026-07-20 21:07:59.248527,2026-07-20 21:07:59.248527,2026-07-23 06:05:44.158742,NULL,NULL
org-30b00f49-c9a7-462a-bc5f-c113f4fb8a77,Square Trade Show,loc-c896e94d-f5ee-4466-b4c0-399bbc287fb0,Square Trade,itm-247b6f41-c9ed-427d-b77c-bb0b637a8d8f,Wood Fired Chicken Wings (12),catlg-c3c0ccc7-4b78-4e29-8653-e1ad80dc52f6,15.000,2026-07-20 21:08:04.60594,0,Item,,NULL,NULL,NULL,False,NULL,NULL,NULL,True,False,2026-07-20 21:07:59.248527,2026-07-20 21:07:59.248527,2026-07-23 06:05:44.158742,NULL,NULL
org-30b00f49-c9a7-462a-bc5f-c113f4fb8a77,Square Trade Show,loc-c896e94d-f5ee-4466-b4c0-399bbc287fb0,Square Trade,itm-55524c7b-1147-4dcf-8d82-6451b9a6b368,Mac Salad,catlg-c3c0ccc7-4b78-4e29-8653-e1ad80dc52f6,NULL,NULL,0,Item,,NULL,NULL,NULL,False,NULL,NULL,NULL,True,False,2026-07-20 21:07:59.248527,2026-07-22 08:51:18.695895,2026-07-23 06:05:44.158742,NULL,NULL
org-30b00f49-c9a7-462a-bc5f-c113f4fb8a77,Square Trade Show,loc-c896e94d-f5ee-4466-b4c0-399bbc287fb0,Square Trade,itm-383cd6e1-6af5-4763-a173-f6b73a42493c,Regular Milkshake,catlg-c3c0ccc7-4b78-4e29-8653-e1ad80dc52f6,5.300,2026-07-20 21:08:04.432658,0,Item,,NULL,NULL,NULL,False,NULL,NULL,NULL,True,False,2026-07-20 21:07:59.248527,2026-07-20 21:07:59.248527,2026-07-23 06:05:44.158742,NULL,NULL
org-30b00f49-c9a7-462a-bc5f-c113f4fb8a77,Square Trade Show,loc-c896e94d-f5ee-4466-b4c0-399bbc287fb0,Square Trade,itm-b0fcbe72-7d7e-4478-b22d-ce598f9118e3,Brisket - Small,catlg-c3c0ccc7-4b78-4e29-8653-e1ad80dc52f6,15.000,2026-07-20 21:08:04.692224,0,Item,,NULL,NULL,NULL,False,NULL,NULL,NULL,True,False,2026-07-20 21:07:59.248527,2026-07-20 21:07:59.248527,2026-07-23 06:05:44.158742,NULL,NULL
org-30b00f49-c9a7-462a-bc5f-c113f4fb8a77,Square Trade Show,loc-c896e94d-f5ee-4466-b4c0-399bbc287fb0,Square Trade,itm-cebf9c86-6e43-47ff-a497-e44e48734f63,Pulled Chicken - Small,catlg-c3c0ccc7-4b78-4e29-8653-e1ad80dc52f6,13.000,2026-07-20 21:08:04.38612,0,Item,,NULL,NULL,NULL,False,NULL,NULL,NULL,True,False,2026-07-20 21:07:59.248527,2026-07-20 21:07:59.248527,2026-07-23 06:05:44.158742,NULL,NULL
org-30b00f49-c9a7-462a-bc5f-c113f4fb8a77,Square Trade Show,loc-c896e94d-f5ee-4466-b4c0-399bbc287fb0,Square Trade,itm-4eceeb42-8e14-488a-9dd9-c11815a71518,Sunday Classic,catlg-c3c0ccc7-4b78-4e29-8653-e1ad80dc52f6,12.000,2026-07-20 21:08:04.99996,0,Item,,NULL,NULL,NULL,False,NULL,NULL,NULL,True,False,2026-07-20 21:07:59.248527,2026-07-20 21:07:59.248527,2026-07-23 06:05:44.158742,NULL,NULL
org-30b00f49-c9a7-462a-bc5f-c113f4fb8a77,Square Trade Show,loc-c896e94d-f5ee-4466-b4c0-399bbc287fb0,Square Trade,itm-a0b82f9f-bfb6-487d-bdd3-c1ba8ba16624,"New York - Peppers, Onions & Sausage",catlg-c3c0ccc7-4b78-4e29-8653-e1ad80dc52f6,13.000,2026-07-20 21:08:04.728658,0,Item,,NULL,NULL,NULL,False,NULL,NULL,NULL,True,False,2026-07-20 21:07:59.248527,2026-07-20 21:07:59.248527,2026-07-23 06:05:44.158742,NULL,NULL
org-30b00f49-c9a7-462a-bc5f-c113f4fb8a77,Square Trade Show,loc-c896e94d-f5ee-4466-b4c0-399bbc287fb0,Square Trade,itm-4d0c8ffa-d1d6-4d18-b96c-5b3ad7baf77a,Regular Fry,catlg-c3c0ccc7-4b78-4e29-8653-e1ad80dc52f6,3.990,2026-07-20 21:08:04.825436,0,Item,,NULL,NULL,NULL,False,NULL,NULL,NULL,True,False,2026-07-20 21:07:59.248527,2026-07-20 21:07:59.248527,2026-07-23 06:05:44.158742,NULL,NULL
org-30b00f49-c9a7-462a-bc5f-c113f4fb8a77,Square Trade Show,loc-c896e94d-f5ee-4466-b4c0-399bbc287fb0,Square Trade,itm-d9bd7ba5-93d3-4562-927e-6535da92a953,Fix Gujarati Thali,catlg-c3c0ccc7-4b78-4e29-8653-e1ad80dc52f6,4.500,2026-07-20 21:08:04.173723,0,Item,,NULL,NULL,NULL,False,NULL,NULL,NULL,True,False,2026-07-20 21:07:59.248527,2026-07-20 21:07:59.248527,2026-07-23 06:05:44.158742,NULL,NULL
org-30b00f49-c9a7-462a-bc5f-c113f4fb8a77,Square Trade Show,loc-c896e94d-f5ee-4466-b4c0-399bbc287fb0,Square Trade,itm-84326ffd-3094-48bd-b376-ef505d8c6c2d,Chinese bhel,catlg-c3c0ccc7-4b78-4e29-8653-e1ad80dc52f6,1.500,2026-07-20 21:08:04.17765,0,Item,,NULL,NULL,NULL,False,NULL,NULL,NULL,True,False,2026-07-20 21:07:59.248527,2026-07-20 21:07:59.248527,2026-07-23 06:05:44.158742,NULL,NULL
org-30b00f49-c9a7-462a-bc5f-c113f4fb8a77,Square Trade Show,loc-c896e94d-f5ee-4466-b4c0-399bbc287fb0,Square Trade,itm-0a6decc0-a818-455e-ac8f-1ab728062fab,Chocolate Chip Cookie Ice Cream Parfait,catlg-c3c0ccc7-4b78-4e29-8653-e1ad80dc52f6,4.000,2026-07-20 21:08:05.107937,0,Item,,NULL,NULL,NULL,False,NULL,NULL,NULL,True,False,2026-07-20 21:07:59.248527,2026-07-20 21:07:59.248527,2026-07-23 06:05:44.158742,NULL,NULL
org-30b00f49-c9a7-462a-bc5f-c113f4fb8a77,Square Trade Show,loc-c896e94d-f5ee-4466-b4c0-399bbc287fb0,Square Trade,itm-68f010ba-dcf4-4f81-a728-104d61f08660,Wood Fired - Chicken Breast,catlg-c3c0ccc7-4b78-4e29-8653-e1ad80dc52f6,5.000,2026-07-20 21:08:04.570344,0,Item,,NULL,NULL,NULL,False,NULL,NULL,NULL,True,False,2026-07-20 21:07:59.248527,2026-07-20 21:07:59.248527,2026-07-23 06:05:44.158742,NULL,NULL
org-30b00f49-c9a7-462a-bc5f-c113f4fb8a77,Square Trade Show,loc-c896e94d-f5ee-4466-b4c0-399bbc287fb0,Square Trade,itm-37e70bb0-7dc2-4b82-a9ba-a4da0eaf9096,Regular Cheesy Bacon Cheese Curds,catlg-c3c0ccc7-4b78-4e29-8653-e1ad80dc52f6,7.990,2026-07-20 21:08:04.566554,0,Item,,NULL,NULL,NULL,False,NULL,NULL,NULL,True,False,2026-07-20 21:07:59.248527,2026-07-20 21:07:59.248527,2026-07-23 06:05:44.158742,NULL,NULL
org-30b00f49-c9a7-462a-bc5f-c113f4fb8a77,Square Trade Show,loc-c896e94d-f5ee-4466-b4c0-399bbc287fb0,Square Trade,itm-c3757d4c-00a1-4d8b-96ad-bc5f91e1ab8c,Pit Master,catlg-c3c0ccc7-4b78-4e29-8653-e1ad80dc52f6,65.000,2026-07-20 21:08:04.390418,0,Item,,NULL,NULL,NULL,False,NULL,NULL,NULL,True,False,2026-07-20 21:07:59.248527,2026-07-20 21:07:59.248527,2026-07-23 06:05:44.158742,NULL,NULL
org-30b00f49-c9a7-462a-bc5f-c113f4fb8a77,Square Trade Show,loc-c896e94d-f5ee-4466-b4c0-399bbc287fb0,Square Trade,itm-73ffce10-bf35-4f37-988a-a8f2ffc4374a,Reese's Peanut Butter Cup Cookie Ice Cream Parfait,catlg-c3c0ccc7-4b78-4e29-8653-e1ad80dc52f6,4.000,2026-07-20 21:08:05.121561,0,Item,,NULL,NULL,NULL,False,NULL,NULL,NULL,True,False,2026-07-20 21:07:59.248527,2026-07-20 21:07:59.248527,2026-07-23 06:05:44.158742,NULL,NULL
org-30b00f49-c9a7-462a-bc5f-c113f4fb8a77,Square Trade Show,loc-c896e94d-f5ee-4466-b4c0-399bbc287fb0,Square Trade,itm-17f2866d-8122-4859-9d5f-8e734e3fc849,Kids Meal - Kids Cheeseburger,catlg-c3c0ccc7-4b78-4e29-8653-e1ad80dc52f6,7.290,2026-07-20 21:08:04.279486,0,Item,,NULL,NULL,NULL,False,NULL,NULL,NULL,True,False,2026-07-20 21:07:59.248527,2026-07-20 21:07:59.248527,2026-07-23 06:05:44.158742,NULL,NULL
org-30b00f49-c9a7-462a-bc5f-c113f4fb8a77,Square Trade Show,loc-c896e94d-f5ee-4466-b4c0-399bbc287fb0,Square Trade,itm-77a683e9-1743-426e-b145-3b08de937445,Craft Your Own: Pappardelle,catlg-c3c0ccc7-4b78-4e29-8653-e1ad80dc52f6,9.000,2026-07-20 21:08:04.325341,0,Item,,NULL,NULL,NULL,False,NULL,NULL,NULL,True,False,2026-07-20 21:07:59.248527,2026-07-20 21:07:59.248527,2026-07-23 06:05:44.158742,NULL,NULL
org-30b00f49-c9a7-462a-bc5f-c113f4fb8a77,Square Trade Show,loc-c896e94d-f5ee-4466-b4c0-399bbc287fb0,Square Trade,itm-6172e997-3bff-4b0f-8869-b9f02f0a0540,New York - BBQ Chicken,catlg-c3c0ccc7-4b78-4e29-8653-e1ad80dc52f6,13.000,2026-07-20 21:08:04.49967,0,Item,,NULL,NULL,NULL,False,NULL,NULL,NULL,True,False,2026-07-20 21:07:59.248527,2026-07-20 21:07:59.248527,2026-07-23 06:05:44.158742,NULL,NULL
org-30b00f49-c9a7-462a-bc5f-c113f4fb8a77,Square Trade Show,loc-c896e94d-f5ee-4466-b4c0-399bbc287fb0,Square Trade,itm-596ea4ad-b08b-4a8a-a258-69f73e1ceb0a,New York - Bacon & Onions,catlg-c3c0ccc7-4b78-4e29-8653-e1ad80dc52f6,13.000,2026-07-20 21:08:04.676708,0,Item,,NULL,NULL,NULL,False,NULL,NULL,NULL,True,False,2026-07-20 21:07:59.248527,2026-07-20 21:07:59.248527,2026-07-23 06:05:44.158742,NULL,NULL
org-30b00f49-c9a7-462a-bc5f-c113f4fb8a77,Square Trade Show,loc-c896e94d-f5ee-4466-b4c0-399bbc287fb0,Square Trade,itm-3f013b80-edb2-4353-bada-15afffef7988,Craft Your Own: Gnocchi,catlg-c3c0ccc7-4b78-4e29-8653-e1ad80dc52f6,9.000,2026-07-20 21:08:04.927205,0,Item,,NULL,NULL,NULL,False,NULL,NULL,NULL,True,False,2026-07-20 21:07:59.248527,2026-07-20 21:07:59.248527,2026-07-23 06:05:44.158742,NULL,NULL
org-30b00f49-c9a7-462a-bc5f-c113f4fb8a77,Square Trade Show,loc-c896e94d-f5ee-4466-b4c0-399bbc287fb0,Square Trade,itm-01843536-d50c-47ed-9eae-bcc7dbbb775d,Raspberry Lime Sparkling Water - Poland Springs,catlg-c3c0ccc7-4b78-4e29-8653-e1ad80dc52f6,2.000,2026-07-20 21:08:05.183027,0,Item,,NULL,NULL,NULL,False,NULL,NULL,NULL,True,False,2026-07-20 21:07:59.248527,2026-07-20 21:07:59.248527,2026-07-23 06:05:44.158742,NULL,NULL
org-30b00f49-c9a7-462a-bc5f-c113f4fb8a77,Square Trade Show,loc-c896e94d-f5ee-4466-b4c0-399bbc287fb0,Square Trade,itm-312d9dd8-3565-43b8-840b-667e3526b5d5,New York - Spinach and Ricotta,catlg-c3c0ccc7-4b78-4e29-8653-e1ad80dc52f6,13.000,2026-07-20 21:08:04.371944,0,Item,,NULL,NULL,NULL,False,NULL,NULL,NULL,True,False,2026-07-20 21:07:59.248527,2026-07-20 21:07:59.248527,2026-07-23 06:05:44.158742,NULL,NULL
org-30b00f49-c9a7-462a-bc5f-c113f4fb8a77,Square Trade Show,loc-c896e94d-f5ee-4466-b4c0-399bbc287fb0,Square Trade,itm-706432cd-d75f-4464-9117-a1d4097acf32,Bread Pudding,catlg-c3c0ccc7-4b78-4e29-8653-e1ad80dc52f6,4.000,2026-07-20 21:08:05.126223,0,Item,,NULL,NULL,NULL,False,NULL,NULL,NULL,True,False,2026-07-20 21:07:59.248527,2026-07-20 21:07:59.248527,2026-07-23 06:05:44.158742,NULL,NULL
org-30b00f49-c9a7-462a-bc5f-c113f4fb8a77,Square Trade Show,loc-c896e94d-f5ee-4466-b4c0-399bbc287fb0,Square Trade,itm-432faa2d-12d1-47aa-ab38-e9c4ba60b8e9,Chicken Tenders (2 PC),catlg-c3c0ccc7-4b78-4e29-8653-e1ad80dc52f6,7.290,2026-07-20 21:08:04.27207,0,Item,,NULL,NULL,NULL,False,NULL,NULL,NULL,True,False,2026-07-20 21:07:59.248527,2026-07-20 21:07:59.248527,2026-07-23 06:05:44.158742,NULL,NULL
org-30b00f49-c9a7-462a-bc5f-c113f4fb8a77,Square Trade Show,loc-c896e94d-f5ee-4466-b4c0-399bbc287fb0,Square Trade,itm-361d3efc-edb4-4d67-a425-ecd7e839e006,Spicy Fries,catlg-c3c0ccc7-4b78-4e29-8653-e1ad80dc52f6,7.950,2026-07-20 21:08:05.219159,0,Item,,NULL,NULL,NULL,False,NULL,NULL,NULL,True,False,2026-07-20 21:07:59.248527,2026-07-20 21:07:59.248527,2026-07-23 06:05:44.158742,NULL,NULL
org-30b00f49-c9a7-462a-bc5f-c113f4fb8a77,Square Trade Show,loc-c896e94d-f5ee-4466-b4c0-399bbc287fb0,Square Trade,itm-a04540f8-b201-4b31-b227-4b518985e602,Chicken Tenders 4PC,catlg-c3c0ccc7-4b78-4e29-8653-e1ad80dc52f6,7.690,2026-07-20 21:08:04.237479,0,Item,,NULL,NULL,NULL,False,NULL,NULL,NULL,True,False,2026-07-20 21:07:59.248527,2026-07-20 21:07:59.248527,2026-07-23 06:05:44.158742,NULL,NULL
org-30b00f49-c9a7-462a-bc5f-c113f4fb8a77,Square Trade Show,loc-c896e94d-f5ee-4466-b4c0-399bbc287fb0,Square Trade,itm-f85ceb4c-3318-4388-9edd-328b4ac7501c,Full Bacon Cheese Fries,catlg-c3c0ccc7-4b78-4e29-8653-e1ad80dc52f6,7.990,2026-07-20 21:08:05.013915,0,Item,,NULL,NULL,NULL,False,NULL,NULL,NULL,True,False,2026-07-20 21:07:59.248527,2026-07-20 21:07:59.248527,2026-07-23 06:05:44.158742,NULL,NULL
org-30b00f49-c9a7-462a-bc5f-c113f4fb8a77,Square Trade Show,loc-c896e94d-f5ee-4466-b4c0-399bbc287fb0,Square Trade,itm-51a5bdd3-2678-42fb-b148-1ce85517f240,Chili Cheese Hot Dog,catlg-c3c0ccc7-4b78-4e29-8653-e1ad80dc52f6,6.590,2026-07-20 21:08:04.511734,0,Item,,NULL,NULL,NULL,False,NULL,NULL,NULL,True,False,2026-07-20 21:07:59.248527,2026-07-20 21:07:59.248527,2026-07-23 06:05:44.158742,NULL,NULL
org-30b00f49-c9a7-462a-bc5f-c113f4fb8a77,Square Trade Show,loc-c896e94d-f5ee-4466-b4c0-399bbc287fb0,Square Trade,itm-275e578e-9c6e-4d9d-8b3d-872aaaf90336,Sugar Cookie,catlg-c3c0ccc7-4b78-4e29-8653-e1ad80dc52f6,2.500,2026-07-20 21:08:05.103648,0,Item,,NULL,NULL,NULL,False,NULL,NULL,NULL,True,False,2026-07-20 21:07:59.248527,2026-07-20 21:07:59.248527,2026-07-23 06:05:44.158742,NULL,NULL
org-30b00f49-c9a7-462a-bc5f-c113f4fb8a77,Square Trade Show,loc-c896e94d-f5ee-4466-b4c0-399bbc287fb0,Square Trade,itm-c65cad71-aa87-4c19-8401-d045776bfa65,Spaghetti Fresca,catlg-c3c0ccc7-4b78-4e29-8653-e1ad80dc52f6,10.000,2026-07-20 21:08:04.706115,0,Item,,NULL,NULL,NULL,False,NULL,NULL,NULL,True,False,2026-07-20 21:07:59.248527,2026-07-20 21:07:59.248527,2026-07-23 06:05:44.158742,NULL,NULL
org-30b00f49-c9a7-462a-bc5f-c113f4fb8a77,Square Trade Show,loc-c896e94d-f5ee-4466-b4c0-399bbc287fb0,Square Trade,itm-4a8e06af-bfc2-45a0-94aa-6ed997c907ad,#8 - Otto - Focaccia,catlg-c3c0ccc7-4b78-4e29-8653-e1ad80dc52f6,14.000,2026-07-20 21:08:04.528015,0,Item,,NULL,NULL,NULL,False,NULL,NULL,NULL,True,False,2026-07-20 21:07:59.248527,2026-07-20 21:07:59.248527,2026-07-23 06:05:44.158742,NULL,NULL
org-30b00f49-c9a7-462a-bc5f-c113f4fb8a77,Square Trade Show,loc-c896e94d-f5ee-4466-b4c0-399bbc287fb0,Square Trade,itm-a98ccaf2-81eb-41b4-a2b8-6373c3a99e48,#7 - Sette - Sub,catlg-c3c0ccc7-4b78-4e29-8653-e1ad80dc52f6,12.000,2026-07-20 21:08:04.367952,0,Item,,NULL,NULL,NULL,False,NULL,NULL,NULL,True,False,2026-07-20 21:07:59.248527,2026-07-20 21:07:59.248527,2026-07-23 06:05:44.158742,NULL,NULL
org-30b00f49-c9a7-462a-bc5f-c113f4fb8a77,Square Trade Show,loc-c896e94d-f5ee-4466-b4c0-399bbc287fb0,Square Trade,itm-453c4408-3f4c-4e70-bc74-8d153cfea3be,Cookie Dough Shake,catlg-c3c0ccc7-4b78-4e29-8653-e1ad80dc52f6,5.990,2026-07-20 21:08:04.63768,0,Item,,NULL,NULL,NULL,False,NULL,NULL,NULL,True,False,2026-07-20 21:07:59.248527,2026-07-21 17:23:12.44704,2026-07-23 06:05:44.158742,NULL,NULL
org-30b00f49-c9a7-462a-bc5f-c113f4fb8a77,Square Trade Show,loc-c896e94d-f5ee-4466-b4c0-399bbc287fb0,Square Trade,itm-3dda44e7-c61b-4dd8-a80d-4e1cac8328b4,Water - Fiji,catlg-c3c0ccc7-4b78-4e29-8653-e1ad80dc52f6,2.000,2026-07-20 21:08:04.26483,0,Item,,NULL,NULL,NULL,False,NULL,NULL,NULL,True,False,2026-07-20 21:07:59.248527,2026-07-20 21:07:59.248527,2026-07-23 06:05:44.158742,NULL,NULL
org-30b00f49-c9a7-462a-bc5f-c113f4fb8a77,Square Trade Show,loc-c896e94d-f5ee-4466-b4c0-399bbc287fb0,Square Trade,itm-f15663c7-fcb2-4dd7-85ab-a8e5b60e875c,Crispy Chicken Sandwich,catlg-c3c0ccc7-4b78-4e29-8653-e1ad80dc52f6,7.990,2026-07-20 21:08:05.057502,0,Item,,NULL,NULL,NULL,False,NULL,NULL,NULL,True,False,2026-07-20 21:07:59.248527,2026-07-20 21:07:59.248527,2026-07-23 06:05:44.158742,NULL,NULL
org-30b00f49-c9a7-462a-bc5f-c113f4fb8a77,Square Trade Show,loc-c896e94d-f5ee-4466-b4c0-399bbc287fb0,Square Trade,itm-cdc5f4fb-cdbf-4ab1-a37e-8a3ce0bf8b8f,3 Tacos - Veggie,catlg-c3c0ccc7-4b78-4e29-8653-e1ad80dc52f6,10.000,2026-07-20 21:08:04.935758,0,Item,,NULL,NULL,NULL,False,NULL,NULL,NULL,True,False,2026-07-20 21:07:59.248527,2026-07-20 21:07:59.248527,2026-07-23 06:05:44.158742,NULL,NULL
org-30b00f49-c9a7-462a-bc5f-c113f4fb8a77,Square Trade Show,loc-c896e94d-f5ee-4466-b4c0-399bbc287fb0,Square Trade,itm-61e183a8-989c-4512-afe6-87e1be558890,Fish and Chips,catlg-c3c0ccc7-4b78-4e29-8653-e1ad80dc52f6,0.020,2026-07-20 21:08:04.050439,0,Item,,NULL,NULL,NULL,False,NULL,NULL,NULL,True,False,2026-07-20 21:07:59.248527,2026-07-20 21:07:59.248527,2026-07-23 06:05:44.158742,NULL,NULL
org-30b00f49-c9a7-462a-bc5f-c113f4fb8a77,Square Trade Show,loc-c896e94d-f5ee-4466-b4c0-399bbc287fb0,Square Trade,itm-72bdff8c-b61c-442c-a610-c1154068b59e,Tater Tots,catlg-c3c0ccc7-4b78-4e29-8653-e1ad80dc52f6,3.990,2026-07-20 21:08:05.076523,0,Item,,NULL,NULL,NULL,False,NULL,NULL,NULL,True,False,2026-07-20 21:07:59.248527,2026-07-20 21:07:59.248527,2026-07-23 06:05:44.158742,NULL,NULL
org-30b00f49-c9a7-462a-bc5f-c113f4fb8a77,Square Trade Show,loc-c896e94d-f5ee-4466-b4c0-399bbc287fb0,Square Trade,itm-5f98c30a-e8a0-4c9d-9755-ebe724c279e5,Grilled Chicken Sandwich,catlg-c3c0ccc7-4b78-4e29-8653-e1ad80dc52f6,7.990,2026-07-20 21:08:05.053967,0,Item,,NULL,NULL,NULL,False,NULL,NULL,NULL,True,False,2026-07-20 21:07:59.248527,2026-07-20 21:07:59.248527,2026-07-23 06:05:44.158742,NULL,NULL
org-30b00f49-c9a7-462a-bc5f-c113f4fb8a77,Square Trade Show,loc-c896e94d-f5ee-4466-b4c0-399bbc287fb0,Square Trade,itm-5b710a55-6739-45e8-8b25-23b54d426292,Jarritos,catlg-c3c0ccc7-4b78-4e29-8653-e1ad80dc52f6,0.690,2026-07-20 21:08:04.093911,0,Item,,NULL,NULL,NULL,False,NULL,NULL,NULL,True,False,2026-07-20 21:07:59.248527,2026-07-20 21:07:59.248527,2026-07-23 06:05:44.158742,NULL,NULL
org-30b00f49-c9a7-462a-bc5f-c113f4fb8a77,Square Trade Show,loc-c896e94d-f5ee-4466-b4c0-399bbc287fb0,Square Trade,itm-509f28a9-f591-4e13-8001-28b5275f97ba,Chips & Guac,catlg-c3c0ccc7-4b78-4e29-8653-e1ad80dc52f6,4.500,2026-07-20 21:08:04.907423,0,Item,,NULL,NULL,NULL,False,NULL,NULL,NULL,True,False,2026-07-20 21:07:59.248527,2026-07-20 21:07:59.248527,2026-07-23 06:05:44.158742,NULL,NULL
org-30b00f49-c9a7-462a-bc5f-c113f4fb8a77,Square Trade Show,loc-c896e94d-f5ee-4466-b4c0-399bbc287fb0,Square Trade,itm-e2bc5a84-a13b-4e0a-99d4-55825c2fc17c,Neapolitan Wood Fired - Garden Fresh,catlg-c3c0ccc7-4b78-4e29-8653-e1ad80dc52f6,13.000,2026-07-20 21:08:04.789264,0,Item,,NULL,NULL,NULL,False,NULL,NULL,NULL,True,False,2026-07-20 21:07:59.248527,2026-07-20 21:07:59.248527,2026-07-23 06:05:44.158742,NULL,NULL
org-30b00f49-c9a7-462a-bc5f-c113f4fb8a77,Square Trade Show,loc-c896e94d-f5ee-4466-b4c0-399bbc287fb0,Square Trade,itm-06c7fffd-cec7-4042-97b1-10b845b46c7d,Juicy lemonade,catlg-c3c0ccc7-4b78-4e29-8653-e1ad80dc52f6,0.050,2026-07-20 21:08:05.235547,0,Item,,NULL,NULL,NULL,False,NULL,NULL,NULL,True,False,2026-07-20 21:07:59.248527,2026-07-20 21:07:59.248527,2026-07-23 06:05:44.158742,NULL,NULL
org-30b00f49-c9a7-462a-bc5f-c113f4fb8a77,Square Trade Show,loc-c896e94d-f5ee-4466-b4c0-399bbc287fb0,Square Trade,itm-4b0847a8-8b2c-4108-9e94-08a58264e1b3,Chips & Salsa,catlg-c3c0ccc7-4b78-4e29-8653-e1ad80dc52f6,3.500,2026-07-20 21:08:04.657977,0,Item,,NULL,NULL,NULL,False,NULL,NULL,NULL,True,False,2026-07-20 21:07:59.248527,2026-07-22 07:26:04.699428,2026-07-23 06:05:44.158742,NULL,NULL
org-30b00f49-c9a7-462a-bc5f-c113f4fb8a77,Square Trade Show,loc-c896e94d-f5ee-4466-b4c0-399bbc287fb0,Square Trade,itm-28b28fa9-a09d-4d24-b9c0-d245fe1241a0,Chips and Salsa,catlg-c3c0ccc7-4b78-4e29-8653-e1ad80dc52f6,1.490,2026-07-20 21:08:04.089484,0,Item,,NULL,NULL,NULL,False,NULL,NULL,NULL,True,False,2026-07-20 21:07:59.248527,2026-07-22 08:51:18.695893,2026-07-23 06:05:44.158742,NULL,NULL
org-30b00f49-c9a7-462a-bc5f-c113f4fb8a77,Square Trade Show,loc-c896e94d-f5ee-4466-b4c0-399bbc287fb0,Square Trade,itm-47667ab5-2598-4185-a23c-5b941a06a991,New York - Clam,catlg-c3c0ccc7-4b78-4e29-8653-e1ad80dc52f6,15.000,2026-07-20 21:08:04.193281,0,Item,,NULL,NULL,NULL,False,NULL,NULL,NULL,True,False,2026-07-20 21:07:59.248527,2026-07-20 21:07:59.248527,2026-07-23 06:05:44.158742,NULL,NULL
org-30b00f49-c9a7-462a-bc5f-c113f4fb8a77,Square Trade Show,loc-c896e94d-f5ee-4466-b4c0-399bbc287fb0,Square Trade,itm-ad2a3f4c-ff20-4297-aced-dadb38d80abc,Carolina Baked Beans,catlg-c3c0ccc7-4b78-4e29-8653-e1ad80dc52f6,NULL,NULL,0,Item,,NULL,NULL,NULL,False,NULL,NULL,NULL,True,False,2026-07-20 21:07:59.248527,2026-07-22 08:51:18.695895,2026-07-23 06:05:44.158742,NULL,NULL
org-30b00f49-c9a7-462a-bc5f-c113f4fb8a77,Square Trade Show,loc-c896e94d-f5ee-4466-b4c0-399bbc287fb0,Square Trade,itm-8b3833ba-f929-48f0-b02e-2eaa0dcc0ec2,Insalata Di Gorgonzola,catlg-c3c0ccc7-4b78-4e29-8653-e1ad80dc52f6,10.000,2026-07-20 21:08:04.62151,0,Item,,NULL,NULL,NULL,False,NULL,NULL,NULL,True,False,2026-07-20 21:07:59.248527,2026-07-20 21:07:59.248527,2026-07-23 06:05:44.158742,NULL,NULL
org-30b00f49-c9a7-462a-bc5f-c113f4fb8a77,Square Trade Show,loc-c896e94d-f5ee-4466-b4c0-399bbc287fb0,Square Trade,itm-d23fc825-06d5-430e-b5ca-27a82db6cfcb,Detroit - Drunken Chicken,catlg-c3c0ccc7-4b78-4e29-8653-e1ad80dc52f6,13.000,2026-07-20 21:08:04.556752,0,Item,,NULL,NULL,NULL,False,NULL,NULL,NULL,True,False,2026-07-20 21:07:59.248527,2026-07-20 21:07:59.248527,2026-07-23 06:05:44.158742,NULL,NULL
org-30b00f49-c9a7-462a-bc5f-c113f4fb8a77,Square Trade Show,loc-c896e94d-f5ee-4466-b4c0-399bbc287fb0,Square Trade,itm-bc751fa9-906b-42d1-a5b7-82c829f68e82,Peppy Paneer,catlg-c3c0ccc7-4b78-4e29-8653-e1ad80dc52f6,0.490,2026-07-20 21:08:04.024893,0,Item,,NULL,NULL,NULL,False,NULL,NULL,NULL,True,False,2026-07-20 21:07:59.248527,2026-07-20 21:07:59.248527,2026-07-23 06:05:44.158742,NULL,NULL
org-30b00f49-c9a7-462a-bc5f-c113f4fb8a77,Square Trade Show,loc-c896e94d-f5ee-4466-b4c0-399bbc287fb0,Square Trade,itm-5974dbd0-2dca-4922-8ad2-b5b3f949922f,Thums Up,catlg-c3c0ccc7-4b78-4e29-8653-e1ad80dc52f6,0.050,2026-07-20 21:08:04.014361,0,Item,,NULL,NULL,NULL,False,NULL,NULL,NULL,True,False,2026-07-20 21:07:59.248527,2026-07-20 21:07:59.248527,2026-07-23 06:05:44.158742,NULL,NULL
org-30b00f49-c9a7-462a-bc5f-c113f4fb8a77,Square Trade Show,loc-c896e94d-f5ee-4466-b4c0-399bbc287fb0,Square Trade,itm-02762737-6e21-44a3-ba2f-741b816af663,House Hawaii Pizza,catlg-c3c0ccc7-4b78-4e29-8653-e1ad80dc52f6,0.490,2026-07-20 21:08:04.114783,0,Item,,NULL,NULL,NULL,False,NULL,NULL,NULL,True,False,2026-07-20 21:07:59.248527,2026-07-20 21:07:59.248527,2026-07-23 06:05:44.158742,NULL,NULL
org-30b00f49-c9a7-462a-bc5f-c113f4fb8a77,Square Trade Show,loc-c896e94d-f5ee-4466-b4c0-399bbc287fb0,Square Trade,itm-636864e8-2326-4343-9ba6-d4854474d3cf,Neapolitan Wood Fired - Caprese,catlg-c3c0ccc7-4b78-4e29-8653-e1ad80dc52f6,12.000,2026-07-20 21:08:04.734122,0,Item,,NULL,NULL,NULL,False,NULL,NULL,NULL,True,False,2026-07-20 21:07:59.248527,2026-07-20 21:07:59.248527,2026-07-23 06:05:44.158742,NULL,NULL
org-30b00f49-c9a7-462a-bc5f-c113f4fb8a77,Square Trade Show,loc-c896e94d-f5ee-4466-b4c0-399bbc287fb0,Square Trade,itm-24073637-3bb1-42c9-9dd9-4c6b80b808ba,Detroit - Cheese,catlg-c3c0ccc7-4b78-4e29-8653-e1ad80dc52f6,11.000,2026-07-20 21:08:04.596544,0,Item,,NULL,NULL,NULL,False,NULL,NULL,NULL,True,False,2026-07-20 21:07:59.248527,2026-07-20 21:07:59.248527,2026-07-23 06:05:44.158742,NULL,NULL
org-30b00f49-c9a7-462a-bc5f-c113f4fb8a77,Square Trade Show,loc-c896e94d-f5ee-4466-b4c0-399bbc287fb0,Square Trade,itm-549068dd-75ff-44aa-8239-4593550f5ce2,Full Cheesy Bacon Cheese Curds,catlg-c3c0ccc7-4b78-4e29-8653-e1ad80dc52f6,9.990,2026-07-20 21:08:04.329093,0,Item,,NULL,NULL,NULL,False,NULL,NULL,NULL,True,False,2026-07-20 21:07:59.248527,2026-07-20 21:07:59.248527,2026-07-23 06:05:44.158742,NULL,NULL
org-30b00f49-c9a7-462a-bc5f-c113f4fb8a77,Square Trade Show,loc-c896e94d-f5ee-4466-b4c0-399bbc287fb0,Square Trade,itm-1b0228ba-59a5-442e-a2f3-cddf58745672,Cajun Burger,catlg-c3c0ccc7-4b78-4e29-8653-e1ad80dc52f6,8.990,2026-07-20 21:08:05.042104,0,Item,,NULL,NULL,NULL,False,NULL,NULL,NULL,True,False,2026-07-20 21:07:59.248527,2026-07-20 21:07:59.248527,2026-07-23 06:05:44.158742,NULL,NULL
org-30b00f49-c9a7-462a-bc5f-c113f4fb8a77,Square Trade Show,loc-c896e94d-f5ee-4466-b4c0-399bbc287fb0,Square Trade,itm-1beda2e8-0e1d-4ba8-8ccc-4008523d03da,Fresh Tomatoes Pizza,catlg-c3c0ccc7-4b78-4e29-8653-e1ad80dc52f6,1.990,2026-07-20 21:08:04.10731,0,Item,,NULL,NULL,NULL,False,NULL,NULL,NULL,True,False,2026-07-20 21:07:59.248527,2026-07-20 21:07:59.248527,2026-07-23 06:05:44.158742,NULL,NULL
org-30b00f49-c9a7-462a-bc5f-c113f4fb8a77,Square Trade Show,loc-c896e94d-f5ee-4466-b4c0-399bbc287fb0,Square Trade,itm-52c1ec2a-31fc-4749-a671-b83f21fe6679,Chicken Tenders,catlg-c3c0ccc7-4b78-4e29-8653-e1ad80dc52f6,7.690,2026-07-20 21:08:05.061367,0,Item,,NULL,NULL,NULL,False,NULL,NULL,NULL,True,False,2026-07-20 21:07:59.248527,2026-07-20 21:07:59.248527,2026-07-23 06:05:44.158742,NULL,NULL
org-30b00f49-c9a7-462a-bc5f-c113f4fb8a77,Square Trade Show,loc-c896e94d-f5ee-4466-b4c0-399bbc287fb0,Square Trade,itm-e49cf590-282c-4586-baba-c0043d46499c,Buffalo Chicken Tenders 4PC,catlg-c3c0ccc7-4b78-4e29-8653-e1ad80dc52f6,7.690,2026-07-20 21:08:05.064795,0,Item,,NULL,NULL,NULL,False,NULL,NULL,NULL,True,False,2026-07-20 21:07:59.248527,2026-07-20 21:07:59.248527,2026-07-23 06:05:44.158742,NULL,NULL
org-30b00f49-c9a7-462a-bc5f-c113f4fb8a77,Square Trade Show,loc-c896e94d-f5ee-4466-b4c0-399bbc287fb0,Square Trade,itm-38cd20fd-1d14-455f-a79c-ab8ccbf8c82b,Wagon Wheels w/Broccoli Rabe & Sausage,catlg-c3c0ccc7-4b78-4e29-8653-e1ad80dc52f6,10.000,2026-07-20 21:08:04.314019,0,Item,,NULL,NULL,NULL,False,NULL,NULL,NULL,True,False,2026-07-20 21:07:59.248527,2026-07-20 21:07:59.248527,2026-07-23 06:05:44.158742,NULL,NULL
org-30b00f49-c9a7-462a-bc5f-c113f4fb8a77,Square Trade Show,loc-c896e94d-f5ee-4466-b4c0-399bbc287fb0,Square Trade,itm-29b7beeb-d00d-4775-80fd-eefed9614339,Classic,catlg-c3c0ccc7-4b78-4e29-8653-e1ad80dc52f6,8.490,2026-07-20 21:08:04.291354,0,Item,,NULL,NULL,NULL,False,NULL,NULL,NULL,True,False,2026-07-20 21:07:59.248527,2026-07-20 21:07:59.248527,2026-07-23 06:05:44.158742,NULL,NULL
org-30b00f49-c9a7-462a-bc5f-c113f4fb8a77,Square Trade Show,loc-c896e94d-f5ee-4466-b4c0-399bbc287fb0,Square Trade,itm-2d2d3ff3-1584-4a70-97df-81d5a03116c2,Garlic Bread with Cheese,catlg-c3c0ccc7-4b78-4e29-8653-e1ad80dc52f6,6.000,2026-07-20 21:08:04.257333,0,Item,,NULL,NULL,NULL,False,NULL,NULL,NULL,True,False,2026-07-20 21:07:59.248527,2026-07-22 07:26:04.699428,2026-07-23 06:05:44.158742,NULL,NULL
org-30b00f49-c9a7-462a-bc5f-c113f4fb8a77,Square Trade Show,loc-c896e94d-f5ee-4466-b4c0-399bbc287fb0,Square Trade,itm-5f837dee-8848-4ab1-ab17-e56427e84209,The Southwest Burger,catlg-c3c0ccc7-4b78-4e29-8653-e1ad80dc52f6,8.990,2026-07-20 21:08:04.96943,0,Item,,NULL,NULL,NULL,False,NULL,NULL,NULL,True,False,2026-07-20 21:07:59.248527,2026-07-20 21:07:59.248527,2026-07-23 06:05:44.158742,NULL,NULL
org-30b00f49-c9a7-462a-bc5f-c113f4fb8a77,Square Trade Show,loc-c896e94d-f5ee-4466-b4c0-399bbc287fb0,Square Trade,itm-b633a1ff-2f86-49cc-b553-16b58e682abd,Seasoned Rice,catlg-c3c0ccc7-4b78-4e29-8653-e1ad80dc52f6,2.500,2026-07-20 21:08:04.785536,0,Item,,NULL,NULL,NULL,False,NULL,NULL,NULL,True,False,2026-07-20 21:07:59.248527,2026-07-20 21:07:59.248527,2026-07-23 06:05:44.158742,NULL,NULL
org-30b00f49-c9a7-462a-bc5f-c113f4fb8a77,Square Trade Show,loc-c896e94d-f5ee-4466-b4c0-399bbc287fb0,Square Trade,itm-3cdb0bc6-8f0e-4ded-9760-10949b129aa2,New Club Sandwitch,catlg-c3c0ccc7-4b78-4e29-8653-e1ad80dc52f6,5.000,2026-07-20 21:08:05.193263,0,Item,,NULL,NULL,NULL,False,NULL,NULL,NULL,True,False,2026-07-20 21:07:59.248527,2026-07-20 21:07:59.248527,2026-07-23 06:05:44.158742,NULL,NULL
org-30b00f49-c9a7-462a-bc5f-c113f4fb8a77,Square Trade Show,loc-c896e94d-f5ee-4466-b4c0-399bbc287fb0,Square Trade,itm-ce54dd1e-26f6-4141-a356-758a214c771e,Craft Your Own: Spaghetti,catlg-c3c0ccc7-4b78-4e29-8653-e1ad80dc52f6,9.000,2026-07-20 21:08:04.248546,0,Item,,NULL,NULL,NULL,False,NULL,NULL,NULL,True,False,2026-07-20 21:07:59.248527,2026-07-20 21:07:59.248527,2026-07-23 06:05:44.158742,NULL,NULL
org-30b00f49-c9a7-462a-bc5f-c113f4fb8a77,Square Trade Show,loc-c896e94d-f5ee-4466-b4c0-399bbc287fb0,Square Trade,itm-1aa27755-1a22-4dad-81e4-80b86b9498b9,Bottled Water,catlg-c3c0ccc7-4b78-4e29-8653-e1ad80dc52f6,1.000,2026-07-20 21:08:05.134589,0,Item,,NULL,NULL,NULL,False,NULL,NULL,NULL,True,False,2026-07-20 21:07:59.248527,2026-07-20 21:07:59.248527,2026-07-23 06:05:44.158742,NULL,NULL
org-30b00f49-c9a7-462a-bc5f-c113f4fb8a77,Square Trade Show,loc-c896e94d-f5ee-4466-b4c0-399bbc287fb0,Square Trade,itm-49e779b9-4183-43b4-87c1-6a6e6a375076,Craft Your Own: Crispy Chicken,catlg-c3c0ccc7-4b78-4e29-8653-e1ad80dc52f6,7.990,2026-07-20 21:08:04.503984,0,Item,,NULL,NULL,NULL,False,NULL,NULL,NULL,True,False,2026-07-20 21:07:59.248527,2026-07-20 21:07:59.248527,2026-07-23 06:05:44.158742,NULL,NULL
org-30b00f49-c9a7-462a-bc5f-c113f4fb8a77,Square Trade Show,loc-c896e94d-f5ee-4466-b4c0-399bbc287fb0,Square Trade,itm-1e6d1241-0d78-47c9-b680-2f0c89ffac6e,Craft Your Own: Grilled Chicken,catlg-c3c0ccc7-4b78-4e29-8653-e1ad80dc52f6,7.990,2026-07-20 21:08:04.698084,0,Item,,NULL,NULL,NULL,False,NULL,NULL,NULL,True,False,2026-07-20 21:07:59.248527,2026-07-20 21:07:59.248527,2026-07-23 06:05:44.158742,NULL,NULL
org-30b00f49-c9a7-462a-bc5f-c113f4fb8a77,Square Trade Show,loc-c896e94d-f5ee-4466-b4c0-399bbc287fb0,Square Trade,itm-3e938888-5d8e-436f-b5e7-f09ac4c66953,Chicken Cutlet,catlg-c3c0ccc7-4b78-4e29-8653-e1ad80dc52f6,3.000,2026-07-20 21:08:04.931488,0,Item,,NULL,NULL,NULL,False,NULL,NULL,NULL,True,False,2026-07-20 21:07:59.248527,2026-07-20 21:07:59.248527,2026-07-23 06:05:44.158742,NULL,NULL
org-30b00f49-c9a7-462a-bc5f-c113f4fb8a77,Square Trade Show,loc-c896e94d-f5ee-4466-b4c0-399bbc287fb0,Square Trade,itm-4114e21e-54d7-41e7-827c-daffd7571796,Bowl - Veggie,catlg-c3c0ccc7-4b78-4e29-8653-e1ad80dc52f6,10.000,2026-07-20 21:08:04.628951,0,Item,,NULL,NULL,NULL,False,NULL,NULL,NULL,True,False,2026-07-20 21:07:59.248527,2026-07-20 21:07:59.248527,2026-07-23 06:05:44.158742,NULL,NULL
org-30b00f49-c9a7-462a-bc5f-c113f4fb8a77,Square Trade Show,loc-c896e94d-f5ee-4466-b4c0-399bbc287fb0,Square Trade,itm-b2bb9313-d5a4-4e33-8d56-3c0a020156b4,Gardenburger Sandwich,catlg-c3c0ccc7-4b78-4e29-8653-e1ad80dc52f6,7.990,2026-07-20 21:08:05.069204,0,Item,,NULL,NULL,NULL,False,NULL,NULL,NULL,True,False,2026-07-20 21:07:59.248527,2026-07-20 21:07:59.248527,2026-07-23 06:05:44.158742,NULL,NULL
org-30b00f49-c9a7-462a-bc5f-c113f4fb8a77,Square Trade Show,loc-c896e94d-f5ee-4466-b4c0-399bbc287fb0,Square Trade,itm-a5909612-e628-4cb5-9386-a13f29664b1f,Freaky Dog Birch Beer,catlg-c3c0ccc7-4b78-4e29-8653-e1ad80dc52f6,2.600,2026-07-20 21:08:04.60988,0,Item,,NULL,NULL,NULL,False,NULL,NULL,NULL,True,False,2026-07-20 21:07:59.248527,2026-07-20 21:07:59.248527,2026-07-23 06:05:44.158742,NULL,NULL
org-30b00f49-c9a7-462a-bc5f-c113f4fb8a77,Square Trade Show,loc-c896e94d-f5ee-4466-b4c0-399bbc287fb0,Square Trade,itm-c0341a11-6b12-45c9-b931-1d94aeb655a4,Small Plate,catlg-c3c0ccc7-4b78-4e29-8653-e1ad80dc52f6,15.000,2026-07-20 21:08:04.283574,0,Item,,NULL,NULL,NULL,False,NULL,NULL,NULL,True,False,2026-07-20 21:07:59.248527,2026-07-22 08:51:18.695894,2026-07-23 06:05:44.158742,NULL,NULL
org-30b00f49-c9a7-462a-bc5f-c113f4fb8a77,Square Trade Show,loc-c896e94d-f5ee-4466-b4c0-399bbc287fb0,Square Trade,itm-66284a04-74b0-43aa-9f5f-b55b6430b74c,Pappardelle Bolognese,catlg-c3c0ccc7-4b78-4e29-8653-e1ad80dc52f6,10.000,2026-07-20 21:08:04.862598,0,Item,,NULL,NULL,NULL,False,NULL,NULL,NULL,True,False,2026-07-20 21:07:59.248527,2026-07-20 21:07:59.248527,2026-07-23 06:05:44.158742,NULL,NULL
org-30b00f49-c9a7-462a-bc5f-c113f4fb8a77,Square Trade Show,loc-c896e94d-f5ee-4466-b4c0-399bbc287fb0,Square Trade,itm-e15bf874-b882-4027-92e5-b56d325d73c5,Mac & Cheese Bites,catlg-c3c0ccc7-4b78-4e29-8653-e1ad80dc52f6,4.990,2026-07-20 21:08:05.020797,0,Item,,NULL,NULL,NULL,False,NULL,NULL,NULL,True,False,2026-07-20 21:07:59.248527,2026-07-20 21:07:59.248527,2026-07-23 06:05:44.158742,NULL,NULL
org-30b00f49-c9a7-462a-bc5f-c113f4fb8a77,Square Trade Show,loc-c896e94d-f5ee-4466-b4c0-399bbc287fb0,Square Trade,itm-d312e2db-a17a-4261-b13e-f865c358abd7,Neapolitan Wood Fired - Mike's Pep,catlg-c3c0ccc7-4b78-4e29-8653-e1ad80dc52f6,12.000,2026-07-20 21:08:04.201034,0,Item,,NULL,NULL,NULL,False,NULL,NULL,NULL,True,False,2026-07-20 21:07:59.248527,2026-07-20 21:07:59.248527,2026-07-23 06:05:44.158742,NULL,NULL
org-30b00f49-c9a7-462a-bc5f-c113f4fb8a77,Square Trade Show,loc-c896e94d-f5ee-4466-b4c0-399bbc287fb0,Square Trade,itm-ec9eb83d-c5a7-41f6-bf0e-7b39f24ec26e,#9 - Nove - Focaccia,catlg-c3c0ccc7-4b78-4e29-8653-e1ad80dc52f6,12.000,2026-07-20 21:08:04.422642,0,Item,,NULL,NULL,NULL,False,NULL,NULL,NULL,True,False,2026-07-20 21:07:59.248527,2026-07-20 21:07:59.248527,2026-07-23 06:05:44.158742,NULL,NULL
org-30b00f49-c9a7-462a-bc5f-c113f4fb8a77,Square Trade Show,loc-c896e94d-f5ee-4466-b4c0-399bbc287fb0,Square Trade,itm-2b89fddc-06bd-4dca-a8eb-26ae2df7ca24,Meat & Three,catlg-c3c0ccc7-4b78-4e29-8653-e1ad80dc52f6,25.000,2026-07-20 21:08:04.297524,0,Item,,NULL,NULL,NULL,False,NULL,NULL,NULL,True,False,2026-07-20 21:07:59.248527,2026-07-22 08:51:18.695894,2026-07-23 06:05:44.158742,NULL,NULL
org-30b00f49-c9a7-462a-bc5f-c113f4fb8a77,Square Trade Show,loc-c896e94d-f5ee-4466-b4c0-399bbc287fb0,Square Trade,itm-f59acadb-e16a-4a4d-9d58-7cab52d3c8a5,Chili Cheese Fry,catlg-c3c0ccc7-4b78-4e29-8653-e1ad80dc52f6,5.790,2026-07-20 21:08:05.087832,0,Item,,NULL,NULL,NULL,False,NULL,NULL,NULL,True,False,2026-07-20 21:07:59.248527,2026-07-20 21:07:59.248527,2026-07-23 06:05:44.158742,NULL,NULL
org-30b00f49-c9a7-462a-bc5f-c113f4fb8a77,Square Trade Show,loc-c896e94d-f5ee-4466-b4c0-399bbc287fb0,Square Trade,itm-adf63a4e-3ec1-48e0-a6b3-aef3ad02ff62,#8 - Otto - Sub,catlg-c3c0ccc7-4b78-4e29-8653-e1ad80dc52f6,12.000,2026-07-20 21:08:04.232838,0,Item,,NULL,NULL,NULL,False,NULL,NULL,NULL,True,False,2026-07-20 21:07:59.248527,2026-07-20 21:07:59.248527,2026-07-23 06:05:44.158742,NULL,NULL
org-30b00f49-c9a7-462a-bc5f-c113f4fb8a77,Square Trade Show,loc-c896e94d-f5ee-4466-b4c0-399bbc287fb0,Square Trade,itm-73510c1b-50a6-492a-b96f-4631b1348cc7,Double Bacon Burger,catlg-c3c0ccc7-4b78-4e29-8653-e1ad80dc52f6,9.990,2026-07-20 21:08:04.958436,0,Item,,NULL,NULL,NULL,False,NULL,NULL,NULL,True,False,2026-07-20 21:07:59.248527,2026-07-20 21:07:59.248527,2026-07-23 06:05:44.158742,NULL,NULL
org-30b00f49-c9a7-462a-bc5f-c113f4fb8a77,Square Trade Show,loc-c896e94d-f5ee-4466-b4c0-399bbc287fb0,Square Trade,itm-2e775970-a4c0-4f83-a1f0-f706cd2741eb,Craft Your Own - Tacos (3),catlg-c3c0ccc7-4b78-4e29-8653-e1ad80dc52f6,10.000,2026-07-20 21:08:04.516192,0,Item,,NULL,NULL,NULL,False,NULL,NULL,NULL,True,False,2026-07-20 21:07:59.248527,2026-07-20 21:07:59.248527,2026-07-23 06:05:44.158742,NULL,NULL
org-30b00f49-c9a7-462a-bc5f-c113f4fb8a77,Square Trade Show,loc-c896e94d-f5ee-4466-b4c0-399bbc287fb0,Square Trade,itm-b61ccb82-3a09-47d3-bdad-99de67aefcff,Soda - Sprite,catlg-c3c0ccc7-4b78-4e29-8653-e1ad80dc52f6,2.600,2026-07-20 21:08:04.228892,0,Item,,NULL,NULL,NULL,False,NULL,NULL,NULL,True,False,2026-07-20 21:07:59.248527,2026-07-20 21:07:59.248527,2026-07-23 06:05:44.158742,NULL,NULL
org-30b00f49-c9a7-462a-bc5f-c113f4fb8a77,Square Trade Show,loc-c896e94d-f5ee-4466-b4c0-399bbc287fb0,Square Trade,itm-265ad935-88f5-4121-b566-467427204d4f,Burrata Caprese,catlg-c3c0ccc7-4b78-4e29-8653-e1ad80dc52f6,11.000,2026-07-20 21:08:04.792951,0,Item,,NULL,NULL,NULL,False,NULL,NULL,NULL,True,False,2026-07-20 21:07:59.248527,2026-07-20 21:07:59.248527,2026-07-23 06:05:44.158742,NULL,NULL
org-30b00f49-c9a7-462a-bc5f-c113f4fb8a77,Square Trade Show,loc-c896e94d-f5ee-4466-b4c0-399bbc287fb0,Square Trade,itm-8e9a7939-0288-4ca7-a3aa-e93bc6c8d87a,French fries,catlg-c3c0ccc7-4b78-4e29-8653-e1ad80dc52f6,0.690,2026-07-20 21:08:04.138733,0,Item,,NULL,NULL,NULL,False,NULL,NULL,NULL,True,False,2026-07-20 21:07:59.248527,2026-07-22 07:26:04.699427,2026-07-23 06:05:44.158742,NULL,NULL
org-30b00f49-c9a7-462a-bc5f-c113f4fb8a77,Square Trade Show,loc-c896e94d-f5ee-4466-b4c0-399bbc287fb0,Square Trade,itm-904006d9-343c-4121-a0cb-fef87d020610,Detroit - Pepperoni,catlg-c3c0ccc7-4b78-4e29-8653-e1ad80dc52f6,12.000,2026-07-20 21:08:04.561482,0,Item,,NULL,NULL,NULL,False,NULL,NULL,NULL,True,False,2026-07-20 21:07:59.248527,2026-07-20 21:07:59.248527,2026-07-23 06:05:44.158742,NULL,NULL
org-30b00f49-c9a7-462a-bc5f-c113f4fb8a77,Square Trade Show,loc-c896e94d-f5ee-4466-b4c0-399bbc287fb0,Square Trade,itm-806d70e1-7ddf-4f4b-81e6-017646b3e747,Baked Sweet Potato,catlg-c3c0ccc7-4b78-4e29-8653-e1ad80dc52f6,2.000,2026-07-20 21:08:04.261601,0,Item,,NULL,NULL,NULL,False,NULL,NULL,NULL,True,False,2026-07-20 21:07:59.248527,2026-07-22 07:26:04.699428,2026-07-23 06:05:44.158742,NULL,NULL
org-30b00f49-c9a7-462a-bc5f-c113f4fb8a77,Square Trade Show,loc-c896e94d-f5ee-4466-b4c0-399bbc287fb0,Square Trade,itm-598f4a83-8d9c-4ef0-9732-84f7b28ffba6,Cheerwine,catlg-c3c0ccc7-4b78-4e29-8653-e1ad80dc52f6,2.600,2026-07-20 21:08:05.171342,0,Item,,NULL,NULL,NULL,False,NULL,NULL,NULL,True,False,2026-07-20 21:07:59.248527,2026-07-20 21:07:59.248527,2026-07-23 06:05:44.158742,NULL,NULL
org-30b00f49-c9a7-462a-bc5f-c113f4fb8a77,Square Trade Show,loc-c896e94d-f5ee-4466-b4c0-399bbc287fb0,Square Trade,itm-8981535b-98ed-4ef3-981c-178a3685432e,Cheeeesy Burger,catlg-c3c0ccc7-4b78-4e29-8653-e1ad80dc52f6,8.990,2026-07-20 21:08:04.774289,0,Item,,NULL,NULL,NULL,False,NULL,NULL,NULL,True,False,2026-07-20 21:07:59.248527,2026-07-20 21:07:59.248527,2026-07-23 06:05:44.158742,NULL,NULL
org-30b00f49-c9a7-462a-bc5f-c113f4fb8a77,Square Trade Show,loc-c896e94d-f5ee-4466-b4c0-399bbc287fb0,Square Trade,itm-8b92e277-3e25-4446-b51e-3d4718a5a05d,Soft Drink,catlg-c3c0ccc7-4b78-4e29-8653-e1ad80dc52f6,0.990,2026-07-20 21:08:04.09858,0,Item,,NULL,NULL,NULL,False,NULL,NULL,NULL,True,False,2026-07-20 21:07:59.248527,2026-07-20 21:07:59.248527,2026-07-23 06:05:44.158742,NULL,NULL
org-30b00f49-c9a7-462a-bc5f-c113f4fb8a77,Square Trade Show,loc-c896e94d-f5ee-4466-b4c0-399bbc287fb0,Square Trade,itm-8079886d-f4a4-4d9e-b36f-9cda83ac2d11,#9 - Nove - Sub,catlg-c3c0ccc7-4b78-4e29-8653-e1ad80dc52f6,10.000,2026-07-20 21:08:04.724643,0,Item,,NULL,NULL,NULL,False,NULL,NULL,NULL,True,False,2026-07-20 21:07:59.248527,2026-07-20 21:07:59.248527,2026-07-23 06:05:44.158742,NULL,NULL
org-30b00f49-c9a7-462a-bc5f-c113f4fb8a77,Square Trade Show,loc-c896e94d-f5ee-4466-b4c0-399bbc287fb0,Square Trade,itm-99fef0ff-1697-41ed-a775-aa19f2c7b267,Full Fry,catlg-c3c0ccc7-4b78-4e29-8653-e1ad80dc52f6,4.990,2026-07-20 21:08:04.720102,0,Item,,NULL,NULL,NULL,False,NULL,NULL,NULL,True,False,2026-07-20 21:07:59.248527,2026-07-20 21:07:59.248527,2026-07-23 06:05:44.158742,NULL,NULL
org-30b00f49-c9a7-462a-bc5f-c113f4fb8a77,Square Trade Show,loc-c896e94d-f5ee-4466-b4c0-399bbc287fb0,Square Trade,itm-1d22068b-bcbd-4b68-9fb0-a82a1cf250df,Spicy Tuna Roll,catlg-c3c0ccc7-4b78-4e29-8653-e1ad80dc52f6,0.500,2026-07-20 21:08:04.184945,0,Item,,NULL,NULL,NULL,False,NULL,NULL,NULL,True,False,2026-07-20 21:07:59.248527,2026-07-20 21:07:59.248527,2026-07-23 06:05:44.158742,NULL,NULL
org-30b00f49-c9a7-462a-bc5f-c113f4fb8a77,Square Trade Show,loc-c896e94d-f5ee-4466-b4c0-399bbc287fb0,Square Trade,itm-3b0325f4-2676-4938-a543-f756563d8223,#6 - Sei - Focaccia,catlg-c3c0ccc7-4b78-4e29-8653-e1ad80dc52f6,12.000,2026-07-20 21:08:04.886814,0,Item,,NULL,NULL,NULL,False,NULL,NULL,NULL,True,False,2026-07-20 21:07:59.248527,2026-07-20 21:07:59.248527,2026-07-23 06:05:44.158742,NULL,NULL
org-30b00f49-c9a7-462a-bc5f-c113f4fb8a77,Square Trade Show,loc-c896e94d-f5ee-4466-b4c0-399bbc287fb0,Square Trade,itm-f2ae230a-d1bc-48a9-847f-e1e4e1a72424,Rodeo Burger,catlg-c3c0ccc7-4b78-4e29-8653-e1ad80dc52f6,8.990,2026-07-20 21:08:04.476459,0,Item,,NULL,NULL,NULL,False,NULL,NULL,NULL,True,False,2026-07-20 21:07:59.248527,2026-07-20 21:07:59.248527,2026-07-23 06:05:44.158742,NULL,NULL
org-30b00f49-c9a7-462a-bc5f-c113f4fb8a77,Square Trade Show,loc-c896e94d-f5ee-4466-b4c0-399bbc287fb0,Square Trade,itm-e218e8aa-5ca6-4300-8111-b9dab8717ba9,Bread Pudding,catlg-c3c0ccc7-4b78-4e29-8653-e1ad80dc52f6,4.000,2026-07-20 21:08:04.552412,0,Item,,NULL,NULL,NULL,False,NULL,NULL,NULL,True,False,2026-07-20 21:07:59.248527,2026-07-20 21:07:59.248527,2026-07-23 06:05:44.158742,NULL,NULL
org-30b00f49-c9a7-462a-bc5f-c113f4fb8a77,Square Trade Show,loc-c896e94d-f5ee-4466-b4c0-399bbc287fb0,Square Trade,itm-3066622e-6996-4e40-a4f6-034565b09891,Hosmer Black Cherry,catlg-c3c0ccc7-4b78-4e29-8653-e1ad80dc52f6,2.600,2026-07-20 21:08:05.158724,0,Item,,NULL,NULL,NULL,False,NULL,NULL,NULL,True,False,2026-07-20 21:07:59.248527,2026-07-20 21:07:59.248527,2026-07-23 06:05:44.158742,NULL,NULL
org-30b00f49-c9a7-462a-bc5f-c113f4fb8a77,Square Trade Show,loc-c896e94d-f5ee-4466-b4c0-399bbc287fb0,Square Trade,itm-96496fb4-a393-4fed-ab63-e48ca106564e,Chicken Noodle Soup,catlg-c3c0ccc7-4b78-4e29-8653-e1ad80dc52f6,5.000,2026-07-20 21:08:04.648565,0,Item,,NULL,NULL,NULL,False,NULL,NULL,NULL,True,False,2026-07-20 21:07:59.248527,2026-07-20 21:07:59.248527,2026-07-23 06:05:44.158742,NULL,NULL
org-30b00f49-c9a7-462a-bc5f-c113f4fb8a77,Square Trade Show,loc-c896e94d-f5ee-4466-b4c0-399bbc287fb0,Square Trade,itm-d50bd05f-3d37-4ab3-92f3-5360c65f5a4f,3 Tacos - El Gringo,catlg-c3c0ccc7-4b78-4e29-8653-e1ad80dc52f6,10.000,2026-07-20 21:08:04.666107,0,Item,,NULL,NULL,NULL,False,NULL,NULL,NULL,True,False,2026-07-20 21:07:59.248527,2026-07-20 21:07:59.248527,2026-07-23 06:05:44.158742,NULL,NULL
org-30b00f49-c9a7-462a-bc5f-c113f4fb8a77,Square Trade Show,loc-c896e94d-f5ee-4466-b4c0-399bbc287fb0,Square Trade,itm-c74f4362-cbda-48cc-920c-970b4bcbcb85,Full Cajun Tater Tots,catlg-c3c0ccc7-4b78-4e29-8653-e1ad80dc52f6,5.190,2026-07-20 21:08:04.452792,0,Item,,NULL,NULL,NULL,False,NULL,NULL,NULL,True,False,2026-07-20 21:07:59.248527,2026-07-20 21:07:59.248527,2026-07-23 06:05:44.158742,NULL,NULL
org-30b00f49-c9a7-462a-bc5f-c113f4fb8a77,Square Trade Show,loc-c896e94d-f5ee-4466-b4c0-399bbc287fb0,Square Trade,itm-2d484a79-2a2b-48a2-a29b-afefc3d0a0cb,Bottled Soda 20oz,catlg-c3c0ccc7-4b78-4e29-8653-e1ad80dc52f6,2.600,2026-07-20 21:08:04.910939,0,Item,,NULL,NULL,NULL,False,NULL,NULL,NULL,True,False,2026-07-20 21:07:59.248527,2026-07-20 21:07:59.248527,2026-07-23 06:05:44.158742,NULL,NULL
org-30b00f49-c9a7-462a-bc5f-c113f4fb8a77,Square Trade Show,loc-c896e94d-f5ee-4466-b4c0-399bbc287fb0,Square Trade,itm-10116f27-dd88-4129-93a3-e45f6873a9e8,Craft Your Own: Impossible,catlg-c3c0ccc7-4b78-4e29-8653-e1ad80dc52f6,9.990,2026-07-20 21:08:04.309834,0,Item,,NULL,NULL,NULL,False,NULL,NULL,NULL,True,False,2026-07-20 21:07:59.248527,2026-07-20 21:07:59.248527,2026-07-23 06:05:44.158742,NULL,NULL
org-30b00f49-c9a7-462a-bc5f-c113f4fb8a77,Square Trade Show,loc-c896e94d-f5ee-4466-b4c0-399bbc287fb0,Square Trade,itm-9f4f4df3-36aa-4832-afcc-f32817c49a5f,A.1.® Steakhouse,catlg-c3c0ccc7-4b78-4e29-8653-e1ad80dc52f6,7.990,2026-07-20 21:08:04.317892,0,Item,,NULL,NULL,NULL,False,NULL,NULL,NULL,True,False,2026-07-20 21:07:59.248527,2026-07-20 21:07:59.248527,2026-07-23 06:05:44.158742,NULL,NULL
org-30b00f49-c9a7-462a-bc5f-c113f4fb8a77,Square Trade Show,loc-c896e94d-f5ee-4466-b4c0-399bbc287fb0,Square Trade,itm-6cdad303-e31d-4acb-9cbc-2028d02b8567,Chocolate Heaven,catlg-c3c0ccc7-4b78-4e29-8653-e1ad80dc52f6,7.000,2026-07-20 21:08:04.854287,0,Item,,NULL,NULL,NULL,False,NULL,NULL,NULL,True,False,2026-07-20 21:07:59.248527,2026-07-20 21:07:59.248527,2026-07-23 06:05:44.158742,NULL,NULL
